data_pobrania,kod,nazwa,upvotes,mentions,rank,mention_change,source_url
2026-08-04T00:13:51+02:00,MU,Micron Technology,2342,571,1,496,https://feargreedmeter.com/top-100-most-popular-meme-stocks-today
2026-08-04T00:13:51+02:00,SPY,SPDR S&P 500 ETF Trust,3715,439,2,345,https://feargreedmeter.com/top-100-most-popular-meme-stocks-today
2026-08-04T00:13:51+02:00,MSFT,Microsoft,1094,228,3,198,https://feargreedmeter.com/top-100-most-popular-meme-stocks-today
2026-08-04T00:13:51+02:00,PLTR,Palantir,1008,218,4,204,https://feargreedmeter.com/top-100-most-popular-meme-stocks-today
2026-08-04T00:13:51+02:00,SNDK,Sandisk,558,202,5,160,https://feargreedmeter.com/top-100-most-popular-meme-stocks-today
2026-08-04T00:13:51+02:00,SPCX,SpaceX,503,172,6,126,https://feargreedmeter.com/top-100-most-popular-meme-stocks-today
2026-08-04T00:13:51+02:00,NVDA,NVIDIA,354,119,7,77,https://feargreedmeter.com/top-100-most-popular-meme-stocks-today
2026-08-04T00:13:51+02:00,RDDT,Reddit,466,118,8,83,https://feargreedmeter.com/top-100-most-popular-meme-stocks-today
2026-08-04T00:13:51+02:00,AMD,AMD,458,114,9,89,https://feargreedmeter.com/top-100-most-popular-meme-stocks-today
2026-08-04T00:13:51+02:00,QQQ,Invesco QQQ ETF,262,113,10,79,https://feargreedmeter.com/top-100-most-popular-meme-stocks-today
2026-08-04T00:13:51+02:00,META,Meta Platforms (Facebook),617,101,11,89,https://feargreedmeter.com/top-100-most-popular-meme-stocks-today
2026-08-04T00:13:51+02:00,AAPL,Apple,275,88,12,73,https://feargreedmeter.com/top-100-most-popular-meme-stocks-today
2026-08-04T00:13:51+02:00,NBIS,Nebius Group,164,71,13,62,https://feargreedmeter.com/top-100-most-popular-meme-stocks-today
2026-08-04T00:13:51+02:00,GOOGL,Alphabet (Google),180,67,14,61,https://feargreedmeter.com/top-100-most-popular-meme-stocks-today
2026-08-04T00:13:51+02:00,DTE,DTE Energy,1087,65,15,33,https://feargreedmeter.com/top-100-most-popular-meme-stocks-today
2026-08-04T00:13:51+02:00,SOXL,Direxion Shares ETF Trust - Direxion Daily Semiconductor Bull 3X Share,169,63,16,48,https://feargreedmeter.com/top-100-most-popular-meme-stocks-today
2026-08-04T00:13:51+02:00,AMZN,Amazon,273,61,17,35,https://feargreedmeter.com/top-100-most-popular-meme-stocks-today
2026-08-04T00:13:51+02:00,SNAP,Snap,393,54,18,53,https://feargreedmeter.com/top-100-most-popular-meme-stocks-today
2026-08-04T00:13:51+02:00,CD,Chindata,142,51,19,50,https://feargreedmeter.com/top-100-most-popular-meme-stocks-today
2026-08-04T00:13:51+02:00,GOOG,Alphabet (Google),464,48,20,35,https://feargreedmeter.com/top-100-most-popular-meme-stocks-today
2026-08-04T00:13:51+02:00,VOO,Vanguard S&P 500 ETF,139,38,21,25,https://feargreedmeter.com/top-100-most-popular-meme-stocks-today
2026-08-04T00:13:51+02:00,TSLA,Tesla,162,33,22,21,https://feargreedmeter.com/top-100-most-popular-meme-stocks-today
2026-08-04T00:13:51+02:00,IP,International Paper,171,28,23,23,https://feargreedmeter.com/top-100-most-popular-meme-stocks-today
2026-08-04T00:13:51+02:00,NOW,ServiceNow,55,24,24,17,https://feargreedmeter.com/top-100-most-popular-meme-stocks-today
2026-08-04T00:13:51+02:00,RKLB,Rocket Lab USA,170,24,25,15,https://feargreedmeter.com/top-100-most-popular-meme-stocks-today
2026-08-04T00:13:51+02:00,ORCL,Oracle,41,21,26,15,https://feargreedmeter.com/top-100-most-popular-meme-stocks-today
2026-08-04T00:13:51+02:00,IT,Gartner,68,21,27,10,https://feargreedmeter.com/top-100-most-popular-meme-stocks-today
2026-08-04T00:13:51+02:00,API,Agora.io,91,21,28,-6,https://feargreedmeter.com/top-100-most-popular-meme-stocks-today
2026-08-04T00:13:51+02:00,ON,ON Semiconductor,74,19,29,18,https://feargreedmeter.com/top-100-most-popular-meme-stocks-today
2026-08-04T00:13:51+02:00,USO,United States Commodity Funds LLC - United States Oil Fund,36,19,30,12,https://feargreedmeter.com/top-100-most-popular-meme-stocks-today
2026-08-04T00:13:51+02:00,RR,Richtech Robotics,97,19,31,-1,https://feargreedmeter.com/top-100-most-popular-meme-stocks-today
2026-08-04T00:13:51+02:00,SOXX,BlackRock Institutional Trust Company N.A. - BTC iShares PHLX Semicond,43,18,32,15,https://feargreedmeter.com/top-100-most-popular-meme-stocks-today
2026-08-04T00:13:51+02:00,SGOV,iShares Trust - iShares 0-3 Month Treasury Bond ETF,110,18,33,12,https://feargreedmeter.com/top-100-most-popular-meme-stocks-today
2026-08-04T00:13:51+02:00,ASTS,AST SpaceMobile,111,18,34,12,https://feargreedmeter.com/top-100-most-popular-meme-stocks-today
2026-08-04T00:13:51+02:00,AAOI,Applied Optoelectronics,175,18,35,17,https://feargreedmeter.com/top-100-most-popular-meme-stocks-today
2026-08-04T00:13:51+02:00,WDC,Western Digital,40,17,36,16,https://feargreedmeter.com/top-100-most-popular-meme-stocks-today
2026-08-04T00:13:51+02:00,HOOD,Robinhood,41,17,37,15,https://feargreedmeter.com/top-100-most-popular-meme-stocks-today
2026-08-04T00:13:51+02:00,CC,Chemours,881,16,38,10,https://feargreedmeter.com/top-100-most-popular-meme-stocks-today
2026-08-04T00:13:51+02:00,AM,Antero Midstream,59,16,39,8,https://feargreedmeter.com/top-100-most-popular-meme-stocks-today
2026-08-04T00:13:51+02:00,NFLX,Netflix,24,15,40,11,https://feargreedmeter.com/top-100-most-popular-meme-stocks-today
2026-08-04T00:13:51+02:00,ALL,Allstate,47,15,41,10,https://feargreedmeter.com/top-100-most-popular-meme-stocks-today
2026-08-04T00:13:51+02:00,BE,Bloom Energy,27,15,42,10,https://feargreedmeter.com/top-100-most-popular-meme-stocks-today
2026-08-04T00:13:51+02:00,ES,Eversource Energy,51,14,43,7,https://feargreedmeter.com/top-100-most-popular-meme-stocks-today
2026-08-04T00:13:51+02:00,INTC,Intel,28,13,44,12,https://feargreedmeter.com/top-100-most-popular-meme-stocks-today
2026-08-04T00:13:51+02:00,WEN,Wendy’s Company,65,12,45,8,https://feargreedmeter.com/top-100-most-popular-meme-stocks-today
2026-08-04T00:13:51+02:00,SMH,VanEck Vectors ETF Trust - VanEck Vectors Semiconductor ETF,12,12,46,11,https://feargreedmeter.com/top-100-most-popular-meme-stocks-today
2026-08-04T00:13:51+02:00,YOU,CLEAR Secure,20,12,47,-3,https://feargreedmeter.com/top-100-most-popular-meme-stocks-today
2026-08-04T00:13:51+02:00,CRWV,CoreWeave,19,12,48,11,https://feargreedmeter.com/top-100-most-popular-meme-stocks-today
2026-08-04T00:13:51+02:00,AVGO,Broadcom,40,11,49,10,https://feargreedmeter.com/top-100-most-popular-meme-stocks-today
2026-08-04T00:13:51+02:00,FOR,Forestar Group,77,11,50,7,https://feargreedmeter.com/top-100-most-popular-meme-stocks-today
2026-08-04T00:13:51+02:00,IONQ,IonQ,15,11,51,-1,https://feargreedmeter.com/top-100-most-popular-meme-stocks-today
2026-08-04T00:13:51+02:00,MRVL,Marvell Technology Group,30,10,52,9,https://feargreedmeter.com/top-100-most-popular-meme-stocks-today
2026-08-04T00:13:51+02:00,ET,Energy Transfer Partners,60,10,53,7,https://feargreedmeter.com/top-100-most-popular-meme-stocks-today
2026-08-04T00:13:51+02:00,SOXS,Direxion Shares ETF Trust - Direxion Daily Semiconductor Bear 3X Share,15,10,54,6,https://feargreedmeter.com/top-100-most-popular-meme-stocks-today
2026-08-04T00:13:51+02:00,FCF,First Commonwealth Financial Corp,33,10,55,7,https://feargreedmeter.com/top-100-most-popular-meme-stocks-today
2026-08-04T00:13:51+02:00,GRND,Grindr,26,10,56,5,https://feargreedmeter.com/top-100-most-popular-meme-stocks-today
2026-08-04T00:13:51+02:00,IQ,iQIYI,42,8,57,1,https://feargreedmeter.com/top-100-most-popular-meme-stocks-today
2026-08-04T00:13:51+02:00,CELH,Celsius Holdings,21,8,58,8,https://feargreedmeter.com/top-100-most-popular-meme-stocks-today
2026-08-04T00:13:51+02:00,TQQQ,ProShares Trust - ProShares UltraPro QQQ,15,8,59,5,https://feargreedmeter.com/top-100-most-popular-meme-stocks-today
2026-08-04T00:13:51+02:00,AMC,AMC Entertainment,11,8,60,4,https://feargreedmeter.com/top-100-most-popular-meme-stocks-today
2026-08-04T00:13:51+02:00,OPEN,Opendoor,50,8,61,7,https://feargreedmeter.com/top-100-most-popular-meme-stocks-today
2026-08-04T00:13:51+02:00,DFNS,IronNet,12,8,62,8,https://feargreedmeter.com/top-100-most-popular-meme-stocks-today
2026-08-04T00:13:51+02:00,LINK,Interlink Electronics,9,8,63,7,https://feargreedmeter.com/top-100-most-popular-meme-stocks-today
2026-08-04T00:13:51+02:00,DJT,Trump Media & Technology Group,35,8,64,4,https://feargreedmeter.com/top-100-most-popular-meme-stocks-today
2026-08-04T00:13:51+02:00,TSM,TSMC,15,7,65,6,https://feargreedmeter.com/top-100-most-popular-meme-stocks-today
2026-08-04T00:13:51+02:00,LLY,Eli Lilly,16,7,66,6,https://feargreedmeter.com/top-100-most-popular-meme-stocks-today
2026-08-04T00:13:51+02:00,CAT,Caterpillar,20,7,67,5,https://feargreedmeter.com/top-100-most-popular-meme-stocks-today
2026-08-04T00:13:51+02:00,SO,Southern Company,18,7,68,5,https://feargreedmeter.com/top-100-most-popular-meme-stocks-today
2026-08-04T00:13:51+02:00,ASML,ASML,20,7,69,5,https://feargreedmeter.com/top-100-most-popular-meme-stocks-today
2026-08-04T00:13:51+02:00,IBKR,Interactive Brokers,13,7,70,0,https://feargreedmeter.com/top-100-most-popular-meme-stocks-today
2026-08-04T00:13:51+02:00,HBM,Hudbay Minerals,-8,7,71,6,https://feargreedmeter.com/top-100-most-popular-meme-stocks-today
2026-08-04T00:13:51+02:00,IMAX,Imax Corp,61,7,72,6,https://feargreedmeter.com/top-100-most-popular-meme-stocks-today
2026-08-04T00:13:51+02:00,GLP,Global Partners LP,51,7,73,4,https://feargreedmeter.com/top-100-most-popular-meme-stocks-today
2026-08-04T00:13:51+02:00,EU,enCore Energy,18,7,74,-8,https://feargreedmeter.com/top-100-most-popular-meme-stocks-today
2026-08-04T00:13:51+02:00,NVO,Novo Nordisk,19,6,75,5,https://feargreedmeter.com/top-100-most-popular-meme-stocks-today
2026-08-04T00:13:51+02:00,CVX,Chevron,27,6,76,5,https://feargreedmeter.com/top-100-most-popular-meme-stocks-today
2026-08-04T00:13:51+02:00,OR,Osisko Gold Royalties,9,6,77,4,https://feargreedmeter.com/top-100-most-popular-meme-stocks-today
2026-08-04T00:13:51+02:00,AGI,Alamos Gold,11,6,78,4,https://feargreedmeter.com/top-100-most-popular-meme-stocks-today
2026-08-04T00:13:51+02:00,IG,Principal Exchange-Traded Funds - Principal Investment Grade Corporate,26,6,79,5,https://feargreedmeter.com/top-100-most-popular-meme-stocks-today
2026-08-04T00:13:51+02:00,CAKE,The Cheesecake Factory,197,6,80,-4,https://feargreedmeter.com/top-100-most-popular-meme-stocks-today
2026-08-04T00:13:51+02:00,MSTR,MicroStrategy,20,6,81,1,https://feargreedmeter.com/top-100-most-popular-meme-stocks-today
2026-08-04T00:13:51+02:00,DNUT,Krispy Kreme,29,6,82,6,https://feargreedmeter.com/top-100-most-popular-meme-stocks-today
2026-08-04T00:13:51+02:00,IREN,Iris Energy,15,6,83,4,https://feargreedmeter.com/top-100-most-popular-meme-stocks-today
2026-08-04T00:13:51+02:00,ONDS,Ondas Holdings,15,6,84,5,https://feargreedmeter.com/top-100-most-popular-meme-stocks-today
2026-08-04T00:13:51+02:00,MA,Mastercard,11,5,85,0,https://feargreedmeter.com/top-100-most-popular-meme-stocks-today
2026-08-04T00:13:51+02:00,WU,Western Union,6,5,86,0,https://feargreedmeter.com/top-100-most-popular-meme-stocks-today
2026-08-04T00:13:51+02:00,BABA,Alibaba,9,5,87,4,https://feargreedmeter.com/top-100-most-popular-meme-stocks-today
2026-08-04T00:13:51+02:00,VRRM,Verra Mobility,7,5,88,4,https://feargreedmeter.com/top-100-most-popular-meme-stocks-today
2026-08-04T00:13:51+02:00,REAL,The RealReal,52,5,89,5,https://feargreedmeter.com/top-100-most-popular-meme-stocks-today
2026-08-04T00:13:51+02:00,SMCI,Supermicro,7,5,90,2,https://feargreedmeter.com/top-100-most-popular-meme-stocks-today
2026-08-04T00:13:51+02:00,FSLR,First Solar,13,5,91,5,https://feargreedmeter.com/top-100-most-popular-meme-stocks-today
2026-08-04T00:13:51+02:00,UI,Ubiquiti,11,5,92,0,https://feargreedmeter.com/top-100-most-popular-meme-stocks-today
2026-08-04T00:13:51+02:00,KORU,Direxion Shares ETF Trust - Direxion Daily South Korea Bull 3X Shares,10,5,93,3,https://feargreedmeter.com/top-100-most-popular-meme-stocks-today
2026-08-04T00:13:51+02:00,SCHD,Schwab Strategic Trust - CSIM Schwab US Dividend Equity ETF,29,5,94,4,https://feargreedmeter.com/top-100-most-popular-meme-stocks-today
2026-08-04T00:13:51+02:00,EWY,BlackRock Institutional Trust Company N.A. - iShares MSCI South Korea,13,5,95,4,https://feargreedmeter.com/top-100-most-popular-meme-stocks-today
2026-08-04T00:13:51+02:00,MAGA,ETF Series Solutions Trust - Point Bridge GOP Stock Tracker ETF,111,5,96,2,https://feargreedmeter.com/top-100-most-popular-meme-stocks-today
2026-08-04T00:13:51+02:00,MVIS,Microvision,38,5,97,5,https://feargreedmeter.com/top-100-most-popular-meme-stocks-today
2026-08-04T00:13:51+02:00,PUMP,ProPetro,15,5,98,4,https://feargreedmeter.com/top-100-most-popular-meme-stocks-today
2026-08-04T00:13:51+02:00,AXTI,AXT Inc,7,5,99,3,https://feargreedmeter.com/top-100-most-popular-meme-stocks-today
2026-08-04T00:13:51+02:00,STRL,Sterling Construction,13,5,100,4,https://feargreedmeter.com/top-100-most-popular-meme-stocks-today
2026-08-04T01:29:21+02:00,MU,Micron Technology,2345,573,1,492,https://feargreedmeter.com/top-100-most-popular-meme-stocks-today
2026-08-04T01:29:21+02:00,SPY,SPDR S&P 500 ETF Trust,3930,448,2,341,https://feargreedmeter.com/top-100-most-popular-meme-stocks-today
2026-08-04T01:29:21+02:00,PLTR,Palantir,1250,252,3,237,https://feargreedmeter.com/top-100-most-popular-meme-stocks-today
2026-08-04T01:29:21+02:00,MSFT,Microsoft,1135,237,4,206,https://feargreedmeter.com/top-100-most-popular-meme-stocks-today
2026-08-04T01:29:21+02:00,SNDK,Sandisk,605,213,5,171,https://feargreedmeter.com/top-100-most-popular-meme-stocks-today
2026-08-04T01:29:21+02:00,SPCX,SpaceX,513,176,6,130,https://feargreedmeter.com/top-100-most-popular-meme-stocks-today
2026-08-04T01:29:21+02:00,RDDT,Reddit,471,125,7,90,https://feargreedmeter.com/top-100-most-popular-meme-stocks-today
2026-08-04T01:29:21+02:00,NVDA,NVIDIA,370,120,8,77,https://feargreedmeter.com/top-100-most-popular-meme-stocks-today
2026-08-04T01:29:21+02:00,QQQ,Invesco QQQ ETF,295,116,9,76,https://feargreedmeter.com/top-100-most-popular-meme-stocks-today
2026-08-04T01:29:21+02:00,AMD,AMD,325,115,10,87,https://feargreedmeter.com/top-100-most-popular-meme-stocks-today
2026-08-04T01:29:21+02:00,META,Meta Platforms (Facebook),657,100,11,85,https://feargreedmeter.com/top-100-most-popular-meme-stocks-today
2026-08-04T01:29:21+02:00,AAPL,Apple,286,91,12,72,https://feargreedmeter.com/top-100-most-popular-meme-stocks-today
2026-08-04T01:29:21+02:00,NBIS,Nebius Group,190,73,13,64,https://feargreedmeter.com/top-100-most-popular-meme-stocks-today
2026-08-04T01:29:21+02:00,DTE,DTE Energy,1610,73,14,47,https://feargreedmeter.com/top-100-most-popular-meme-stocks-today
2026-08-04T01:29:21+02:00,GOOGL,Alphabet (Google),191,70,15,64,https://feargreedmeter.com/top-100-most-popular-meme-stocks-today
2026-08-04T01:29:21+02:00,AMZN,Amazon,293,68,16,43,https://feargreedmeter.com/top-100-most-popular-meme-stocks-today
2026-08-04T01:29:21+02:00,SOXL,Direxion Shares ETF Trust - Direxion Daily Semiconductor Bull 3X Share,162,63,17,44,https://feargreedmeter.com/top-100-most-popular-meme-stocks-today
2026-08-04T01:29:21+02:00,SNAP,Snap,398,55,18,54,https://feargreedmeter.com/top-100-most-popular-meme-stocks-today
2026-08-04T01:29:21+02:00,GOOG,Alphabet (Google),485,49,19,35,https://feargreedmeter.com/top-100-most-popular-meme-stocks-today
2026-08-04T01:29:21+02:00,CD,Chindata,129,48,20,47,https://feargreedmeter.com/top-100-most-popular-meme-stocks-today
2026-08-04T01:29:21+02:00,VOO,Vanguard S&P 500 ETF,90,36,21,22,https://feargreedmeter.com/top-100-most-popular-meme-stocks-today
2026-08-04T01:29:21+02:00,TSLA,Tesla,183,33,22,24,https://feargreedmeter.com/top-100-most-popular-meme-stocks-today
2026-08-04T01:29:21+02:00,RKLB,Rocket Lab USA,182,27,23,17,https://feargreedmeter.com/top-100-most-popular-meme-stocks-today
2026-08-04T01:29:21+02:00,NOW,ServiceNow,53,24,24,17,https://feargreedmeter.com/top-100-most-popular-meme-stocks-today
2026-08-04T01:29:21+02:00,API,Agora.io,100,23,25,-3,https://feargreedmeter.com/top-100-most-popular-meme-stocks-today
2026-08-04T01:29:21+02:00,ASTS,AST SpaceMobile,135,23,26,17,https://feargreedmeter.com/top-100-most-popular-meme-stocks-today
2026-08-04T01:29:21+02:00,ORCL,Oracle,62,23,27,17,https://feargreedmeter.com/top-100-most-popular-meme-stocks-today
2026-08-04T01:29:21+02:00,IP,International Paper,113,22,28,18,https://feargreedmeter.com/top-100-most-popular-meme-stocks-today
2026-08-04T01:29:21+02:00,IT,Gartner,64,21,29,10,https://feargreedmeter.com/top-100-most-popular-meme-stocks-today
2026-08-04T01:29:21+02:00,AAOI,Applied Optoelectronics,34,20,30,19,https://feargreedmeter.com/top-100-most-popular-meme-stocks-today
2026-08-04T01:29:21+02:00,RR,Richtech Robotics,118,19,31,-2,https://feargreedmeter.com/top-100-most-popular-meme-stocks-today
2026-08-04T01:29:21+02:00,SOXX,BlackRock Institutional Trust Company N.A. - BTC iShares PHLX Semicond,46,19,32,16,https://feargreedmeter.com/top-100-most-popular-meme-stocks-today
2026-08-04T01:29:21+02:00,USO,United States Commodity Funds LLC - United States Oil Fund,36,19,33,13,https://feargreedmeter.com/top-100-most-popular-meme-stocks-today
2026-08-04T01:29:21+02:00,AM,Antero Midstream,61,18,34,10,https://feargreedmeter.com/top-100-most-popular-meme-stocks-today
2026-08-04T01:29:21+02:00,ON,ON Semiconductor,76,18,35,17,https://feargreedmeter.com/top-100-most-popular-meme-stocks-today
2026-08-04T01:29:21+02:00,WDC,Western Digital,42,18,36,17,https://feargreedmeter.com/top-100-most-popular-meme-stocks-today
2026-08-04T01:29:21+02:00,SGOV,iShares Trust - iShares 0-3 Month Treasury Bond ETF,102,17,37,11,https://feargreedmeter.com/top-100-most-popular-meme-stocks-today
2026-08-04T01:29:21+02:00,BE,Bloom Energy,35,17,38,11,https://feargreedmeter.com/top-100-most-popular-meme-stocks-today
2026-08-04T01:29:21+02:00,HOOD,Robinhood,39,16,39,14,https://feargreedmeter.com/top-100-most-popular-meme-stocks-today
2026-08-04T01:29:21+02:00,CC,Chemours,1399,16,40,8,https://feargreedmeter.com/top-100-most-popular-meme-stocks-today
2026-08-04T01:29:21+02:00,ALL,Allstate,54,16,41,11,https://feargreedmeter.com/top-100-most-popular-meme-stocks-today
2026-08-04T01:29:21+02:00,ES,Eversource Energy,63,15,42,9,https://feargreedmeter.com/top-100-most-popular-meme-stocks-today
2026-08-04T01:29:21+02:00,SMH,VanEck Vectors ETF Trust - VanEck Vectors Semiconductor ETF,10,14,43,13,https://feargreedmeter.com/top-100-most-popular-meme-stocks-today
2026-08-04T01:29:21+02:00,NFLX,Netflix,23,14,44,10,https://feargreedmeter.com/top-100-most-popular-meme-stocks-today
2026-08-04T01:29:21+02:00,INTC,Intel,28,14,45,13,https://feargreedmeter.com/top-100-most-popular-meme-stocks-today
2026-08-04T01:29:21+02:00,FOR,Forestar Group,90,12,46,8,https://feargreedmeter.com/top-100-most-popular-meme-stocks-today
2026-08-04T01:29:21+02:00,YOU,CLEAR Secure,19,12,47,-2,https://feargreedmeter.com/top-100-most-popular-meme-stocks-today
2026-08-04T01:29:21+02:00,AMC,AMC Entertainment,25,12,48,9,https://feargreedmeter.com/top-100-most-popular-meme-stocks-today
2026-08-04T01:29:21+02:00,WEN,Wendy’s Company,105,12,49,8,https://feargreedmeter.com/top-100-most-popular-meme-stocks-today
2026-08-04T01:29:21+02:00,AVGO,Broadcom,41,12,50,11,https://feargreedmeter.com/top-100-most-popular-meme-stocks-today
2026-08-04T01:29:21+02:00,CRWV,CoreWeave,18,11,51,10,https://feargreedmeter.com/top-100-most-popular-meme-stocks-today
2026-08-04T01:29:21+02:00,IONQ,IonQ,15,11,52,-1,https://feargreedmeter.com/top-100-most-popular-meme-stocks-today
2026-08-04T01:29:21+02:00,MRVL,Marvell Technology Group,33,11,53,10,https://feargreedmeter.com/top-100-most-popular-meme-stocks-today
2026-08-04T01:29:21+02:00,GRND,Grindr,27,10,54,5,https://feargreedmeter.com/top-100-most-popular-meme-stocks-today
2026-08-04T01:29:21+02:00,SOFI,SoFi,51,10,55,9,https://feargreedmeter.com/top-100-most-popular-meme-stocks-today
2026-08-04T01:29:21+02:00,FCF,First Commonwealth Financial Corp,33,10,56,8,https://feargreedmeter.com/top-100-most-popular-meme-stocks-today
2026-08-04T01:29:21+02:00,SOXS,Direxion Shares ETF Trust - Direxion Daily Semiconductor Bear 3X Share,15,10,57,6,https://feargreedmeter.com/top-100-most-popular-meme-stocks-today
2026-08-04T01:29:21+02:00,ET,Energy Transfer Partners,59,10,58,6,https://feargreedmeter.com/top-100-most-popular-meme-stocks-today
2026-08-04T01:29:21+02:00,LINK,Interlink Electronics,10,9,59,8,https://feargreedmeter.com/top-100-most-popular-meme-stocks-today
2026-08-04T01:29:21+02:00,EU,enCore Energy,24,9,60,-6,https://feargreedmeter.com/top-100-most-popular-meme-stocks-today
2026-08-04T01:29:21+02:00,DFNS,IronNet,13,9,61,9,https://feargreedmeter.com/top-100-most-popular-meme-stocks-today
2026-08-04T01:29:21+02:00,TQQQ,ProShares Trust - ProShares UltraPro QQQ,15,8,62,5,https://feargreedmeter.com/top-100-most-popular-meme-stocks-today
2026-08-04T01:29:21+02:00,IQ,iQIYI,39,8,63,1,https://feargreedmeter.com/top-100-most-popular-meme-stocks-today
2026-08-04T01:29:21+02:00,CAT,Caterpillar,21,8,64,7,https://feargreedmeter.com/top-100-most-popular-meme-stocks-today
2026-08-04T01:29:21+02:00,TSM,TSMC,15,8,65,7,https://feargreedmeter.com/top-100-most-popular-meme-stocks-today
2026-08-04T01:29:21+02:00,DJT,Trump Media & Technology Group,31,7,66,1,https://feargreedmeter.com/top-100-most-popular-meme-stocks-today
2026-08-04T01:29:21+02:00,GLP,Global Partners LP,51,7,67,4,https://feargreedmeter.com/top-100-most-popular-meme-stocks-today
2026-08-04T01:29:21+02:00,IMAX,Imax Corp,61,7,68,6,https://feargreedmeter.com/top-100-most-popular-meme-stocks-today
2026-08-04T01:29:21+02:00,MSTR,MicroStrategy,19,7,69,2,https://feargreedmeter.com/top-100-most-popular-meme-stocks-today
2026-08-04T01:29:21+02:00,HBM,Hudbay Minerals,-5,7,70,6,https://feargreedmeter.com/top-100-most-popular-meme-stocks-today
2026-08-04T01:29:21+02:00,UI,Ubiquiti,14,7,71,3,https://feargreedmeter.com/top-100-most-popular-meme-stocks-today
2026-08-04T01:29:21+02:00,IBKR,Interactive Brokers,11,7,72,-1,https://feargreedmeter.com/top-100-most-popular-meme-stocks-today
2026-08-04T01:29:21+02:00,CELH,Celsius Holdings,18,7,73,6,https://feargreedmeter.com/top-100-most-popular-meme-stocks-today
2026-08-04T01:29:21+02:00,ASML,ASML,20,7,74,5,https://feargreedmeter.com/top-100-most-popular-meme-stocks-today
2026-08-04T01:29:21+02:00,SO,Southern Company,18,7,75,5,https://feargreedmeter.com/top-100-most-popular-meme-stocks-today
2026-08-04T01:29:21+02:00,ONDS,Ondas Holdings,14,6,76,5,https://feargreedmeter.com/top-100-most-popular-meme-stocks-today
2026-08-04T01:29:21+02:00,IREN,Iris Energy,17,6,77,2,https://feargreedmeter.com/top-100-most-popular-meme-stocks-today
2026-08-04T01:29:21+02:00,DNUT,Krispy Kreme,30,6,78,6,https://feargreedmeter.com/top-100-most-popular-meme-stocks-today
2026-08-04T01:29:21+02:00,OPEN,Opendoor,44,6,79,4,https://feargreedmeter.com/top-100-most-popular-meme-stocks-today
2026-08-04T01:29:21+02:00,PUMP,ProPetro,17,6,80,5,https://feargreedmeter.com/top-100-most-popular-meme-stocks-today
2026-08-04T01:29:21+02:00,CAKE,The Cheesecake Factory,205,6,81,-4,https://feargreedmeter.com/top-100-most-popular-meme-stocks-today
2026-08-04T01:29:21+02:00,IG,Principal Exchange-Traded Funds - Principal Investment Grade Corporate,30,6,82,4,https://feargreedmeter.com/top-100-most-popular-meme-stocks-today
2026-08-04T01:29:21+02:00,EWY,BlackRock Institutional Trust Company N.A. - iShares MSCI South Korea,16,6,83,5,https://feargreedmeter.com/top-100-most-popular-meme-stocks-today
2026-08-04T01:29:21+02:00,AGI,Alamos Gold,10,6,84,4,https://feargreedmeter.com/top-100-most-popular-meme-stocks-today
2026-08-04T01:29:21+02:00,REAL,The RealReal,63,6,85,6,https://feargreedmeter.com/top-100-most-popular-meme-stocks-today
2026-08-04T01:29:21+02:00,CVX,Chevron,27,6,86,5,https://feargreedmeter.com/top-100-most-popular-meme-stocks-today
2026-08-04T01:29:21+02:00,LLY,Eli Lilly,14,6,87,5,https://feargreedmeter.com/top-100-most-popular-meme-stocks-today
2026-08-04T01:29:21+02:00,NVO,Novo Nordisk,19,6,88,5,https://feargreedmeter.com/top-100-most-popular-meme-stocks-today
2026-08-04T01:29:21+02:00,RITR,Reitar Logtech Holdings,12,5,89,5,https://feargreedmeter.com/top-100-most-popular-meme-stocks-today
2026-08-04T01:29:21+02:00,APP,AppLovin,43,5,90,4,https://feargreedmeter.com/top-100-most-popular-meme-stocks-today
2026-08-04T01:29:21+02:00,AXTI,AXT Inc,9,5,91,3,https://feargreedmeter.com/top-100-most-popular-meme-stocks-today
2026-08-04T01:29:21+02:00,MVIS,Microvision,42,5,92,5,https://feargreedmeter.com/top-100-most-popular-meme-stocks-today
2026-08-04T01:29:21+02:00,IWM,BlackRock Institutional Trust Company N.A. - BTC iShares Russell 2000,7,5,93,4,https://feargreedmeter.com/top-100-most-popular-meme-stocks-today
2026-08-04T01:29:21+02:00,TLT,BlackRock Institutional Trust Company N.A. - BTC iShares 20+ Year Trea,5,5,94,0,https://feargreedmeter.com/top-100-most-popular-meme-stocks-today
2026-08-04T01:29:21+02:00,MAGA,ETF Series Solutions Trust - Point Bridge GOP Stock Tracker ETF,117,5,95,2,https://feargreedmeter.com/top-100-most-popular-meme-stocks-today
2026-08-04T01:29:21+02:00,SCHD,Schwab Strategic Trust - CSIM Schwab US Dividend Equity ETF,7,5,96,4,https://feargreedmeter.com/top-100-most-popular-meme-stocks-today
2026-08-04T01:29:21+02:00,JUST,Goldman Sachs ETF Trust - Goldman Sachs Just Us Large Cap Equity ETF,16,5,97,4,https://feargreedmeter.com/top-100-most-popular-meme-stocks-today
2026-08-04T01:29:21+02:00,KORU,Direxion Shares ETF Trust - Direxion Daily South Korea Bull 3X Shares,10,5,98,3,https://feargreedmeter.com/top-100-most-popular-meme-stocks-today
2026-08-04T01:29:21+02:00,OR,Osisko Gold Royalties,8,5,99,1,https://feargreedmeter.com/top-100-most-popular-meme-stocks-today
2026-08-04T01:29:21+02:00,FSLR,First Solar,13,5,100,5,https://feargreedmeter.com/top-100-most-popular-meme-stocks-today
2026-08-04T03:02:46+02:00,MU,Micron Technology,2443,582,1,485,https://feargreedmeter.com/top-100-most-popular-meme-stocks-today
2026-08-04T03:02:46+02:00,SPY,SPDR S&P 500 ETF Trust,4253,472,2,362,https://feargreedmeter.com/top-100-most-popular-meme-stocks-today
2026-08-04T03:02:46+02:00,PLTR,Palantir,1490,272,3,259,https://feargreedmeter.com/top-100-most-popular-meme-stocks-today
2026-08-04T03:02:46+02:00,MSFT,Microsoft,1122,236,4,201,https://feargreedmeter.com/top-100-most-popular-meme-stocks-today
2026-08-04T03:02:46+02:00,SNDK,Sandisk,603,223,5,174,https://feargreedmeter.com/top-100-most-popular-meme-stocks-today
2026-08-04T03:02:46+02:00,SPCX,SpaceX,518,176,6,126,https://feargreedmeter.com/top-100-most-popular-meme-stocks-today
2026-08-04T03:02:46+02:00,AMD,AMD,349,123,7,89,https://feargreedmeter.com/top-100-most-popular-meme-stocks-today
2026-08-04T03:02:46+02:00,RDDT,Reddit,447,120,8,81,https://feargreedmeter.com/top-100-most-popular-meme-stocks-today
2026-08-04T03:02:46+02:00,NVDA,NVIDIA,390,118,9,76,https://feargreedmeter.com/top-100-most-popular-meme-stocks-today
2026-08-04T03:02:46+02:00,QQQ,Invesco QQQ ETF,296,117,10,78,https://feargreedmeter.com/top-100-most-popular-meme-stocks-today
2026-08-04T03:02:46+02:00,META,Meta Platforms (Facebook),662,101,11,83,https://feargreedmeter.com/top-100-most-popular-meme-stocks-today
2026-08-04T03:02:46+02:00,AAPL,Apple,291,92,12,73,https://feargreedmeter.com/top-100-most-popular-meme-stocks-today
2026-08-04T03:02:46+02:00,DTE,DTE Energy,2080,76,13,49,https://feargreedmeter.com/top-100-most-popular-meme-stocks-today
2026-08-04T03:02:46+02:00,NBIS,Nebius Group,211,75,14,66,https://feargreedmeter.com/top-100-most-popular-meme-stocks-today
2026-08-04T03:02:46+02:00,GOOGL,Alphabet (Google),183,70,15,64,https://feargreedmeter.com/top-100-most-popular-meme-stocks-today
2026-08-04T03:02:46+02:00,SOXL,Direxion Shares ETF Trust - Direxion Daily Semiconductor Bull 3X Share,165,65,16,40,https://feargreedmeter.com/top-100-most-popular-meme-stocks-today
2026-08-04T03:02:46+02:00,AMZN,Amazon,279,65,17,40,https://feargreedmeter.com/top-100-most-popular-meme-stocks-today
2026-08-04T03:02:46+02:00,SNAP,Snap,385,55,18,53,https://feargreedmeter.com/top-100-most-popular-meme-stocks-today
2026-08-04T03:02:46+02:00,CD,Chindata,135,47,19,43,https://feargreedmeter.com/top-100-most-popular-meme-stocks-today
2026-08-04T03:02:46+02:00,GOOG,Alphabet (Google),472,46,20,32,https://feargreedmeter.com/top-100-most-popular-meme-stocks-today
2026-08-04T03:02:46+02:00,VOO,Vanguard S&P 500 ETF,106,45,21,27,https://feargreedmeter.com/top-100-most-popular-meme-stocks-today
2026-08-04T03:02:46+02:00,TSLA,Tesla,203,33,22,23,https://feargreedmeter.com/top-100-most-popular-meme-stocks-today
2026-08-04T03:02:46+02:00,RKLB,Rocket Lab USA,192,30,23,21,https://feargreedmeter.com/top-100-most-popular-meme-stocks-today
2026-08-04T03:02:46+02:00,ASTS,AST SpaceMobile,161,26,24,20,https://feargreedmeter.com/top-100-most-popular-meme-stocks-today
2026-08-04T03:02:46+02:00,ORCL,Oracle,69,25,25,19,https://feargreedmeter.com/top-100-most-popular-meme-stocks-today
2026-08-04T03:02:46+02:00,NOW,ServiceNow,53,24,26,16,https://feargreedmeter.com/top-100-most-popular-meme-stocks-today
2026-08-04T03:02:46+02:00,SOXX,BlackRock Institutional Trust Company N.A. - BTC iShares PHLX Semicond,50,23,27,20,https://feargreedmeter.com/top-100-most-popular-meme-stocks-today
2026-08-04T03:02:46+02:00,AAOI,Applied Optoelectronics,39,22,28,21,https://feargreedmeter.com/top-100-most-popular-meme-stocks-today
2026-08-04T03:02:46+02:00,AM,Antero Midstream,64,21,29,14,https://feargreedmeter.com/top-100-most-popular-meme-stocks-today
2026-08-04T03:02:46+02:00,IT,Gartner,63,21,30,12,https://feargreedmeter.com/top-100-most-popular-meme-stocks-today
2026-08-04T03:02:46+02:00,API,Agora.io,89,20,31,-8,https://feargreedmeter.com/top-100-most-popular-meme-stocks-today
2026-08-04T03:02:46+02:00,ALL,Allstate,67,20,32,16,https://feargreedmeter.com/top-100-most-popular-meme-stocks-today
2026-08-04T03:02:46+02:00,WDC,Western Digital,47,19,33,18,https://feargreedmeter.com/top-100-most-popular-meme-stocks-today
2026-08-04T03:02:46+02:00,IP,International Paper,81,19,34,8,https://feargreedmeter.com/top-100-most-popular-meme-stocks-today
2026-08-04T03:02:46+02:00,RR,Richtech Robotics,129,18,35,-5,https://feargreedmeter.com/top-100-most-popular-meme-stocks-today
2026-08-04T03:02:46+02:00,SGOV,iShares Trust - iShares 0-3 Month Treasury Bond ETF,111,18,36,11,https://feargreedmeter.com/top-100-most-popular-meme-stocks-today
2026-08-04T03:02:46+02:00,CC,Chemours,1882,18,37,9,https://feargreedmeter.com/top-100-most-popular-meme-stocks-today
2026-08-04T03:02:46+02:00,HOOD,Robinhood,39,17,38,14,https://feargreedmeter.com/top-100-most-popular-meme-stocks-today
2026-08-04T03:02:46+02:00,USO,United States Commodity Funds LLC - United States Oil Fund,31,17,39,11,https://feargreedmeter.com/top-100-most-popular-meme-stocks-today
2026-08-04T03:02:46+02:00,BE,Bloom Energy,37,16,40,9,https://feargreedmeter.com/top-100-most-popular-meme-stocks-today
2026-08-04T03:02:46+02:00,ON,ON Semiconductor,69,16,41,14,https://feargreedmeter.com/top-100-most-popular-meme-stocks-today
2026-08-04T03:02:46+02:00,ES,Eversource Energy,65,15,42,9,https://feargreedmeter.com/top-100-most-popular-meme-stocks-today
2026-08-04T03:02:46+02:00,INTC,Intel,30,15,43,14,https://feargreedmeter.com/top-100-most-popular-meme-stocks-today
2026-08-04T03:02:46+02:00,CRWV,CoreWeave,24,14,44,13,https://feargreedmeter.com/top-100-most-popular-meme-stocks-today
2026-08-04T03:02:46+02:00,NFLX,Netflix,22,14,45,10,https://feargreedmeter.com/top-100-most-popular-meme-stocks-today
2026-08-04T03:02:46+02:00,FOR,Forestar Group,90,13,46,9,https://feargreedmeter.com/top-100-most-popular-meme-stocks-today
2026-08-04T03:02:46+02:00,AMC,AMC Entertainment,203,13,47,12,https://feargreedmeter.com/top-100-most-popular-meme-stocks-today
2026-08-04T03:02:46+02:00,AVGO,Broadcom,42,13,48,12,https://feargreedmeter.com/top-100-most-popular-meme-stocks-today
2026-08-04T03:02:46+02:00,IONQ,IonQ,16,12,49,3,https://feargreedmeter.com/top-100-most-popular-meme-stocks-today
2026-08-04T03:02:46+02:00,YOU,CLEAR Secure,19,12,50,1,https://feargreedmeter.com/top-100-most-popular-meme-stocks-today
2026-08-04T03:02:46+02:00,SMH,VanEck Vectors ETF Trust - VanEck Vectors Semiconductor ETF,6,12,51,10,https://feargreedmeter.com/top-100-most-popular-meme-stocks-today
2026-08-04T03:02:46+02:00,MRVL,Marvell Technology Group,32,11,52,10,https://feargreedmeter.com/top-100-most-popular-meme-stocks-today
2026-08-04T03:02:46+02:00,WEN,Wendy’s Company,101,11,53,5,https://feargreedmeter.com/top-100-most-popular-meme-stocks-today
2026-08-04T03:02:46+02:00,GRND,Grindr,28,10,54,5,https://feargreedmeter.com/top-100-most-popular-meme-stocks-today
2026-08-04T03:02:46+02:00,DFNS,IronNet,16,10,55,10,https://feargreedmeter.com/top-100-most-popular-meme-stocks-today
2026-08-04T03:02:46+02:00,SOFI,SoFi,59,10,56,9,https://feargreedmeter.com/top-100-most-popular-meme-stocks-today
2026-08-04T03:02:46+02:00,FCF,First Commonwealth Financial Corp,34,10,57,8,https://feargreedmeter.com/top-100-most-popular-meme-stocks-today
2026-08-04T03:02:46+02:00,AGI,Alamos Gold,15,10,58,8,https://feargreedmeter.com/top-100-most-popular-meme-stocks-today
2026-08-04T03:02:46+02:00,LINK,Interlink Electronics,10,9,59,8,https://feargreedmeter.com/top-100-most-popular-meme-stocks-today
2026-08-04T03:02:46+02:00,EU,enCore Energy,25,9,60,-6,https://feargreedmeter.com/top-100-most-popular-meme-stocks-today
2026-08-04T03:02:46+02:00,TQQQ,ProShares Trust - ProShares UltraPro QQQ,16,9,61,6,https://feargreedmeter.com/top-100-most-popular-meme-stocks-today
2026-08-04T03:02:46+02:00,ET,Energy Transfer Partners,64,9,62,5,https://feargreedmeter.com/top-100-most-popular-meme-stocks-today
2026-08-04T03:02:46+02:00,MSTR,MicroStrategy,25,8,63,3,https://feargreedmeter.com/top-100-most-popular-meme-stocks-today
2026-08-04T03:02:46+02:00,SOXS,Direxion Shares ETF Trust - Direxion Daily Semiconductor Bear 3X Share,13,8,64,2,https://feargreedmeter.com/top-100-most-popular-meme-stocks-today
2026-08-04T03:02:46+02:00,ASML,ASML,23,8,65,6,https://feargreedmeter.com/top-100-most-popular-meme-stocks-today
2026-08-04T03:02:46+02:00,SO,Southern Company,20,8,66,6,https://feargreedmeter.com/top-100-most-popular-meme-stocks-today
2026-08-04T03:02:46+02:00,CAT,Caterpillar,22,8,67,7,https://feargreedmeter.com/top-100-most-popular-meme-stocks-today
2026-08-04T03:02:46+02:00,GLP,Global Partners LP,52,7,68,4,https://feargreedmeter.com/top-100-most-popular-meme-stocks-today
2026-08-04T03:02:46+02:00,IMAX,Imax Corp,61,7,69,6,https://feargreedmeter.com/top-100-most-popular-meme-stocks-today
2026-08-04T03:02:46+02:00,OPEN,Opendoor,48,7,70,4,https://feargreedmeter.com/top-100-most-popular-meme-stocks-today
2026-08-04T03:02:46+02:00,AXTI,AXT Inc,9,7,71,6,https://feargreedmeter.com/top-100-most-popular-meme-stocks-today
2026-08-04T03:02:46+02:00,HBM,Hudbay Minerals,-8,7,72,6,https://feargreedmeter.com/top-100-most-popular-meme-stocks-today
2026-08-04T03:02:46+02:00,UI,Ubiquiti,13,7,73,3,https://feargreedmeter.com/top-100-most-popular-meme-stocks-today
2026-08-04T03:02:46+02:00,IBKR,Interactive Brokers,12,7,74,0,https://feargreedmeter.com/top-100-most-popular-meme-stocks-today
2026-08-04T03:02:46+02:00,CELH,Celsius Holdings,18,7,75,6,https://feargreedmeter.com/top-100-most-popular-meme-stocks-today
2026-08-04T03:02:46+02:00,IQ,iQIYI,38,7,76,-1,https://feargreedmeter.com/top-100-most-popular-meme-stocks-today
2026-08-04T03:02:46+02:00,TSM,TSMC,5,7,77,6,https://feargreedmeter.com/top-100-most-popular-meme-stocks-today
2026-08-04T03:02:46+02:00,DJT,Trump Media & Technology Group,29,6,78,0,https://feargreedmeter.com/top-100-most-popular-meme-stocks-today
2026-08-04T03:02:46+02:00,ONDS,Ondas Holdings,14,6,79,5,https://feargreedmeter.com/top-100-most-popular-meme-stocks-today
2026-08-04T03:02:46+02:00,IREN,Iris Energy,20,6,80,2,https://feargreedmeter.com/top-100-most-popular-meme-stocks-today
2026-08-04T03:02:46+02:00,DNUT,Krispy Kreme,31,6,81,6,https://feargreedmeter.com/top-100-most-popular-meme-stocks-today
2026-08-04T03:02:46+02:00,PUMP,ProPetro,18,6,82,5,https://feargreedmeter.com/top-100-most-popular-meme-stocks-today
2026-08-04T03:02:46+02:00,CAKE,The Cheesecake Factory,212,6,83,-1,https://feargreedmeter.com/top-100-most-popular-meme-stocks-today
2026-08-04T03:02:46+02:00,IWM,BlackRock Institutional Trust Company N.A. - BTC iShares Russell 2000,8,6,84,5,https://feargreedmeter.com/top-100-most-popular-meme-stocks-today
2026-08-04T03:02:46+02:00,IG,Principal Exchange-Traded Funds - Principal Investment Grade Corporate,28,6,85,5,https://feargreedmeter.com/top-100-most-popular-meme-stocks-today
2026-08-04T03:02:46+02:00,EWY,BlackRock Institutional Trust Company N.A. - iShares MSCI South Korea,14,6,86,5,https://feargreedmeter.com/top-100-most-popular-meme-stocks-today
2026-08-04T03:02:46+02:00,CVX,Chevron,29,6,87,5,https://feargreedmeter.com/top-100-most-popular-meme-stocks-today
2026-08-04T03:02:46+02:00,NVO,Novo Nordisk,19,6,88,5,https://feargreedmeter.com/top-100-most-popular-meme-stocks-today
2026-08-04T03:02:46+02:00,RITR,Reitar Logtech Holdings,12,5,89,5,https://feargreedmeter.com/top-100-most-popular-meme-stocks-today
2026-08-04T03:02:46+02:00,APP,AppLovin,45,5,90,4,https://feargreedmeter.com/top-100-most-popular-meme-stocks-today
2026-08-04T03:02:46+02:00,EVER,EverQuote,3,5,91,4,https://feargreedmeter.com/top-100-most-popular-meme-stocks-today
2026-08-04T03:02:46+02:00,MVIS,Microvision,45,5,92,5,https://feargreedmeter.com/top-100-most-popular-meme-stocks-today
2026-08-04T03:02:46+02:00,TLT,BlackRock Institutional Trust Company N.A. - BTC iShares 20+ Year Trea,6,5,93,0,https://feargreedmeter.com/top-100-most-popular-meme-stocks-today
2026-08-04T03:02:46+02:00,VTI,Vanguard Total Stock Market ETF,6,5,94,2,https://feargreedmeter.com/top-100-most-popular-meme-stocks-today
2026-08-04T03:02:46+02:00,MAGA,ETF Series Solutions Trust - Point Bridge GOP Stock Tracker ETF,117,5,95,2,https://feargreedmeter.com/top-100-most-popular-meme-stocks-today
2026-08-04T03:02:46+02:00,SCHD,Schwab Strategic Trust - CSIM Schwab US Dividend Equity ETF,7,5,96,4,https://feargreedmeter.com/top-100-most-popular-meme-stocks-today
2026-08-04T03:02:46+02:00,FSLR,First Solar,14,5,97,5,https://feargreedmeter.com/top-100-most-popular-meme-stocks-today
2026-08-04T03:02:46+02:00,REAL,The RealReal,60,5,98,4,https://feargreedmeter.com/top-100-most-popular-meme-stocks-today
2026-08-04T03:02:46+02:00,VRRM,Verra Mobility,7,5,99,4,https://feargreedmeter.com/top-100-most-popular-meme-stocks-today
2026-08-04T03:02:46+02:00,BABA,Alibaba,9,5,100,4,https://feargreedmeter.com/top-100-most-popular-meme-stocks-today
2026-08-04T06:25:03+02:00,MU,Micron Technology,2708,598,1,483,https://feargreedmeter.com/top-100-most-popular-meme-stocks-today
2026-08-04T06:25:03+02:00,SPY,SPDR S&P 500 ETF Trust,4720,501,2,384,https://feargreedmeter.com/top-100-most-popular-meme-stocks-today
2026-08-04T06:25:03+02:00,PLTR,Palantir,1708,285,3,270,https://feargreedmeter.com/top-100-most-popular-meme-stocks-today
2026-08-04T06:25:03+02:00,MSFT,Microsoft,1167,242,4,200,https://feargreedmeter.com/top-100-most-popular-meme-stocks-today
2026-08-04T06:25:03+02:00,SNDK,Sandisk,636,227,5,170,https://feargreedmeter.com/top-100-most-popular-meme-stocks-today
2026-08-04T06:25:03+02:00,SPCX,SpaceX,546,184,6,132,https://feargreedmeter.com/top-100-most-popular-meme-stocks-today
2026-08-04T06:25:03+02:00,AMD,AMD,355,133,7,90,https://feargreedmeter.com/top-100-most-popular-meme-stocks-today
2026-08-04T06:25:03+02:00,QQQ,Invesco QQQ ETF,314,121,8,80,https://feargreedmeter.com/top-100-most-popular-meme-stocks-today
2026-08-04T06:25:03+02:00,NVDA,NVIDIA,397,111,9,61,https://feargreedmeter.com/top-100-most-popular-meme-stocks-today
2026-08-04T06:25:03+02:00,RDDT,Reddit,356,105,10,53,https://feargreedmeter.com/top-100-most-popular-meme-stocks-today
2026-08-04T06:25:03+02:00,META,Meta Platforms (Facebook),642,97,11,68,https://feargreedmeter.com/top-100-most-popular-meme-stocks-today
2026-08-04T06:25:03+02:00,AAPL,Apple,216,88,12,63,https://feargreedmeter.com/top-100-most-popular-meme-stocks-today
2026-08-04T06:25:03+02:00,DTE,DTE Energy,2761,81,13,50,https://feargreedmeter.com/top-100-most-popular-meme-stocks-today
2026-08-04T06:25:03+02:00,NBIS,Nebius Group,205,76,14,60,https://feargreedmeter.com/top-100-most-popular-meme-stocks-today
2026-08-04T06:25:03+02:00,GOOGL,Alphabet (Google),175,69,15,58,https://feargreedmeter.com/top-100-most-popular-meme-stocks-today
2026-08-04T06:25:03+02:00,AMZN,Amazon,291,59,16,26,https://feargreedmeter.com/top-100-most-popular-meme-stocks-today
2026-08-04T06:25:03+02:00,SOXL,Direxion Shares ETF Trust - Direxion Daily Semiconductor Bull 3X Share,156,59,17,24,https://feargreedmeter.com/top-100-most-popular-meme-stocks-today
2026-08-04T06:25:03+02:00,SNAP,Snap,278,56,18,54,https://feargreedmeter.com/top-100-most-popular-meme-stocks-today
2026-08-04T06:25:03+02:00,CD,Chindata,155,50,19,47,https://feargreedmeter.com/top-100-most-popular-meme-stocks-today
2026-08-04T06:25:03+02:00,VOO,Vanguard S&P 500 ETF,123,49,20,28,https://feargreedmeter.com/top-100-most-popular-meme-stocks-today
2026-08-04T06:25:03+02:00,GOOG,Alphabet (Google),496,46,21,27,https://feargreedmeter.com/top-100-most-popular-meme-stocks-today
2026-08-04T06:25:03+02:00,TSLA,Tesla,236,35,22,27,https://feargreedmeter.com/top-100-most-popular-meme-stocks-today
2026-08-04T06:25:03+02:00,RKLB,Rocket Lab USA,197,30,23,24,https://feargreedmeter.com/top-100-most-popular-meme-stocks-today
2026-08-04T06:25:03+02:00,ASTS,AST SpaceMobile,178,29,24,26,https://feargreedmeter.com/top-100-most-popular-meme-stocks-today
2026-08-04T06:25:03+02:00,ORCL,Oracle,77,25,25,19,https://feargreedmeter.com/top-100-most-popular-meme-stocks-today
2026-08-04T06:25:03+02:00,NOW,ServiceNow,55,25,26,19,https://feargreedmeter.com/top-100-most-popular-meme-stocks-today
2026-08-04T06:25:03+02:00,ES,Eversource Energy,92,23,27,16,https://feargreedmeter.com/top-100-most-popular-meme-stocks-today
2026-08-04T06:25:03+02:00,WDC,Western Digital,58,23,28,22,https://feargreedmeter.com/top-100-most-popular-meme-stocks-today
2026-08-04T06:25:03+02:00,IT,Gartner,63,22,29,13,https://feargreedmeter.com/top-100-most-popular-meme-stocks-today
2026-08-04T06:25:03+02:00,AM,Antero Midstream,68,22,30,15,https://feargreedmeter.com/top-100-most-popular-meme-stocks-today
2026-08-04T06:25:03+02:00,CC,Chemours,2588,21,31,13,https://feargreedmeter.com/top-100-most-popular-meme-stocks-today
2026-08-04T06:25:03+02:00,ALL,Allstate,89,20,32,15,https://feargreedmeter.com/top-100-most-popular-meme-stocks-today
2026-08-04T06:25:03+02:00,HOOD,Robinhood,51,19,33,17,https://feargreedmeter.com/top-100-most-popular-meme-stocks-today
2026-08-04T06:25:03+02:00,RR,Richtech Robotics,176,19,34,-3,https://feargreedmeter.com/top-100-most-popular-meme-stocks-today
2026-08-04T06:25:03+02:00,SOXX,BlackRock Institutional Trust Company N.A. - BTC iShares PHLX Semicond,34,18,35,9,https://feargreedmeter.com/top-100-most-popular-meme-stocks-today
2026-08-04T06:25:03+02:00,SGOV,iShares Trust - iShares 0-3 Month Treasury Bond ETF,127,18,36,10,https://feargreedmeter.com/top-100-most-popular-meme-stocks-today
2026-08-04T06:25:03+02:00,API,Agora.io,60,18,37,-10,https://feargreedmeter.com/top-100-most-popular-meme-stocks-today
2026-08-04T06:25:03+02:00,BE,Bloom Energy,46,17,38,11,https://feargreedmeter.com/top-100-most-popular-meme-stocks-today
2026-08-04T06:25:03+02:00,AAOI,Applied Optoelectronics,23,17,39,10,https://feargreedmeter.com/top-100-most-popular-meme-stocks-today
2026-08-04T06:25:03+02:00,ON,ON Semiconductor,75,16,40,13,https://feargreedmeter.com/top-100-most-popular-meme-stocks-today
2026-08-04T06:25:03+02:00,CRWV,CoreWeave,26,15,41,13,https://feargreedmeter.com/top-100-most-popular-meme-stocks-today
2026-08-04T06:25:03+02:00,AVGO,Broadcom,43,14,42,12,https://feargreedmeter.com/top-100-most-popular-meme-stocks-today
2026-08-04T06:25:03+02:00,WEN,Wendy’s Company,103,14,43,8,https://feargreedmeter.com/top-100-most-popular-meme-stocks-today
2026-08-04T06:25:03+02:00,SOFI,SoFi,69,14,44,13,https://feargreedmeter.com/top-100-most-popular-meme-stocks-today
2026-08-04T06:25:03+02:00,NFLX,Netflix,22,13,45,8,https://feargreedmeter.com/top-100-most-popular-meme-stocks-today
2026-08-04T06:25:03+02:00,IP,International Paper,36,13,46,-2,https://feargreedmeter.com/top-100-most-popular-meme-stocks-today
2026-08-04T06:25:03+02:00,HBM,Hudbay Minerals,,13,47,12,https://feargreedmeter.com/top-100-most-popular-meme-stocks-today
2026-08-04T06:25:03+02:00,SMH,VanEck Vectors ETF Trust - VanEck Vectors Semiconductor ETF,9,13,48,11,https://feargreedmeter.com/top-100-most-popular-meme-stocks-today
2026-08-04T06:25:03+02:00,AMC,AMC Entertainment,336,13,49,12,https://feargreedmeter.com/top-100-most-popular-meme-stocks-today
2026-08-04T06:25:03+02:00,YOU,CLEAR Secure,24,13,50,-1,https://feargreedmeter.com/top-100-most-popular-meme-stocks-today
2026-08-04T06:25:03+02:00,USO,United States Commodity Funds LLC - United States Oil Fund,21,12,51,1,https://feargreedmeter.com/top-100-most-popular-meme-stocks-today
2026-08-04T06:25:03+02:00,FOR,Forestar Group,97,12,52,7,https://feargreedmeter.com/top-100-most-popular-meme-stocks-today
2026-08-04T06:25:03+02:00,INTC,Intel,21,11,53,7,https://feargreedmeter.com/top-100-most-popular-meme-stocks-today
2026-08-04T06:25:03+02:00,MRVL,Marvell Technology Group,29,11,54,10,https://feargreedmeter.com/top-100-most-popular-meme-stocks-today
2026-08-04T06:25:03+02:00,IQ,iQIYI,41,11,55,4,https://feargreedmeter.com/top-100-most-popular-meme-stocks-today
2026-08-04T06:25:03+02:00,SOXS,Direxion Shares ETF Trust - Direxion Daily Semiconductor Bear 3X Share,20,11,56,4,https://feargreedmeter.com/top-100-most-popular-meme-stocks-today
2026-08-04T06:25:03+02:00,EU,enCore Energy,52,11,57,-3,https://feargreedmeter.com/top-100-most-popular-meme-stocks-today
2026-08-04T06:25:03+02:00,AGI,Alamos Gold,15,10,58,8,https://feargreedmeter.com/top-100-most-popular-meme-stocks-today
2026-08-04T06:25:03+02:00,FCF,First Commonwealth Financial Corp,34,10,59,9,https://feargreedmeter.com/top-100-most-popular-meme-stocks-today
2026-08-04T06:25:03+02:00,DFNS,IronNet,17,10,60,10,https://feargreedmeter.com/top-100-most-popular-meme-stocks-today
2026-08-04T06:25:03+02:00,IONQ,IonQ,18,10,61,2,https://feargreedmeter.com/top-100-most-popular-meme-stocks-today
2026-08-04T06:25:03+02:00,GRND,Grindr,27,10,62,5,https://feargreedmeter.com/top-100-most-popular-meme-stocks-today
2026-08-04T06:25:03+02:00,IBKR,Interactive Brokers,15,9,63,4,https://feargreedmeter.com/top-100-most-popular-meme-stocks-today
2026-08-04T06:25:03+02:00,CAT,Caterpillar,24,8,64,7,https://feargreedmeter.com/top-100-most-popular-meme-stocks-today
2026-08-04T06:25:03+02:00,SO,Southern Company,21,8,65,6,https://feargreedmeter.com/top-100-most-popular-meme-stocks-today
2026-08-04T06:25:03+02:00,ET,Energy Transfer Partners,60,8,66,3,https://feargreedmeter.com/top-100-most-popular-meme-stocks-today
2026-08-04T06:25:03+02:00,LINK,Interlink Electronics,9,8,67,5,https://feargreedmeter.com/top-100-most-popular-meme-stocks-today
2026-08-04T06:25:03+02:00,MCD,McDonald,16,7,68,5,https://feargreedmeter.com/top-100-most-popular-meme-stocks-today
2026-08-04T06:25:03+02:00,ICE,Intercontinental Exchange,7,7,69,6,https://feargreedmeter.com/top-100-most-popular-meme-stocks-today
2026-08-04T06:25:03+02:00,ASML,ASML,53,7,70,3,https://feargreedmeter.com/top-100-most-popular-meme-stocks-today
2026-08-04T06:25:03+02:00,UI,Ubiquiti,13,7,71,4,https://feargreedmeter.com/top-100-most-popular-meme-stocks-today
2026-08-04T06:25:03+02:00,TQQQ,ProShares Trust - ProShares UltraPro QQQ,11,7,72,1,https://feargreedmeter.com/top-100-most-popular-meme-stocks-today
2026-08-04T06:25:03+02:00,IWM,BlackRock Institutional Trust Company N.A. - BTC iShares Russell 2000,8,7,73,6,https://feargreedmeter.com/top-100-most-popular-meme-stocks-today
2026-08-04T06:25:03+02:00,MSTR,MicroStrategy,18,7,74,2,https://feargreedmeter.com/top-100-most-popular-meme-stocks-today
2026-08-04T06:25:03+02:00,AXTI,AXT Inc,9,7,75,6,https://feargreedmeter.com/top-100-most-popular-meme-stocks-today
2026-08-04T06:25:03+02:00,ONDS,Ondas Holdings,18,7,76,6,https://feargreedmeter.com/top-100-most-popular-meme-stocks-today
2026-08-04T06:25:03+02:00,DJT,Trump Media & Technology Group,33,7,77,2,https://feargreedmeter.com/top-100-most-popular-meme-stocks-today
2026-08-04T06:25:03+02:00,NVO,Novo Nordisk,18,6,78,5,https://feargreedmeter.com/top-100-most-popular-meme-stocks-today
2026-08-04T06:25:03+02:00,BABA,Alibaba,10,6,79,5,https://feargreedmeter.com/top-100-most-popular-meme-stocks-today
2026-08-04T06:25:03+02:00,CELH,Celsius Holdings,17,6,80,5,https://feargreedmeter.com/top-100-most-popular-meme-stocks-today
2026-08-04T06:25:03+02:00,EWY,BlackRock Institutional Trust Company N.A. - iShares MSCI South Korea,14,6,81,5,https://feargreedmeter.com/top-100-most-popular-meme-stocks-today
2026-08-04T06:25:03+02:00,MAGA,ETF Series Solutions Trust - Point Bridge GOP Stock Tracker ETF,121,6,82,3,https://feargreedmeter.com/top-100-most-popular-meme-stocks-today
2026-08-04T06:25:03+02:00,IG,Principal Exchange-Traded Funds - Principal Investment Grade Corporate,19,6,83,4,https://feargreedmeter.com/top-100-most-popular-meme-stocks-today
2026-08-04T06:25:03+02:00,VTI,Vanguard Total Stock Market ETF,13,6,84,1,https://feargreedmeter.com/top-100-most-popular-meme-stocks-today
2026-08-04T06:25:03+02:00,PUMP,ProPetro,18,6,85,5,https://feargreedmeter.com/top-100-most-popular-meme-stocks-today
2026-08-04T06:25:03+02:00,IMAX,Imax Corp,60,6,86,5,https://feargreedmeter.com/top-100-most-popular-meme-stocks-today
2026-08-04T06:25:03+02:00,IREN,Iris Energy,19,6,87,2,https://feargreedmeter.com/top-100-most-popular-meme-stocks-today
2026-08-04T06:25:03+02:00,TSM,TSMC,2,5,88,3,https://feargreedmeter.com/top-100-most-popular-meme-stocks-today
2026-08-04T06:25:03+02:00,LLY,Eli Lilly,13,5,89,3,https://feargreedmeter.com/top-100-most-popular-meme-stocks-today
2026-08-04T06:25:03+02:00,WU,Western Union,4,5,90,2,https://feargreedmeter.com/top-100-most-popular-meme-stocks-today
2026-08-04T06:25:03+02:00,CVX,Chevron,26,5,91,3,https://feargreedmeter.com/top-100-most-popular-meme-stocks-today
2026-08-04T06:25:03+02:00,RE,Everest Re,30,5,92,4,https://feargreedmeter.com/top-100-most-popular-meme-stocks-today
2026-08-04T06:25:03+02:00,REAL,The RealReal,70,5,93,4,https://feargreedmeter.com/top-100-most-popular-meme-stocks-today
2026-08-04T06:25:03+02:00,FSLR,First Solar,13,5,94,5,https://feargreedmeter.com/top-100-most-popular-meme-stocks-today
2026-08-04T06:25:03+02:00,OR,Osisko Gold Royalties,9,5,95,0,https://feargreedmeter.com/top-100-most-popular-meme-stocks-today
2026-08-04T06:25:03+02:00,KORU,Direxion Shares ETF Trust - Direxion Daily South Korea Bull 3X Shares,10,5,96,3,https://feargreedmeter.com/top-100-most-popular-meme-stocks-today
2026-08-04T06:25:03+02:00,VT,"Vanguard Group, Inc. - Vanguard Total World Stock ETF",13,5,97,3,https://feargreedmeter.com/top-100-most-popular-meme-stocks-today
2026-08-04T06:25:03+02:00,IGV,BlackRock Institutional Trust Company N.A. - iShares Expanded Tech-Sof,8,5,98,5,https://feargreedmeter.com/top-100-most-popular-meme-stocks-today
2026-08-04T06:25:03+02:00,CAKE,The Cheesecake Factory,218,5,99,0,https://feargreedmeter.com/top-100-most-popular-meme-stocks-today
2026-08-04T06:25:03+02:00,GME,GameStop,26,5,100,4,https://feargreedmeter.com/top-100-most-popular-meme-stocks-today
2026-08-04T09:13:30+02:00,MU,Micron Technology,3025,621,1,512,https://feargreedmeter.com/top-100-most-popular-meme-stocks-today
2026-08-04T09:13:30+02:00,SPY,SPDR S&P 500 ETF Trust,4997,512,2,393,https://feargreedmeter.com/top-100-most-popular-meme-stocks-today
2026-08-04T09:13:30+02:00,PLTR,Palantir,1910,307,3,290,https://feargreedmeter.com/top-100-most-popular-meme-stocks-today
2026-08-04T09:13:30+02:00,MSFT,Microsoft,1214,245,4,207,https://feargreedmeter.com/top-100-most-popular-meme-stocks-today
2026-08-04T09:13:30+02:00,SNDK,Sandisk,659,232,5,176,https://feargreedmeter.com/top-100-most-popular-meme-stocks-today
2026-08-04T09:13:30+02:00,SPCX,SpaceX,525,188,6,135,https://feargreedmeter.com/top-100-most-popular-meme-stocks-today
2026-08-04T09:13:30+02:00,AMD,AMD,423,146,7,104,https://feargreedmeter.com/top-100-most-popular-meme-stocks-today
2026-08-04T09:13:30+02:00,QQQ,Invesco QQQ ETF,327,121,8,82,https://feargreedmeter.com/top-100-most-popular-meme-stocks-today
2026-08-04T09:13:30+02:00,NVDA,NVIDIA,451,119,9,70,https://feargreedmeter.com/top-100-most-popular-meme-stocks-today
2026-08-04T09:13:30+02:00,RDDT,Reddit,351,105,10,48,https://feargreedmeter.com/top-100-most-popular-meme-stocks-today
2026-08-04T09:13:30+02:00,META,Meta Platforms (Facebook),665,96,11,68,https://feargreedmeter.com/top-100-most-popular-meme-stocks-today
2026-08-04T09:13:30+02:00,AAPL,Apple,216,88,12,64,https://feargreedmeter.com/top-100-most-popular-meme-stocks-today
2026-08-04T09:13:30+02:00,DTE,DTE Energy,3206,85,13,54,https://feargreedmeter.com/top-100-most-popular-meme-stocks-today
2026-08-04T09:13:30+02:00,NBIS,Nebius Group,227,76,14,62,https://feargreedmeter.com/top-100-most-popular-meme-stocks-today
2026-08-04T09:13:30+02:00,GOOGL,Alphabet (Google),181,70,15,61,https://feargreedmeter.com/top-100-most-popular-meme-stocks-today
2026-08-04T09:13:30+02:00,AMZN,Amazon,300,59,16,26,https://feargreedmeter.com/top-100-most-popular-meme-stocks-today
2026-08-04T09:13:30+02:00,SOXL,Direxion Shares ETF Trust - Direxion Daily Semiconductor Bull 3X Share,156,57,17,21,https://feargreedmeter.com/top-100-most-popular-meme-stocks-today
2026-08-04T09:13:30+02:00,CD,Chindata,171,52,18,49,https://feargreedmeter.com/top-100-most-popular-meme-stocks-today
2026-08-04T09:13:30+02:00,VOO,Vanguard S&P 500 ETF,125,50,19,30,https://feargreedmeter.com/top-100-most-popular-meme-stocks-today
2026-08-04T09:13:30+02:00,SNAP,Snap,139,48,20,35,https://feargreedmeter.com/top-100-most-popular-meme-stocks-today
2026-08-04T09:13:30+02:00,GOOG,Alphabet (Google),522,44,21,30,https://feargreedmeter.com/top-100-most-popular-meme-stocks-today
2026-08-04T09:13:30+02:00,TSLA,Tesla,257,33,22,21,https://feargreedmeter.com/top-100-most-popular-meme-stocks-today
2026-08-04T09:13:30+02:00,RKLB,Rocket Lab USA,203,30,23,23,https://feargreedmeter.com/top-100-most-popular-meme-stocks-today
2026-08-04T09:13:30+02:00,ASTS,AST SpaceMobile,194,29,24,25,https://feargreedmeter.com/top-100-most-popular-meme-stocks-today
2026-08-04T09:13:30+02:00,NOW,ServiceNow,59,27,25,22,https://feargreedmeter.com/top-100-most-popular-meme-stocks-today
2026-08-04T09:13:30+02:00,ORCL,Oracle,95,24,26,17,https://feargreedmeter.com/top-100-most-popular-meme-stocks-today
2026-08-04T09:13:30+02:00,WDC,Western Digital,64,23,27,22,https://feargreedmeter.com/top-100-most-popular-meme-stocks-today
2026-08-04T09:13:30+02:00,ES,Eversource Energy,99,23,28,16,https://feargreedmeter.com/top-100-most-popular-meme-stocks-today
2026-08-04T09:13:30+02:00,AM,Antero Midstream,70,22,29,15,https://feargreedmeter.com/top-100-most-popular-meme-stocks-today
2026-08-04T09:13:30+02:00,CC,Chemours,3057,22,30,13,https://feargreedmeter.com/top-100-most-popular-meme-stocks-today
2026-08-04T09:13:30+02:00,IT,Gartner,80,22,31,14,https://feargreedmeter.com/top-100-most-popular-meme-stocks-today
2026-08-04T09:13:30+02:00,SOXX,BlackRock Institutional Trust Company N.A. - BTC iShares PHLX Semicond,45,21,32,12,https://feargreedmeter.com/top-100-most-popular-meme-stocks-today
2026-08-04T09:13:30+02:00,ALL,Allstate,99,21,33,15,https://feargreedmeter.com/top-100-most-popular-meme-stocks-today
2026-08-04T09:13:30+02:00,BE,Bloom Energy,53,20,34,14,https://feargreedmeter.com/top-100-most-popular-meme-stocks-today
2026-08-04T09:13:30+02:00,RR,Richtech Robotics,190,19,35,-2,https://feargreedmeter.com/top-100-most-popular-meme-stocks-today
2026-08-04T09:13:30+02:00,API,Agora.io,62,19,36,-10,https://feargreedmeter.com/top-100-most-popular-meme-stocks-today
2026-08-04T09:13:30+02:00,HBM,Hudbay Minerals,40,19,37,18,https://feargreedmeter.com/top-100-most-popular-meme-stocks-today
2026-08-04T09:13:30+02:00,HOOD,Robinhood,48,18,38,15,https://feargreedmeter.com/top-100-most-popular-meme-stocks-today
2026-08-04T09:13:30+02:00,SGOV,iShares Trust - iShares 0-3 Month Treasury Bond ETF,129,18,39,10,https://feargreedmeter.com/top-100-most-popular-meme-stocks-today
2026-08-04T09:13:30+02:00,AAOI,Applied Optoelectronics,23,17,40,10,https://feargreedmeter.com/top-100-most-popular-meme-stocks-today
2026-08-04T09:13:30+02:00,AMC,AMC Entertainment,343,16,41,15,https://feargreedmeter.com/top-100-most-popular-meme-stocks-today
2026-08-04T09:13:30+02:00,ON,ON Semiconductor,76,16,42,13,https://feargreedmeter.com/top-100-most-popular-meme-stocks-today
2026-08-04T09:13:30+02:00,AVGO,Broadcom,44,16,43,13,https://feargreedmeter.com/top-100-most-popular-meme-stocks-today
2026-08-04T09:13:30+02:00,CRWV,CoreWeave,27,15,44,13,https://feargreedmeter.com/top-100-most-popular-meme-stocks-today
2026-08-04T09:13:30+02:00,EU,enCore Energy,55,15,45,1,https://feargreedmeter.com/top-100-most-popular-meme-stocks-today
2026-08-04T09:13:30+02:00,SOFI,SoFi,67,15,46,14,https://feargreedmeter.com/top-100-most-popular-meme-stocks-today
2026-08-04T09:13:30+02:00,YOU,CLEAR Secure,42,14,47,3,https://feargreedmeter.com/top-100-most-popular-meme-stocks-today
2026-08-04T09:13:30+02:00,WEN,Wendy’s Company,105,14,48,8,https://feargreedmeter.com/top-100-most-popular-meme-stocks-today
2026-08-04T09:13:30+02:00,SOXS,Direxion Shares ETF Trust - Direxion Daily Semiconductor Bear 3X Share,22,13,49,7,https://feargreedmeter.com/top-100-most-popular-meme-stocks-today
2026-08-04T09:13:30+02:00,SMH,VanEck Vectors ETF Trust - VanEck Vectors Semiconductor ETF,8,13,50,11,https://feargreedmeter.com/top-100-most-popular-meme-stocks-today
2026-08-04T09:13:30+02:00,NFLX,Netflix,23,13,51,8,https://feargreedmeter.com/top-100-most-popular-meme-stocks-today
2026-08-04T09:13:30+02:00,FOR,Forestar Group,94,12,52,7,https://feargreedmeter.com/top-100-most-popular-meme-stocks-today
2026-08-04T09:13:30+02:00,IONQ,IonQ,30,11,53,3,https://feargreedmeter.com/top-100-most-popular-meme-stocks-today
2026-08-04T09:13:30+02:00,FCF,First Commonwealth Financial Corp,44,11,54,9,https://feargreedmeter.com/top-100-most-popular-meme-stocks-today
2026-08-04T09:13:30+02:00,MRVL,Marvell Technology Group,29,11,55,10,https://feargreedmeter.com/top-100-most-popular-meme-stocks-today
2026-08-04T09:13:30+02:00,INTC,Intel,21,11,56,6,https://feargreedmeter.com/top-100-most-popular-meme-stocks-today
2026-08-04T09:13:30+02:00,DFNS,IronNet,16,10,57,10,https://feargreedmeter.com/top-100-most-popular-meme-stocks-today
2026-08-04T09:13:30+02:00,USO,United States Commodity Funds LLC - United States Oil Fund,15,10,58,-3,https://feargreedmeter.com/top-100-most-popular-meme-stocks-today
2026-08-04T09:13:30+02:00,AGI,Alamos Gold,16,10,59,6,https://feargreedmeter.com/top-100-most-popular-meme-stocks-today
2026-08-04T09:13:30+02:00,IBKR,Interactive Brokers,15,10,60,5,https://feargreedmeter.com/top-100-most-popular-meme-stocks-today
2026-08-04T09:13:30+02:00,GRND,Grindr,24,9,61,3,https://feargreedmeter.com/top-100-most-popular-meme-stocks-today
2026-08-04T09:13:30+02:00,IQ,iQIYI,27,9,62,2,https://feargreedmeter.com/top-100-most-popular-meme-stocks-today
2026-08-04T09:13:30+02:00,ASML,ASML,111,9,63,5,https://feargreedmeter.com/top-100-most-popular-meme-stocks-today
2026-08-04T09:13:30+02:00,SO,Southern Company,22,9,64,7,https://feargreedmeter.com/top-100-most-popular-meme-stocks-today
2026-08-04T09:13:30+02:00,IP,International Paper,27,9,65,-11,https://feargreedmeter.com/top-100-most-popular-meme-stocks-today
2026-08-04T09:13:30+02:00,IMAX,Imax Corp,63,8,66,7,https://feargreedmeter.com/top-100-most-popular-meme-stocks-today
2026-08-04T09:13:30+02:00,IWM,BlackRock Institutional Trust Company N.A. - BTC iShares Russell 2000,10,8,67,7,https://feargreedmeter.com/top-100-most-popular-meme-stocks-today
2026-08-04T09:13:30+02:00,ET,Energy Transfer Partners,29,8,68,2,https://feargreedmeter.com/top-100-most-popular-meme-stocks-today
2026-08-04T09:13:30+02:00,CAT,Caterpillar,26,8,69,7,https://feargreedmeter.com/top-100-most-popular-meme-stocks-today
2026-08-04T09:13:30+02:00,LINK,Interlink Electronics,8,7,70,4,https://feargreedmeter.com/top-100-most-popular-meme-stocks-today
2026-08-04T09:13:30+02:00,ONDS,Ondas Holdings,18,7,71,6,https://feargreedmeter.com/top-100-most-popular-meme-stocks-today
2026-08-04T09:13:30+02:00,IREN,Iris Energy,22,7,72,4,https://feargreedmeter.com/top-100-most-popular-meme-stocks-today
2026-08-04T09:13:30+02:00,DNUT,Krispy Kreme,15,7,73,6,https://feargreedmeter.com/top-100-most-popular-meme-stocks-today
2026-08-04T09:13:30+02:00,AXTI,AXT Inc,9,7,74,6,https://feargreedmeter.com/top-100-most-popular-meme-stocks-today
2026-08-04T09:13:30+02:00,PUMP,ProPetro,22,7,75,6,https://feargreedmeter.com/top-100-most-popular-meme-stocks-today
2026-08-04T09:13:30+02:00,MSTR,MicroStrategy,16,7,76,2,https://feargreedmeter.com/top-100-most-popular-meme-stocks-today
2026-08-04T09:13:30+02:00,TQQQ,ProShares Trust - ProShares UltraPro QQQ,11,7,77,0,https://feargreedmeter.com/top-100-most-popular-meme-stocks-today
2026-08-04T09:13:30+02:00,UI,Ubiquiti,19,7,78,5,https://feargreedmeter.com/top-100-most-popular-meme-stocks-today
2026-08-04T09:13:30+02:00,ICE,Intercontinental Exchange,7,7,79,6,https://feargreedmeter.com/top-100-most-popular-meme-stocks-today
2026-08-04T09:13:30+02:00,MCD,McDonald,17,7,80,6,https://feargreedmeter.com/top-100-most-popular-meme-stocks-today
2026-08-04T09:13:30+02:00,DJT,Trump Media & Technology Group,21,6,81,0,https://feargreedmeter.com/top-100-most-popular-meme-stocks-today
2026-08-04T09:13:30+02:00,IGV,BlackRock Institutional Trust Company N.A. - iShares Expanded Tech-Sof,9,6,82,6,https://feargreedmeter.com/top-100-most-popular-meme-stocks-today
2026-08-04T09:13:30+02:00,VTI,Vanguard Total Stock Market ETF,16,6,83,2,https://feargreedmeter.com/top-100-most-popular-meme-stocks-today
2026-08-04T09:13:30+02:00,IG,Principal Exchange-Traded Funds - Principal Investment Grade Corporate,11,6,84,3,https://feargreedmeter.com/top-100-most-popular-meme-stocks-today
2026-08-04T09:13:30+02:00,MAGA,ETF Series Solutions Trust - Point Bridge GOP Stock Tracker ETF,124,6,85,3,https://feargreedmeter.com/top-100-most-popular-meme-stocks-today
2026-08-04T09:13:30+02:00,OR,Osisko Gold Royalties,13,6,86,2,https://feargreedmeter.com/top-100-most-popular-meme-stocks-today
2026-08-04T09:13:30+02:00,CELH,Celsius Holdings,18,6,87,5,https://feargreedmeter.com/top-100-most-popular-meme-stocks-today
2026-08-04T09:13:30+02:00,NVO,Novo Nordisk,18,6,88,5,https://feargreedmeter.com/top-100-most-popular-meme-stocks-today
2026-08-04T09:13:30+02:00,RITR,Reitar Logtech Holdings,12,5,89,5,https://feargreedmeter.com/top-100-most-popular-meme-stocks-today
2026-08-04T09:13:30+02:00,LOT,Lotus Technology,45,5,90,4,https://feargreedmeter.com/top-100-most-popular-meme-stocks-today
2026-08-04T09:13:30+02:00,GLP,Global Partners LP,37,5,91,0,https://feargreedmeter.com/top-100-most-popular-meme-stocks-today
2026-08-04T09:13:30+02:00,DOCN,DigitalOcean,17,5,92,5,https://feargreedmeter.com/top-100-most-popular-meme-stocks-today
2026-08-04T09:13:30+02:00,OPEN,Opendoor,20,5,93,-1,https://feargreedmeter.com/top-100-most-popular-meme-stocks-today
2026-08-04T09:13:30+02:00,EVER,EverQuote,5,5,94,4,https://feargreedmeter.com/top-100-most-popular-meme-stocks-today
2026-08-04T09:13:30+02:00,LOVE,LoveSac,10,5,95,4,https://feargreedmeter.com/top-100-most-popular-meme-stocks-today
2026-08-04T09:13:30+02:00,GME,GameStop,34,5,96,4,https://feargreedmeter.com/top-100-most-popular-meme-stocks-today
2026-08-04T09:13:30+02:00,CAKE,The Cheesecake Factory,227,5,97,2,https://feargreedmeter.com/top-100-most-popular-meme-stocks-today
2026-08-04T09:13:30+02:00,VT,"Vanguard Group, Inc. - Vanguard Total World Stock ETF",13,5,98,3,https://feargreedmeter.com/top-100-most-popular-meme-stocks-today
2026-08-04T09:13:30+02:00,KORU,Direxion Shares ETF Trust - Direxion Daily South Korea Bull 3X Shares,10,5,99,4,https://feargreedmeter.com/top-100-most-popular-meme-stocks-today
2026-08-04T09:13:30+02:00,FSLR,First Solar,15,5,100,5,https://feargreedmeter.com/top-100-most-popular-meme-stocks-today
2026-08-04T12:00:31+02:00,MU,Micron Technology,3159,625,1,502,https://feargreedmeter.com/top-100-most-popular-meme-stocks-today
2026-08-04T12:00:31+02:00,SPY,SPDR S&P 500 ETF Trust,5141,523,2,406,https://feargreedmeter.com/top-100-most-popular-meme-stocks-today
2026-08-04T12:00:31+02:00,PLTR,Palantir,2024,312,3,291,https://feargreedmeter.com/top-100-most-popular-meme-stocks-today
2026-08-04T12:00:31+02:00,MSFT,Microsoft,1237,252,4,214,https://feargreedmeter.com/top-100-most-popular-meme-stocks-today
2026-08-04T12:00:31+02:00,SNDK,Sandisk,658,225,5,163,https://feargreedmeter.com/top-100-most-popular-meme-stocks-today
2026-08-04T12:00:31+02:00,SPCX,SpaceX,515,191,6,135,https://feargreedmeter.com/top-100-most-popular-meme-stocks-today
2026-08-04T12:00:31+02:00,AMD,AMD,436,150,7,109,https://feargreedmeter.com/top-100-most-popular-meme-stocks-today
2026-08-04T12:00:31+02:00,QQQ,Invesco QQQ ETF,342,122,8,89,https://feargreedmeter.com/top-100-most-popular-meme-stocks-today
2026-08-04T12:00:31+02:00,NVDA,NVIDIA,475,119,9,71,https://feargreedmeter.com/top-100-most-popular-meme-stocks-today
2026-08-04T12:00:31+02:00,RDDT,Reddit,287,95,10,29,https://feargreedmeter.com/top-100-most-popular-meme-stocks-today
2026-08-04T12:00:31+02:00,META,Meta Platforms (Facebook),669,94,11,67,https://feargreedmeter.com/top-100-most-popular-meme-stocks-today
2026-08-04T12:00:31+02:00,DTE,DTE Energy,3467,93,12,63,https://feargreedmeter.com/top-100-most-popular-meme-stocks-today
2026-08-04T12:00:31+02:00,AAPL,Apple,222,88,13,63,https://feargreedmeter.com/top-100-most-popular-meme-stocks-today
2026-08-04T12:00:31+02:00,NBIS,Nebius Group,245,81,14,66,https://feargreedmeter.com/top-100-most-popular-meme-stocks-today
2026-08-04T12:00:31+02:00,GOOGL,Alphabet (Google),183,72,15,63,https://feargreedmeter.com/top-100-most-popular-meme-stocks-today
2026-08-04T12:00:31+02:00,AMZN,Amazon,306,61,16,29,https://feargreedmeter.com/top-100-most-popular-meme-stocks-today
2026-08-04T12:00:31+02:00,SOXL,Direxion Shares ETF Trust - Direxion Daily Semiconductor Bull 3X Share,150,56,17,17,https://feargreedmeter.com/top-100-most-popular-meme-stocks-today
2026-08-04T12:00:31+02:00,CD,Chindata,181,52,18,49,https://feargreedmeter.com/top-100-most-popular-meme-stocks-today
2026-08-04T12:00:31+02:00,VOO,Vanguard S&P 500 ETF,131,50,19,32,https://feargreedmeter.com/top-100-most-popular-meme-stocks-today
2026-08-04T12:00:31+02:00,GOOG,Alphabet (Google),549,48,20,33,https://feargreedmeter.com/top-100-most-popular-meme-stocks-today
2026-08-04T12:00:31+02:00,SNAP,Snap,149,48,21,32,https://feargreedmeter.com/top-100-most-popular-meme-stocks-today
2026-08-04T12:00:31+02:00,ASTS,AST SpaceMobile,214,33,22,29,https://feargreedmeter.com/top-100-most-popular-meme-stocks-today
2026-08-04T12:00:31+02:00,RKLB,Rocket Lab USA,210,33,23,27,https://feargreedmeter.com/top-100-most-popular-meme-stocks-today
2026-08-04T12:00:31+02:00,TSLA,Tesla,258,32,24,19,https://feargreedmeter.com/top-100-most-popular-meme-stocks-today
2026-08-04T12:00:31+02:00,NOW,ServiceNow,59,27,25,22,https://feargreedmeter.com/top-100-most-popular-meme-stocks-today
2026-08-04T12:00:31+02:00,ORCL,Oracle,105,24,26,17,https://feargreedmeter.com/top-100-most-popular-meme-stocks-today
2026-08-04T12:00:31+02:00,AM,Antero Midstream,71,23,27,15,https://feargreedmeter.com/top-100-most-popular-meme-stocks-today
2026-08-04T12:00:31+02:00,ALL,Allstate,126,22,28,17,https://feargreedmeter.com/top-100-most-popular-meme-stocks-today
2026-08-04T12:00:31+02:00,IT,Gartner,84,22,29,15,https://feargreedmeter.com/top-100-most-popular-meme-stocks-today
2026-08-04T12:00:31+02:00,CC,Chemours,3315,22,30,13,https://feargreedmeter.com/top-100-most-popular-meme-stocks-today
2026-08-04T12:00:31+02:00,WDC,Western Digital,59,21,31,20,https://feargreedmeter.com/top-100-most-popular-meme-stocks-today
2026-08-04T12:00:31+02:00,HBM,Hudbay Minerals,49,21,32,20,https://feargreedmeter.com/top-100-most-popular-meme-stocks-today
2026-08-04T12:00:31+02:00,ES,Eversource Energy,102,20,33,14,https://feargreedmeter.com/top-100-most-popular-meme-stocks-today
2026-08-04T12:00:31+02:00,BE,Bloom Energy,54,20,34,14,https://feargreedmeter.com/top-100-most-popular-meme-stocks-today
2026-08-04T12:00:31+02:00,SOXX,BlackRock Institutional Trust Company N.A. - BTC iShares PHLX Semicond,45,20,35,10,https://feargreedmeter.com/top-100-most-popular-meme-stocks-today
2026-08-04T12:00:31+02:00,HOOD,Robinhood,50,20,36,17,https://feargreedmeter.com/top-100-most-popular-meme-stocks-today
2026-08-04T12:00:31+02:00,API,Agora.io,58,19,37,-10,https://feargreedmeter.com/top-100-most-popular-meme-stocks-today
2026-08-04T12:00:31+02:00,EU,enCore Energy,113,19,38,0,https://feargreedmeter.com/top-100-most-popular-meme-stocks-today
2026-08-04T12:00:31+02:00,SGOV,iShares Trust - iShares 0-3 Month Treasury Bond ETF,137,18,39,10,https://feargreedmeter.com/top-100-most-popular-meme-stocks-today
2026-08-04T12:00:31+02:00,RR,Richtech Robotics,202,18,40,-4,https://feargreedmeter.com/top-100-most-popular-meme-stocks-today
2026-08-04T12:00:31+02:00,ON,ON Semiconductor,79,17,41,15,https://feargreedmeter.com/top-100-most-popular-meme-stocks-today
2026-08-04T12:00:31+02:00,AAOI,Applied Optoelectronics,23,17,42,10,https://feargreedmeter.com/top-100-most-popular-meme-stocks-today
2026-08-04T12:00:31+02:00,CRWV,CoreWeave,31,17,43,15,https://feargreedmeter.com/top-100-most-popular-meme-stocks-today
2026-08-04T12:00:31+02:00,AVGO,Broadcom,45,16,44,13,https://feargreedmeter.com/top-100-most-popular-meme-stocks-today
2026-08-04T12:00:31+02:00,IQ,iQIYI,38,15,45,7,https://feargreedmeter.com/top-100-most-popular-meme-stocks-today
2026-08-04T12:00:31+02:00,AGI,Alamos Gold,46,15,46,11,https://feargreedmeter.com/top-100-most-popular-meme-stocks-today
2026-08-04T12:00:31+02:00,AMC,AMC Entertainment,342,15,47,14,https://feargreedmeter.com/top-100-most-popular-meme-stocks-today
2026-08-04T12:00:31+02:00,SOFI,SoFi,81,15,48,14,https://feargreedmeter.com/top-100-most-popular-meme-stocks-today
2026-08-04T12:00:31+02:00,YOU,CLEAR Secure,40,13,49,2,https://feargreedmeter.com/top-100-most-popular-meme-stocks-today
2026-08-04T12:00:31+02:00,WEN,Wendy’s Company,94,12,50,4,https://feargreedmeter.com/top-100-most-popular-meme-stocks-today
2026-08-04T12:00:31+02:00,SMH,VanEck Vectors ETF Trust - VanEck Vectors Semiconductor ETF,9,12,51,10,https://feargreedmeter.com/top-100-most-popular-meme-stocks-today
2026-08-04T12:00:31+02:00,SOXS,Direxion Shares ETF Trust - Direxion Daily Semiconductor Bear 3X Share,22,12,52,5,https://feargreedmeter.com/top-100-most-popular-meme-stocks-today
2026-08-04T12:00:31+02:00,FOR,Forestar Group,101,12,53,8,https://feargreedmeter.com/top-100-most-popular-meme-stocks-today
2026-08-04T12:00:31+02:00,NFLX,Netflix,17,11,54,7,https://feargreedmeter.com/top-100-most-popular-meme-stocks-today
2026-08-04T12:00:31+02:00,FCF,First Commonwealth Financial Corp,47,11,55,9,https://feargreedmeter.com/top-100-most-popular-meme-stocks-today
2026-08-04T12:00:31+02:00,INTC,Intel,20,10,56,5,https://feargreedmeter.com/top-100-most-popular-meme-stocks-today
2026-08-04T12:00:31+02:00,ASML,ASML,118,10,57,3,https://feargreedmeter.com/top-100-most-popular-meme-stocks-today
2026-08-04T12:00:31+02:00,IBKR,Interactive Brokers,16,10,58,5,https://feargreedmeter.com/top-100-most-popular-meme-stocks-today
2026-08-04T12:00:31+02:00,USO,United States Commodity Funds LLC - United States Oil Fund,15,10,59,-3,https://feargreedmeter.com/top-100-most-popular-meme-stocks-today
2026-08-04T12:00:31+02:00,DFNS,IronNet,16,10,60,10,https://feargreedmeter.com/top-100-most-popular-meme-stocks-today
2026-08-04T12:00:31+02:00,IREN,Iris Energy,29,10,61,8,https://feargreedmeter.com/top-100-most-popular-meme-stocks-today
2026-08-04T12:00:31+02:00,CAT,Caterpillar,29,9,62,8,https://feargreedmeter.com/top-100-most-popular-meme-stocks-today
2026-08-04T12:00:31+02:00,SO,Southern Company,22,9,63,8,https://feargreedmeter.com/top-100-most-popular-meme-stocks-today
2026-08-04T12:00:31+02:00,MRVL,Marvell Technology Group,25,9,64,8,https://feargreedmeter.com/top-100-most-popular-meme-stocks-today
2026-08-04T12:00:31+02:00,IMAX,Imax Corp,67,9,65,8,https://feargreedmeter.com/top-100-most-popular-meme-stocks-today
2026-08-04T12:00:31+02:00,IONQ,IonQ,41,9,66,2,https://feargreedmeter.com/top-100-most-popular-meme-stocks-today
2026-08-04T12:00:31+02:00,IP,International Paper,29,8,67,-12,https://feargreedmeter.com/top-100-most-popular-meme-stocks-today
2026-08-04T12:00:31+02:00,ET,Energy Transfer Partners,30,8,68,2,https://feargreedmeter.com/top-100-most-popular-meme-stocks-today
2026-08-04T12:00:31+02:00,IWM,BlackRock Institutional Trust Company N.A. - BTC iShares Russell 2000,10,8,69,7,https://feargreedmeter.com/top-100-most-popular-meme-stocks-today
2026-08-04T12:00:31+02:00,MSTR,MicroStrategy,18,8,70,3,https://feargreedmeter.com/top-100-most-popular-meme-stocks-today
2026-08-04T12:00:31+02:00,GRND,Grindr,23,8,71,1,https://feargreedmeter.com/top-100-most-popular-meme-stocks-today
2026-08-04T12:00:31+02:00,MCD,McDonald,18,7,72,6,https://feargreedmeter.com/top-100-most-popular-meme-stocks-today
2026-08-04T12:00:31+02:00,ICE,Intercontinental Exchange,7,7,73,6,https://feargreedmeter.com/top-100-most-popular-meme-stocks-today
2026-08-04T12:00:31+02:00,CELH,Celsius Holdings,19,7,74,6,https://feargreedmeter.com/top-100-most-popular-meme-stocks-today
2026-08-04T12:00:31+02:00,UI,Ubiquiti,21,7,75,6,https://feargreedmeter.com/top-100-most-popular-meme-stocks-today
2026-08-04T12:00:31+02:00,VTI,Vanguard Total Stock Market ETF,18,7,76,3,https://feargreedmeter.com/top-100-most-popular-meme-stocks-today
2026-08-04T12:00:31+02:00,TQQQ,ProShares Trust - ProShares UltraPro QQQ,11,7,77,0,https://feargreedmeter.com/top-100-most-popular-meme-stocks-today
2026-08-04T12:00:31+02:00,PUMP,ProPetro,22,7,78,6,https://feargreedmeter.com/top-100-most-popular-meme-stocks-today
2026-08-04T12:00:31+02:00,AXTI,AXT Inc,8,7,79,6,https://feargreedmeter.com/top-100-most-popular-meme-stocks-today
2026-08-04T12:00:31+02:00,ONDS,Ondas Holdings,18,7,80,6,https://feargreedmeter.com/top-100-most-popular-meme-stocks-today
2026-08-04T12:00:31+02:00,LINK,Interlink Electronics,8,7,81,4,https://feargreedmeter.com/top-100-most-popular-meme-stocks-today
2026-08-04T12:00:31+02:00,DJT,Trump Media & Technology Group,22,7,82,1,https://feargreedmeter.com/top-100-most-popular-meme-stocks-today
2026-08-04T12:00:31+02:00,NVO,Novo Nordisk,19,6,83,5,https://feargreedmeter.com/top-100-most-popular-meme-stocks-today
2026-08-04T12:00:31+02:00,CVX,Chevron,30,6,84,4,https://feargreedmeter.com/top-100-most-popular-meme-stocks-today
2026-08-04T12:00:31+02:00,OR,Osisko Gold Royalties,14,6,85,2,https://feargreedmeter.com/top-100-most-popular-meme-stocks-today
2026-08-04T12:00:31+02:00,MAGA,ETF Series Solutions Trust - Point Bridge GOP Stock Tracker ETF,129,6,86,3,https://feargreedmeter.com/top-100-most-popular-meme-stocks-today
2026-08-04T12:00:31+02:00,IG,Principal Exchange-Traded Funds - Principal Investment Grade Corporate,11,6,87,3,https://feargreedmeter.com/top-100-most-popular-meme-stocks-today
2026-08-04T12:00:31+02:00,VT,"Vanguard Group, Inc. - Vanguard Total World Stock ETF",17,6,88,3,https://feargreedmeter.com/top-100-most-popular-meme-stocks-today
2026-08-04T12:00:31+02:00,IGV,BlackRock Institutional Trust Company N.A. - iShares Expanded Tech-Sof,9,6,89,6,https://feargreedmeter.com/top-100-most-popular-meme-stocks-today
2026-08-04T12:00:31+02:00,DNUT,Krispy Kreme,12,6,90,5,https://feargreedmeter.com/top-100-most-popular-meme-stocks-today
2026-08-04T12:00:31+02:00,TSM,TSMC,1,5,91,3,https://feargreedmeter.com/top-100-most-popular-meme-stocks-today
2026-08-04T12:00:31+02:00,DOW,Dow,17,5,92,3,https://feargreedmeter.com/top-100-most-popular-meme-stocks-today
2026-08-04T12:00:31+02:00,RE,Everest Re,33,5,93,4,https://feargreedmeter.com/top-100-most-popular-meme-stocks-today
2026-08-04T12:00:31+02:00,BABA,Alibaba,9,5,94,4,https://feargreedmeter.com/top-100-most-popular-meme-stocks-today
2026-08-04T12:00:31+02:00,VRRM,Verra Mobility,8,5,95,4,https://feargreedmeter.com/top-100-most-popular-meme-stocks-today
2026-08-04T12:00:31+02:00,REAL,The RealReal,79,5,96,4,https://feargreedmeter.com/top-100-most-popular-meme-stocks-today
2026-08-04T12:00:31+02:00,KORU,Direxion Shares ETF Trust - Direxion Daily South Korea Bull 3X Shares,10,5,97,4,https://feargreedmeter.com/top-100-most-popular-meme-stocks-today
2026-08-04T12:00:31+02:00,CAKE,The Cheesecake Factory,232,5,98,2,https://feargreedmeter.com/top-100-most-popular-meme-stocks-today
2026-08-04T12:00:31+02:00,EVER,EverQuote,4,5,99,5,https://feargreedmeter.com/top-100-most-popular-meme-stocks-today
2026-08-04T12:00:31+02:00,OPEN,Opendoor,21,5,100,-1,https://feargreedmeter.com/top-100-most-popular-meme-stocks-today
2026-08-04T14:09:44+02:00,MU,Micron Technology,3005,598,1,418,https://feargreedmeter.com/top-100-most-popular-meme-stocks-today
2026-08-04T14:09:44+02:00,SPY,SPDR S&P 500 ETF Trust,5185,522,2,394,https://feargreedmeter.com/top-100-most-popular-meme-stocks-today
2026-08-04T14:09:44+02:00,PLTR,Palantir,2123,320,3,293,https://feargreedmeter.com/top-100-most-popular-meme-stocks-today
2026-08-04T14:09:44+02:00,MSFT,Microsoft,1204,252,4,206,https://feargreedmeter.com/top-100-most-popular-meme-stocks-today
2026-08-04T14:09:44+02:00,SNDK,Sandisk,637,225,5,142,https://feargreedmeter.com/top-100-most-popular-meme-stocks-today
2026-08-04T14:09:44+02:00,SPCX,SpaceX,521,194,6,131,https://feargreedmeter.com/top-100-most-popular-meme-stocks-today
2026-08-04T14:09:44+02:00,AMD,AMD,495,172,7,126,https://feargreedmeter.com/top-100-most-popular-meme-stocks-today
2026-08-04T14:09:44+02:00,QQQ,Invesco QQQ ETF,338,126,8,93,https://feargreedmeter.com/top-100-most-popular-meme-stocks-today
2026-08-04T14:09:44+02:00,NVDA,NVIDIA,443,111,9,61,https://feargreedmeter.com/top-100-most-popular-meme-stocks-today
2026-08-04T14:09:44+02:00,DTE,DTE Energy,3686,97,10,67,https://feargreedmeter.com/top-100-most-popular-meme-stocks-today
2026-08-04T14:09:44+02:00,META,Meta Platforms (Facebook),669,92,11,60,https://feargreedmeter.com/top-100-most-popular-meme-stocks-today
2026-08-04T14:09:44+02:00,RDDT,Reddit,243,88,12,8,https://feargreedmeter.com/top-100-most-popular-meme-stocks-today
2026-08-04T14:09:44+02:00,NBIS,Nebius Group,256,85,13,70,https://feargreedmeter.com/top-100-most-popular-meme-stocks-today
2026-08-04T14:09:44+02:00,AAPL,Apple,198,82,14,54,https://feargreedmeter.com/top-100-most-popular-meme-stocks-today
2026-08-04T14:09:44+02:00,GOOGL,Alphabet (Google),170,71,15,62,https://feargreedmeter.com/top-100-most-popular-meme-stocks-today
2026-08-04T14:09:44+02:00,SOXL,Direxion Shares ETF Trust - Direxion Daily Semiconductor Bull 3X Share,170,68,16,26,https://feargreedmeter.com/top-100-most-popular-meme-stocks-today
2026-08-04T14:09:44+02:00,AMZN,Amazon,347,66,17,36,https://feargreedmeter.com/top-100-most-popular-meme-stocks-today
2026-08-04T14:09:44+02:00,VOO,Vanguard S&P 500 ETF,139,50,18,32,https://feargreedmeter.com/top-100-most-popular-meme-stocks-today
2026-08-04T14:09:44+02:00,GOOG,Alphabet (Google),552,49,19,32,https://feargreedmeter.com/top-100-most-popular-meme-stocks-today
2026-08-04T14:09:44+02:00,SNAP,Snap,154,46,20,28,https://feargreedmeter.com/top-100-most-popular-meme-stocks-today
2026-08-04T14:09:44+02:00,CD,Chindata,74,44,21,40,https://feargreedmeter.com/top-100-most-popular-meme-stocks-today
2026-08-04T14:09:44+02:00,ASTS,AST SpaceMobile,228,38,22,31,https://feargreedmeter.com/top-100-most-popular-meme-stocks-today
2026-08-04T14:09:44+02:00,RKLB,Rocket Lab USA,186,36,23,27,https://feargreedmeter.com/top-100-most-popular-meme-stocks-today
2026-08-04T14:09:44+02:00,AAOI,Applied Optoelectronics,49,35,24,28,https://feargreedmeter.com/top-100-most-popular-meme-stocks-today
2026-08-04T14:09:44+02:00,TSLA,Tesla,266,34,25,21,https://feargreedmeter.com/top-100-most-popular-meme-stocks-today
2026-08-04T14:09:44+02:00,NOW,ServiceNow,60,28,26,22,https://feargreedmeter.com/top-100-most-popular-meme-stocks-today
2026-08-04T14:09:44+02:00,CAT,Caterpillar,61,28,27,27,https://feargreedmeter.com/top-100-most-popular-meme-stocks-today
2026-08-04T14:09:44+02:00,ORCL,Oracle,106,26,28,21,https://feargreedmeter.com/top-100-most-popular-meme-stocks-today
2026-08-04T14:09:44+02:00,EU,enCore Energy,133,24,29,7,https://feargreedmeter.com/top-100-most-popular-meme-stocks-today
2026-08-04T14:09:44+02:00,IT,Gartner,94,24,30,17,https://feargreedmeter.com/top-100-most-popular-meme-stocks-today
2026-08-04T14:09:44+02:00,ALL,Allstate,134,23,31,18,https://feargreedmeter.com/top-100-most-popular-meme-stocks-today
2026-08-04T14:09:44+02:00,CC,Chemours,3536,22,32,13,https://feargreedmeter.com/top-100-most-popular-meme-stocks-today
2026-08-04T14:09:44+02:00,WDC,Western Digital,59,22,33,20,https://feargreedmeter.com/top-100-most-popular-meme-stocks-today
2026-08-04T14:09:44+02:00,SOXX,BlackRock Institutional Trust Company N.A. - BTC iShares PHLX Semicond,48,21,34,11,https://feargreedmeter.com/top-100-most-popular-meme-stocks-today
2026-08-04T14:09:44+02:00,BE,Bloom Energy,55,20,35,14,https://feargreedmeter.com/top-100-most-popular-meme-stocks-today
2026-08-04T14:09:44+02:00,ON,ON Semiconductor,84,20,36,18,https://feargreedmeter.com/top-100-most-popular-meme-stocks-today
2026-08-04T14:09:44+02:00,ES,Eversource Energy,101,20,37,10,https://feargreedmeter.com/top-100-most-popular-meme-stocks-today
2026-08-04T14:09:44+02:00,CRWV,CoreWeave,34,19,38,18,https://feargreedmeter.com/top-100-most-popular-meme-stocks-today
2026-08-04T14:09:44+02:00,AM,Antero Midstream,65,19,39,7,https://feargreedmeter.com/top-100-most-popular-meme-stocks-today
2026-08-04T14:09:44+02:00,HBM,Hudbay Minerals,49,19,40,17,https://feargreedmeter.com/top-100-most-popular-meme-stocks-today
2026-08-04T14:09:44+02:00,HOOD,Robinhood,36,18,41,13,https://feargreedmeter.com/top-100-most-popular-meme-stocks-today
2026-08-04T14:09:44+02:00,API,Agora.io,54,17,42,-12,https://feargreedmeter.com/top-100-most-popular-meme-stocks-today
2026-08-04T14:09:44+02:00,AMC,AMC Entertainment,343,17,43,16,https://feargreedmeter.com/top-100-most-popular-meme-stocks-today
2026-08-04T14:09:44+02:00,COHR,Coherent,53,17,44,16,https://feargreedmeter.com/top-100-most-popular-meme-stocks-today
2026-08-04T14:09:44+02:00,RR,Richtech Robotics,204,16,45,-6,https://feargreedmeter.com/top-100-most-popular-meme-stocks-today
2026-08-04T14:09:44+02:00,SOFI,SoFi,78,16,46,15,https://feargreedmeter.com/top-100-most-popular-meme-stocks-today
2026-08-04T14:09:44+02:00,MRVL,Marvell Technology Group,41,16,47,14,https://feargreedmeter.com/top-100-most-popular-meme-stocks-today
2026-08-04T14:09:44+02:00,AVGO,Broadcom,44,16,48,14,https://feargreedmeter.com/top-100-most-popular-meme-stocks-today
2026-08-04T14:09:44+02:00,AGI,Alamos Gold,50,15,49,12,https://feargreedmeter.com/top-100-most-popular-meme-stocks-today
2026-08-04T14:09:44+02:00,IQ,iQIYI,35,15,50,6,https://feargreedmeter.com/top-100-most-popular-meme-stocks-today
2026-08-04T14:09:44+02:00,YOU,CLEAR Secure,32,13,51,2,https://feargreedmeter.com/top-100-most-popular-meme-stocks-today
2026-08-04T14:09:44+02:00,SGOV,iShares Trust - iShares 0-3 Month Treasury Bond ETF,75,13,52,5,https://feargreedmeter.com/top-100-most-popular-meme-stocks-today
2026-08-04T14:09:44+02:00,SOXS,Direxion Shares ETF Trust - Direxion Daily Semiconductor Bear 3X Share,21,12,53,5,https://feargreedmeter.com/top-100-most-popular-meme-stocks-today
2026-08-04T14:09:44+02:00,SMH,VanEck Vectors ETF Trust - VanEck Vectors Semiconductor ETF,8,12,54,8,https://feargreedmeter.com/top-100-most-popular-meme-stocks-today
2026-08-04T14:09:44+02:00,LITE,Lumentum,44,12,55,11,https://feargreedmeter.com/top-100-most-popular-meme-stocks-today
2026-08-04T14:09:44+02:00,WEN,Wendy’s Company,94,12,56,4,https://feargreedmeter.com/top-100-most-popular-meme-stocks-today
2026-08-04T14:09:44+02:00,POET,POET Technologies,12,11,57,10,https://feargreedmeter.com/top-100-most-popular-meme-stocks-today
2026-08-04T14:09:44+02:00,IREN,Iris Energy,31,11,58,8,https://feargreedmeter.com/top-100-most-popular-meme-stocks-today
2026-08-04T14:09:44+02:00,DFNS,IronNet,16,10,59,10,https://feargreedmeter.com/top-100-most-popular-meme-stocks-today
2026-08-04T14:09:44+02:00,FOR,Forestar Group,90,10,60,5,https://feargreedmeter.com/top-100-most-popular-meme-stocks-today
2026-08-04T14:09:44+02:00,USO,United States Commodity Funds LLC - United States Oil Fund,15,10,61,-3,https://feargreedmeter.com/top-100-most-popular-meme-stocks-today
2026-08-04T14:09:44+02:00,ASML,ASML,135,10,62,2,https://feargreedmeter.com/top-100-most-popular-meme-stocks-today
2026-08-04T14:09:44+02:00,NFLX,Netflix,15,10,63,5,https://feargreedmeter.com/top-100-most-popular-meme-stocks-today
2026-08-04T14:09:44+02:00,INTC,Intel,20,10,64,4,https://feargreedmeter.com/top-100-most-popular-meme-stocks-today
2026-08-04T14:09:44+02:00,IONQ,IonQ,41,9,65,2,https://feargreedmeter.com/top-100-most-popular-meme-stocks-today
2026-08-04T14:09:44+02:00,IMAX,Imax Corp,73,9,66,8,https://feargreedmeter.com/top-100-most-popular-meme-stocks-today
2026-08-04T14:09:44+02:00,AXTI,AXT Inc,14,9,67,8,https://feargreedmeter.com/top-100-most-popular-meme-stocks-today
2026-08-04T14:09:44+02:00,FCF,First Commonwealth Financial Corp,40,9,68,5,https://feargreedmeter.com/top-100-most-popular-meme-stocks-today
2026-08-04T14:09:44+02:00,IWM,BlackRock Institutional Trust Company N.A. - BTC iShares Russell 2000,11,9,69,8,https://feargreedmeter.com/top-100-most-popular-meme-stocks-today
2026-08-04T14:09:44+02:00,DJT,Trump Media & Technology Group,24,8,70,3,https://feargreedmeter.com/top-100-most-popular-meme-stocks-today
2026-08-04T14:09:44+02:00,DOCN,DigitalOcean,24,8,71,8,https://feargreedmeter.com/top-100-most-popular-meme-stocks-today
2026-08-04T14:09:44+02:00,MSTR,MicroStrategy,16,8,72,3,https://feargreedmeter.com/top-100-most-popular-meme-stocks-today
2026-08-04T14:09:44+02:00,IBKR,Interactive Brokers,16,8,73,1,https://feargreedmeter.com/top-100-most-popular-meme-stocks-today
2026-08-04T14:09:44+02:00,SO,Southern Company,15,8,74,7,https://feargreedmeter.com/top-100-most-popular-meme-stocks-today
2026-08-04T14:09:44+02:00,IP,International Paper,27,8,75,-12,https://feargreedmeter.com/top-100-most-popular-meme-stocks-today
2026-08-04T14:09:44+02:00,GLW,Corning,20,8,76,8,https://feargreedmeter.com/top-100-most-popular-meme-stocks-today
2026-08-04T14:09:44+02:00,MCD,McDonald,19,8,77,7,https://feargreedmeter.com/top-100-most-popular-meme-stocks-today
2026-08-04T14:09:44+02:00,ONDS,Ondas Holdings,18,7,78,6,https://feargreedmeter.com/top-100-most-popular-meme-stocks-today
2026-08-04T14:09:44+02:00,PUMP,ProPetro,22,7,79,6,https://feargreedmeter.com/top-100-most-popular-meme-stocks-today
2026-08-04T14:09:44+02:00,TQQQ,ProShares Trust - ProShares UltraPro QQQ,11,7,80,0,https://feargreedmeter.com/top-100-most-popular-meme-stocks-today
2026-08-04T14:09:44+02:00,VTI,Vanguard Total Stock Market ETF,19,7,81,3,https://feargreedmeter.com/top-100-most-popular-meme-stocks-today
2026-08-04T14:09:44+02:00,ET,Energy Transfer Partners,31,7,82,1,https://feargreedmeter.com/top-100-most-popular-meme-stocks-today
2026-08-04T14:09:44+02:00,UI,Ubiquiti,23,7,83,6,https://feargreedmeter.com/top-100-most-popular-meme-stocks-today
2026-08-04T14:09:44+02:00,CELH,Celsius Holdings,18,7,84,6,https://feargreedmeter.com/top-100-most-popular-meme-stocks-today
2026-08-04T14:09:44+02:00,ICE,Intercontinental Exchange,7,7,85,6,https://feargreedmeter.com/top-100-most-popular-meme-stocks-today
2026-08-04T14:09:44+02:00,LINK,Interlink Electronics,7,6,86,2,https://feargreedmeter.com/top-100-most-popular-meme-stocks-today
2026-08-04T14:09:44+02:00,APLD,Applied Blockchain,14,6,87,5,https://feargreedmeter.com/top-100-most-popular-meme-stocks-today
2026-08-04T14:09:44+02:00,UP,Wheels Up,114,6,88,3,https://feargreedmeter.com/top-100-most-popular-meme-stocks-today
2026-08-04T14:09:44+02:00,IGV,BlackRock Institutional Trust Company N.A. - iShares Expanded Tech-Sof,9,6,89,6,https://feargreedmeter.com/top-100-most-popular-meme-stocks-today
2026-08-04T14:09:44+02:00,IG,Principal Exchange-Traded Funds - Principal Investment Grade Corporate,11,6,90,3,https://feargreedmeter.com/top-100-most-popular-meme-stocks-today
2026-08-04T14:09:44+02:00,MAGA,ETF Series Solutions Trust - Point Bridge GOP Stock Tracker ETF,139,6,91,4,https://feargreedmeter.com/top-100-most-popular-meme-stocks-today
2026-08-04T14:09:44+02:00,OR,Osisko Gold Royalties,14,6,92,1,https://feargreedmeter.com/top-100-most-popular-meme-stocks-today
2026-08-04T14:09:44+02:00,PS,Pluralsight,166,6,93,5,https://feargreedmeter.com/top-100-most-popular-meme-stocks-today
2026-08-04T14:09:44+02:00,BABA,Alibaba,10,6,94,5,https://feargreedmeter.com/top-100-most-popular-meme-stocks-today
2026-08-04T14:09:44+02:00,CVX,Chevron,30,6,95,4,https://feargreedmeter.com/top-100-most-popular-meme-stocks-today
2026-08-04T14:09:44+02:00,DOW,Dow,21,6,96,4,https://feargreedmeter.com/top-100-most-popular-meme-stocks-today
2026-08-04T14:09:44+02:00,NVO,Novo Nordisk,19,6,97,5,https://feargreedmeter.com/top-100-most-popular-meme-stocks-today
2026-08-04T14:09:44+02:00,RITR,Reitar Logtech Holdings,12,5,98,5,https://feargreedmeter.com/top-100-most-popular-meme-stocks-today
2026-08-04T14:09:44+02:00,LOT,Lotus Technology,59,5,99,4,https://feargreedmeter.com/top-100-most-popular-meme-stocks-today
2026-08-04T14:09:44+02:00,DNUT,Krispy Kreme,11,5,100,3,https://feargreedmeter.com/top-100-most-popular-meme-stocks-today
2026-08-04T16:39:29+02:00,MU,Micron Technology,2831,560,1,296,https://feargreedmeter.com/top-100-most-popular-meme-stocks-today
2026-08-04T16:39:29+02:00,SPY,SPDR S&P 500 ETF Trust,5383,558,2,396,https://feargreedmeter.com/top-100-most-popular-meme-stocks-today
2026-08-04T16:39:29+02:00,PLTR,Palantir,2235,355,3,318,https://feargreedmeter.com/top-100-most-popular-meme-stocks-today
2026-08-04T16:39:29+02:00,SNDK,Sandisk,608,219,4,119,https://feargreedmeter.com/top-100-most-popular-meme-stocks-today
2026-08-04T16:39:29+02:00,SPCX,SpaceX,616,211,5,125,https://feargreedmeter.com/top-100-most-popular-meme-stocks-today
2026-08-04T16:39:29+02:00,AMD,AMD,604,202,6,139,https://feargreedmeter.com/top-100-most-popular-meme-stocks-today
2026-08-04T16:39:29+02:00,MSFT,Microsoft,696,197,7,92,https://feargreedmeter.com/top-100-most-popular-meme-stocks-today
2026-08-04T16:39:29+02:00,QQQ,Invesco QQQ ETF,367,126,8,85,https://feargreedmeter.com/top-100-most-popular-meme-stocks-today
2026-08-04T16:39:29+02:00,NVDA,NVIDIA,378,102,9,33,https://feargreedmeter.com/top-100-most-popular-meme-stocks-today
2026-08-04T16:39:29+02:00,DTE,DTE Energy,3941,96,10,69,https://feargreedmeter.com/top-100-most-popular-meme-stocks-today
2026-08-04T16:39:29+02:00,NBIS,Nebius Group,243,80,11,57,https://feargreedmeter.com/top-100-most-popular-meme-stocks-today
2026-08-04T16:39:29+02:00,SOXL,Direxion Shares ETF Trust - Direxion Daily Semiconductor Bull 3X Share,182,78,12,33,https://feargreedmeter.com/top-100-most-popular-meme-stocks-today
2026-08-04T16:39:29+02:00,RDDT,Reddit,209,77,13,-14,https://feargreedmeter.com/top-100-most-popular-meme-stocks-today
2026-08-04T16:39:29+02:00,AAPL,Apple,183,76,14,40,https://feargreedmeter.com/top-100-most-popular-meme-stocks-today
2026-08-04T16:39:29+02:00,META,Meta Platforms (Facebook),265,66,15,12,https://feargreedmeter.com/top-100-most-popular-meme-stocks-today
2026-08-04T16:39:29+02:00,VOO,Vanguard S&P 500 ETF,147,55,16,40,https://feargreedmeter.com/top-100-most-popular-meme-stocks-today
2026-08-04T16:39:29+02:00,AMZN,Amazon,441,53,17,8,https://feargreedmeter.com/top-100-most-popular-meme-stocks-today
2026-08-04T16:39:29+02:00,GOOGL,Alphabet (Google),115,52,18,24,https://feargreedmeter.com/top-100-most-popular-meme-stocks-today
2026-08-04T16:39:29+02:00,SNAP,Snap,158,46,19,26,https://feargreedmeter.com/top-100-most-popular-meme-stocks-today
2026-08-04T16:39:29+02:00,AAOI,Applied Optoelectronics,135,43,20,36,https://feargreedmeter.com/top-100-most-popular-meme-stocks-today
2026-08-04T16:39:29+02:00,ASTS,AST SpaceMobile,207,42,21,30,https://feargreedmeter.com/top-100-most-popular-meme-stocks-today
2026-08-04T16:39:29+02:00,CAT,Caterpillar,114,40,22,39,https://feargreedmeter.com/top-100-most-popular-meme-stocks-today
2026-08-04T16:39:29+02:00,GOOG,Alphabet (Google),173,35,23,9,https://feargreedmeter.com/top-100-most-popular-meme-stocks-today
2026-08-04T16:39:29+02:00,CD,Chindata,45,34,24,13,https://feargreedmeter.com/top-100-most-popular-meme-stocks-today
2026-08-04T16:39:29+02:00,RKLB,Rocket Lab USA,152,33,25,20,https://feargreedmeter.com/top-100-most-popular-meme-stocks-today
2026-08-04T16:39:29+02:00,TSLA,Tesla,276,31,26,14,https://feargreedmeter.com/top-100-most-popular-meme-stocks-today
2026-08-04T16:39:29+02:00,EU,enCore Energy,172,30,27,16,https://feargreedmeter.com/top-100-most-popular-meme-stocks-today
2026-08-04T16:39:29+02:00,HOOD,Robinhood,48,25,28,17,https://feargreedmeter.com/top-100-most-popular-meme-stocks-today
2026-08-04T16:39:29+02:00,IT,Gartner,99,25,29,18,https://feargreedmeter.com/top-100-most-popular-meme-stocks-today
2026-08-04T16:39:29+02:00,API,Agora.io,979,24,30,-4,https://feargreedmeter.com/top-100-most-popular-meme-stocks-today
2026-08-04T16:39:29+02:00,CC,Chemours,3800,24,31,16,https://feargreedmeter.com/top-100-most-popular-meme-stocks-today
2026-08-04T16:39:29+02:00,ALL,Allstate,149,24,32,20,https://feargreedmeter.com/top-100-most-popular-meme-stocks-today
2026-08-04T16:39:29+02:00,WDC,Western Digital,51,23,33,18,https://feargreedmeter.com/top-100-most-popular-meme-stocks-today
2026-08-04T16:39:29+02:00,NOW,ServiceNow,27,22,34,8,https://feargreedmeter.com/top-100-most-popular-meme-stocks-today
2026-08-04T16:39:29+02:00,ORCL,Oracle,99,22,35,14,https://feargreedmeter.com/top-100-most-popular-meme-stocks-today
2026-08-04T16:39:29+02:00,SOXX,BlackRock Institutional Trust Company N.A. - BTC iShares PHLX Semicond,62,21,36,11,https://feargreedmeter.com/top-100-most-popular-meme-stocks-today
2026-08-04T16:39:29+02:00,BE,Bloom Energy,58,21,37,17,https://feargreedmeter.com/top-100-most-popular-meme-stocks-today
2026-08-04T16:39:29+02:00,HBM,Hudbay Minerals,51,21,38,18,https://feargreedmeter.com/top-100-most-popular-meme-stocks-today
2026-08-04T16:39:29+02:00,COHR,Coherent,249,20,39,19,https://feargreedmeter.com/top-100-most-popular-meme-stocks-today
2026-08-04T16:39:29+02:00,ON,ON Semiconductor,85,20,40,17,https://feargreedmeter.com/top-100-most-popular-meme-stocks-today
2026-08-04T16:39:29+02:00,ES,Eversource Energy,119,20,41,8,https://feargreedmeter.com/top-100-most-popular-meme-stocks-today
2026-08-04T16:39:29+02:00,AM,Antero Midstream,39,18,42,5,https://feargreedmeter.com/top-100-most-popular-meme-stocks-today
2026-08-04T16:39:29+02:00,MRVL,Marvell Technology Group,45,18,43,14,https://feargreedmeter.com/top-100-most-popular-meme-stocks-today
2026-08-04T16:39:29+02:00,AVGO,Broadcom,33,18,44,15,https://feargreedmeter.com/top-100-most-popular-meme-stocks-today
2026-08-04T16:39:29+02:00,SOFI,SoFi,77,17,45,16,https://feargreedmeter.com/top-100-most-popular-meme-stocks-today
2026-08-04T16:39:29+02:00,YOU,CLEAR Secure,44,17,46,9,https://feargreedmeter.com/top-100-most-popular-meme-stocks-today
2026-08-04T16:39:29+02:00,AMC,AMC Entertainment,339,16,47,11,https://feargreedmeter.com/top-100-most-popular-meme-stocks-today
2026-08-04T16:39:29+02:00,IQ,iQIYI,38,16,48,7,https://feargreedmeter.com/top-100-most-popular-meme-stocks-today
2026-08-04T16:39:29+02:00,LITE,Lumentum,242,16,49,15,https://feargreedmeter.com/top-100-most-popular-meme-stocks-today
2026-08-04T16:39:29+02:00,CRWV,CoreWeave,23,15,50,8,https://feargreedmeter.com/top-100-most-popular-meme-stocks-today
2026-08-04T16:39:29+02:00,AGI,Alamos Gold,55,15,51,12,https://feargreedmeter.com/top-100-most-popular-meme-stocks-today
2026-08-04T16:39:29+02:00,POET,POET Technologies,30,14,52,13,https://feargreedmeter.com/top-100-most-popular-meme-stocks-today
2026-08-04T16:39:29+02:00,WEN,Wendy’s Company,109,14,53,6,https://feargreedmeter.com/top-100-most-popular-meme-stocks-today
2026-08-04T16:39:29+02:00,SMH,VanEck Vectors ETF Trust - VanEck Vectors Semiconductor ETF,10,13,54,10,https://feargreedmeter.com/top-100-most-popular-meme-stocks-today
2026-08-04T16:39:29+02:00,RR,Richtech Robotics,64,12,55,-10,https://feargreedmeter.com/top-100-most-popular-meme-stocks-today
2026-08-04T16:39:29+02:00,AXTI,AXT Inc,17,12,56,11,https://feargreedmeter.com/top-100-most-popular-meme-stocks-today
2026-08-04T16:39:29+02:00,ASML,ASML,160,12,57,5,https://feargreedmeter.com/top-100-most-popular-meme-stocks-today
2026-08-04T16:39:29+02:00,USO,United States Commodity Funds LLC - United States Oil Fund,20,11,58,-3,https://feargreedmeter.com/top-100-most-popular-meme-stocks-today
2026-08-04T16:39:29+02:00,IREN,Iris Energy,30,10,59,7,https://feargreedmeter.com/top-100-most-popular-meme-stocks-today
2026-08-04T16:39:29+02:00,DOCN,DigitalOcean,27,10,60,10,https://feargreedmeter.com/top-100-most-popular-meme-stocks-today
2026-08-04T16:39:29+02:00,IMAX,Imax Corp,84,10,61,9,https://feargreedmeter.com/top-100-most-popular-meme-stocks-today
2026-08-04T16:39:29+02:00,PUMP,ProPetro,30,10,62,9,https://feargreedmeter.com/top-100-most-popular-meme-stocks-today
2026-08-04T16:39:29+02:00,SOXS,Direxion Shares ETF Trust - Direxion Daily Semiconductor Bear 3X Share,17,10,63,1,https://feargreedmeter.com/top-100-most-popular-meme-stocks-today
2026-08-04T16:39:29+02:00,IBKR,Interactive Brokers,27,10,64,5,https://feargreedmeter.com/top-100-most-popular-meme-stocks-today
2026-08-04T16:39:29+02:00,MCD,McDonald,21,10,65,9,https://feargreedmeter.com/top-100-most-popular-meme-stocks-today
2026-08-04T16:39:29+02:00,DJT,Trump Media & Technology Group,25,9,66,4,https://feargreedmeter.com/top-100-most-popular-meme-stocks-today
2026-08-04T16:39:29+02:00,ONDS,Ondas Holdings,18,9,67,8,https://feargreedmeter.com/top-100-most-popular-meme-stocks-today
2026-08-04T16:39:29+02:00,FOR,Forestar Group,81,9,68,2,https://feargreedmeter.com/top-100-most-popular-meme-stocks-today
2026-08-04T16:39:29+02:00,SGOV,iShares Trust - iShares 0-3 Month Treasury Bond ETF,33,9,69,-7,https://feargreedmeter.com/top-100-most-popular-meme-stocks-today
2026-08-04T16:39:29+02:00,IWM,BlackRock Institutional Trust Company N.A. - BTC iShares Russell 2000,11,9,70,8,https://feargreedmeter.com/top-100-most-popular-meme-stocks-today
2026-08-04T16:39:29+02:00,GLW,Corning,23,9,71,9,https://feargreedmeter.com/top-100-most-popular-meme-stocks-today
2026-08-04T16:39:29+02:00,UP,Wheels Up,119,8,72,5,https://feargreedmeter.com/top-100-most-popular-meme-stocks-today
2026-08-04T16:39:29+02:00,VTI,Vanguard Total Stock Market ETF,20,8,73,4,https://feargreedmeter.com/top-100-most-popular-meme-stocks-today
2026-08-04T16:39:29+02:00,ET,Energy Transfer Partners,36,8,74,3,https://feargreedmeter.com/top-100-most-popular-meme-stocks-today
2026-08-04T16:39:29+02:00,PS,Pluralsight,219,8,75,7,https://feargreedmeter.com/top-100-most-popular-meme-stocks-today
2026-08-04T16:39:29+02:00,LINK,Interlink Electronics,8,7,76,3,https://feargreedmeter.com/top-100-most-popular-meme-stocks-today
2026-08-04T16:39:29+02:00,IONQ,IonQ,39,7,77,-1,https://feargreedmeter.com/top-100-most-popular-meme-stocks-today
2026-08-04T16:39:29+02:00,DFNS,IronNet,12,7,78,4,https://feargreedmeter.com/top-100-most-popular-meme-stocks-today
2026-08-04T16:39:29+02:00,TQQQ,ProShares Trust - ProShares UltraPro QQQ,11,7,79,0,https://feargreedmeter.com/top-100-most-popular-meme-stocks-today
2026-08-04T16:39:29+02:00,ATR,AptarGroup,10,7,80,6,https://feargreedmeter.com/top-100-most-popular-meme-stocks-today
2026-08-04T16:39:29+02:00,UPS,United Parcel Service,22,7,81,6,https://feargreedmeter.com/top-100-most-popular-meme-stocks-today
2026-08-04T16:39:29+02:00,SO,Southern Company,17,7,82,3,https://feargreedmeter.com/top-100-most-popular-meme-stocks-today
2026-08-04T16:39:29+02:00,DOW,Dow,21,7,83,3,https://feargreedmeter.com/top-100-most-popular-meme-stocks-today
2026-08-04T16:39:29+02:00,LOT,Lotus Technology,70,6,84,5,https://feargreedmeter.com/top-100-most-popular-meme-stocks-today
2026-08-04T16:39:29+02:00,APLD,Applied Blockchain,13,6,85,4,https://feargreedmeter.com/top-100-most-popular-meme-stocks-today
2026-08-04T16:39:29+02:00,CAN,Canaan,19,6,86,5,https://feargreedmeter.com/top-100-most-popular-meme-stocks-today
2026-08-04T16:39:29+02:00,MSTR,MicroStrategy,14,6,87,2,https://feargreedmeter.com/top-100-most-popular-meme-stocks-today
2026-08-04T16:39:29+02:00,VT,"Vanguard Group, Inc. - Vanguard Total World Stock ETF",28,6,88,3,https://feargreedmeter.com/top-100-most-popular-meme-stocks-today
2026-08-04T16:39:29+02:00,KORU,Direxion Shares ETF Trust - Direxion Daily South Korea Bull 3X Shares,11,6,89,5,https://feargreedmeter.com/top-100-most-popular-meme-stocks-today
2026-08-04T16:39:29+02:00,UI,Ubiquiti,17,6,90,5,https://feargreedmeter.com/top-100-most-popular-meme-stocks-today
2026-08-04T16:39:29+02:00,CELH,Celsius Holdings,18,6,91,4,https://feargreedmeter.com/top-100-most-popular-meme-stocks-today
2026-08-04T16:39:29+02:00,VRRM,Verra Mobility,7,6,92,5,https://feargreedmeter.com/top-100-most-popular-meme-stocks-today
2026-08-04T16:39:29+02:00,CVX,Chevron,32,6,93,4,https://feargreedmeter.com/top-100-most-popular-meme-stocks-today
2026-08-04T16:39:29+02:00,ICE,Intercontinental Exchange,6,6,94,5,https://feargreedmeter.com/top-100-most-popular-meme-stocks-today
2026-08-04T16:39:29+02:00,INTC,Intel,11,6,95,-4,https://feargreedmeter.com/top-100-most-popular-meme-stocks-today
2026-08-04T16:39:29+02:00,ALAB,Astera Labs,8,5,96,4,https://feargreedmeter.com/top-100-most-popular-meme-stocks-today
2026-08-04T16:39:29+02:00,LUNR,Intuitive Machines,13,5,97,4,https://feargreedmeter.com/top-100-most-popular-meme-stocks-today
2026-08-04T16:39:29+02:00,GRND,Grindr,7,5,98,-6,https://feargreedmeter.com/top-100-most-popular-meme-stocks-today
2026-08-04T16:39:29+02:00,GLP,Global Partners LP,35,5,99,0,https://feargreedmeter.com/top-100-most-popular-meme-stocks-today
2026-08-04T16:39:29+02:00,OG,Onion Global,27,5,100,4,https://feargreedmeter.com/top-100-most-popular-meme-stocks-today
2026-08-04T18:31:11+02:00,SPY,SPDR S&P 500 ETF Trust,5641,631,1,391,https://feargreedmeter.com/top-100-most-popular-meme-stocks-today
2026-08-04T18:31:11+02:00,MU,Micron Technology,2742,501,2,132,https://feargreedmeter.com/top-100-most-popular-meme-stocks-today
2026-08-04T18:31:11+02:00,PLTR,Palantir,2332,381,3,336,https://feargreedmeter.com/top-100-most-popular-meme-stocks-today
2026-08-04T18:31:11+02:00,AMD,AMD,1026,264,4,199,https://feargreedmeter.com/top-100-most-popular-meme-stocks-today
2026-08-04T18:31:11+02:00,SPCX,SpaceX,645,228,5,115,https://feargreedmeter.com/top-100-most-popular-meme-stocks-today
2026-08-04T18:31:11+02:00,SNDK,Sandisk,620,224,6,99,https://feargreedmeter.com/top-100-most-popular-meme-stocks-today
2026-08-04T18:31:11+02:00,MSFT,Microsoft,626,196,7,46,https://feargreedmeter.com/top-100-most-popular-meme-stocks-today
2026-08-04T18:31:11+02:00,QQQ,Invesco QQQ ETF,395,142,8,78,https://feargreedmeter.com/top-100-most-popular-meme-stocks-today
2026-08-04T18:31:11+02:00,NVDA,NVIDIA,400,110,9,16,https://feargreedmeter.com/top-100-most-popular-meme-stocks-today
2026-08-04T18:31:11+02:00,DTE,DTE Energy,4085,106,10,73,https://feargreedmeter.com/top-100-most-popular-meme-stocks-today
2026-08-04T18:31:11+02:00,SOXL,Direxion Shares ETF Trust - Direxion Daily Semiconductor Bull 3X Share,191,82,11,38,https://feargreedmeter.com/top-100-most-popular-meme-stocks-today
2026-08-04T18:31:11+02:00,RDDT,Reddit,165,69,12,-40,https://feargreedmeter.com/top-100-most-popular-meme-stocks-today
2026-08-04T18:31:11+02:00,NBIS,Nebius Group,184,67,13,28,https://feargreedmeter.com/top-100-most-popular-meme-stocks-today
2026-08-04T18:31:11+02:00,VOO,Vanguard S&P 500 ETF,176,63,14,46,https://feargreedmeter.com/top-100-most-popular-meme-stocks-today
2026-08-04T18:31:11+02:00,AAPL,Apple,132,59,15,-1,https://feargreedmeter.com/top-100-most-popular-meme-stocks-today
2026-08-04T18:31:11+02:00,META,Meta Platforms (Facebook),247,56,16,-21,https://feargreedmeter.com/top-100-most-popular-meme-stocks-today
2026-08-04T18:31:11+02:00,AMZN,Amazon,398,55,17,5,https://feargreedmeter.com/top-100-most-popular-meme-stocks-today
2026-08-04T18:31:11+02:00,GOOGL,Alphabet (Google),119,50,18,5,https://feargreedmeter.com/top-100-most-popular-meme-stocks-today
2026-08-04T18:31:11+02:00,CAT,Caterpillar,124,45,19,44,https://feargreedmeter.com/top-100-most-popular-meme-stocks-today
2026-08-04T18:31:11+02:00,SNAP,Snap,153,44,20,23,https://feargreedmeter.com/top-100-most-popular-meme-stocks-today
2026-08-04T18:31:11+02:00,ASTS,AST SpaceMobile,215,43,21,28,https://feargreedmeter.com/top-100-most-popular-meme-stocks-today
2026-08-04T18:31:11+02:00,AAOI,Applied Optoelectronics,171,42,22,29,https://feargreedmeter.com/top-100-most-popular-meme-stocks-today
2026-08-04T18:31:11+02:00,RKLB,Rocket Lab USA,92,36,23,19,https://feargreedmeter.com/top-100-most-popular-meme-stocks-today
2026-08-04T18:31:11+02:00,GOOG,Alphabet (Google),174,36,24,-1,https://feargreedmeter.com/top-100-most-popular-meme-stocks-today
2026-08-04T18:31:11+02:00,EU,enCore Energy,165,31,25,20,https://feargreedmeter.com/top-100-most-popular-meme-stocks-today
2026-08-04T18:31:11+02:00,TSLA,Tesla,280,30,26,6,https://feargreedmeter.com/top-100-most-popular-meme-stocks-today
2026-08-04T18:31:11+02:00,ORCL,Oracle,112,29,27,19,https://feargreedmeter.com/top-100-most-popular-meme-stocks-today
2026-08-04T18:31:11+02:00,API,Agora.io,3462,27,28,6,https://feargreedmeter.com/top-100-most-popular-meme-stocks-today
2026-08-04T18:31:11+02:00,NOW,ServiceNow,41,26,29,9,https://feargreedmeter.com/top-100-most-popular-meme-stocks-today
2026-08-04T18:31:11+02:00,HOOD,Robinhood,42,25,30,12,https://feargreedmeter.com/top-100-most-popular-meme-stocks-today
2026-08-04T18:31:11+02:00,ON,ON Semiconductor,88,25,31,21,https://feargreedmeter.com/top-100-most-popular-meme-stocks-today
2026-08-04T18:31:11+02:00,IT,Gartner,109,24,32,14,https://feargreedmeter.com/top-100-most-popular-meme-stocks-today
2026-08-04T18:31:11+02:00,ALL,Allstate,145,24,33,19,https://feargreedmeter.com/top-100-most-popular-meme-stocks-today
2026-08-04T18:31:11+02:00,CD,Chindata,24,22,34,-15,https://feargreedmeter.com/top-100-most-popular-meme-stocks-today
2026-08-04T18:31:11+02:00,CC,Chemours,3930,22,35,13,https://feargreedmeter.com/top-100-most-popular-meme-stocks-today
2026-08-04T18:31:11+02:00,WDC,Western Digital,48,22,36,14,https://feargreedmeter.com/top-100-most-popular-meme-stocks-today
2026-08-04T18:31:11+02:00,MRVL,Marvell Technology Group,49,21,37,17,https://feargreedmeter.com/top-100-most-popular-meme-stocks-today
2026-08-04T18:31:11+02:00,HBM,Hudbay Minerals,88,20,38,14,https://feargreedmeter.com/top-100-most-popular-meme-stocks-today
2026-08-04T18:31:11+02:00,ES,Eversource Energy,34,20,39,4,https://feargreedmeter.com/top-100-most-popular-meme-stocks-today
2026-08-04T18:31:11+02:00,SOFI,SoFi,81,19,40,17,https://feargreedmeter.com/top-100-most-popular-meme-stocks-today
2026-08-04T18:31:11+02:00,YOU,CLEAR Secure,53,19,41,10,https://feargreedmeter.com/top-100-most-popular-meme-stocks-today
2026-08-04T18:31:11+02:00,BE,Bloom Energy,53,18,42,10,https://feargreedmeter.com/top-100-most-popular-meme-stocks-today
2026-08-04T18:31:11+02:00,COHR,Coherent,370,18,43,17,https://feargreedmeter.com/top-100-most-popular-meme-stocks-today
2026-08-04T18:31:11+02:00,SOXX,BlackRock Institutional Trust Company N.A. - BTC iShares PHLX Semicond,61,17,44,3,https://feargreedmeter.com/top-100-most-popular-meme-stocks-today
2026-08-04T18:31:11+02:00,AGI,Alamos Gold,60,17,45,14,https://feargreedmeter.com/top-100-most-popular-meme-stocks-today
2026-08-04T18:31:11+02:00,AM,Antero Midstream,37,17,46,3,https://feargreedmeter.com/top-100-most-popular-meme-stocks-today
2026-08-04T18:31:11+02:00,LITE,Lumentum,364,16,47,15,https://feargreedmeter.com/top-100-most-popular-meme-stocks-today
2026-08-04T18:31:11+02:00,AVGO,Broadcom,30,16,48,9,https://feargreedmeter.com/top-100-most-popular-meme-stocks-today
2026-08-04T18:31:11+02:00,SMH,VanEck Vectors ETF Trust - VanEck Vectors Semiconductor ETF,10,15,49,8,https://feargreedmeter.com/top-100-most-popular-meme-stocks-today
2026-08-04T18:31:11+02:00,IQ,iQIYI,41,15,50,6,https://feargreedmeter.com/top-100-most-popular-meme-stocks-today
2026-08-04T18:31:11+02:00,POET,POET Technologies,30,14,51,13,https://feargreedmeter.com/top-100-most-popular-meme-stocks-today
2026-08-04T18:31:11+02:00,AMC,AMC Entertainment,340,14,52,7,https://feargreedmeter.com/top-100-most-popular-meme-stocks-today
2026-08-04T18:31:11+02:00,WEN,Wendy’s Company,112,14,53,4,https://feargreedmeter.com/top-100-most-popular-meme-stocks-today
2026-08-04T18:31:11+02:00,CRWV,CoreWeave,22,13,54,3,https://feargreedmeter.com/top-100-most-popular-meme-stocks-today
2026-08-04T18:31:11+02:00,USO,United States Commodity Funds LLC - United States Oil Fund,24,13,55,0,https://feargreedmeter.com/top-100-most-popular-meme-stocks-today
2026-08-04T18:31:11+02:00,INTC,Intel,20,13,56,2,https://feargreedmeter.com/top-100-most-popular-meme-stocks-today
2026-08-04T18:31:11+02:00,VTI,Vanguard Total Stock Market ETF,33,12,57,9,https://feargreedmeter.com/top-100-most-popular-meme-stocks-today
2026-08-04T18:31:11+02:00,AXTI,AXT Inc,15,11,58,10,https://feargreedmeter.com/top-100-most-popular-meme-stocks-today
2026-08-04T18:31:11+02:00,ASML,ASML,167,11,59,3,https://feargreedmeter.com/top-100-most-popular-meme-stocks-today
2026-08-04T18:31:11+02:00,UP,Wheels Up,124,10,60,5,https://feargreedmeter.com/top-100-most-popular-meme-stocks-today
2026-08-04T18:31:11+02:00,DOCN,DigitalOcean,24,10,61,10,https://feargreedmeter.com/top-100-most-popular-meme-stocks-today
2026-08-04T18:31:11+02:00,PUMP,ProPetro,27,10,62,7,https://feargreedmeter.com/top-100-most-popular-meme-stocks-today
2026-08-04T18:31:11+02:00,GLW,Corning,24,10,63,10,https://feargreedmeter.com/top-100-most-popular-meme-stocks-today
2026-08-04T18:31:11+02:00,DJT,Trump Media & Technology Group,28,9,64,4,https://feargreedmeter.com/top-100-most-popular-meme-stocks-today
2026-08-04T18:31:11+02:00,RR,Richtech Robotics,17,9,65,-16,https://feargreedmeter.com/top-100-most-popular-meme-stocks-today
2026-08-04T18:31:11+02:00,ONDS,Ondas Holdings,17,9,66,7,https://feargreedmeter.com/top-100-most-popular-meme-stocks-today
2026-08-04T18:31:11+02:00,IREN,Iris Energy,32,9,67,4,https://feargreedmeter.com/top-100-most-popular-meme-stocks-today
2026-08-04T18:31:11+02:00,IMAX,Imax Corp,87,9,68,7,https://feargreedmeter.com/top-100-most-popular-meme-stocks-today
2026-08-04T18:31:11+02:00,SOXS,Direxion Shares ETF Trust - Direxion Daily Semiconductor Bear 3X Share,17,9,69,2,https://feargreedmeter.com/top-100-most-popular-meme-stocks-today
2026-08-04T18:31:11+02:00,IWM,BlackRock Institutional Trust Company N.A. - BTC iShares Russell 2000,11,9,70,8,https://feargreedmeter.com/top-100-most-popular-meme-stocks-today
2026-08-04T18:31:11+02:00,VT,"Vanguard Group, Inc. - Vanguard Total World Stock ETF",36,9,71,7,https://feargreedmeter.com/top-100-most-popular-meme-stocks-today
2026-08-04T18:31:11+02:00,ET,Energy Transfer Partners,38,9,72,2,https://feargreedmeter.com/top-100-most-popular-meme-stocks-today
2026-08-04T18:31:11+02:00,ALAB,Astera Labs,12,8,73,7,https://feargreedmeter.com/top-100-most-popular-meme-stocks-today
2026-08-04T18:31:11+02:00,LINK,Interlink Electronics,10,8,74,4,https://feargreedmeter.com/top-100-most-popular-meme-stocks-today
2026-08-04T18:31:11+02:00,PS,Pluralsight,261,8,75,7,https://feargreedmeter.com/top-100-most-popular-meme-stocks-today
2026-08-04T18:31:11+02:00,VRRM,Verra Mobility,9,8,76,7,https://feargreedmeter.com/top-100-most-popular-meme-stocks-today
2026-08-04T18:31:11+02:00,SO,Southern Company,19,8,77,3,https://feargreedmeter.com/top-100-most-popular-meme-stocks-today
2026-08-04T18:31:11+02:00,MCD,McDonald,14,8,78,7,https://feargreedmeter.com/top-100-most-popular-meme-stocks-today
2026-08-04T18:31:11+02:00,BLZE,Backblaze,12,7,79,7,https://feargreedmeter.com/top-100-most-popular-meme-stocks-today
2026-08-04T18:31:11+02:00,DFNS,IronNet,12,7,80,3,https://feargreedmeter.com/top-100-most-popular-meme-stocks-today
2026-08-04T18:31:11+02:00,FOR,Forestar Group,74,7,81,-2,https://feargreedmeter.com/top-100-most-popular-meme-stocks-today
2026-08-04T18:31:11+02:00,OPEN,Opendoor,21,7,82,0,https://feargreedmeter.com/top-100-most-popular-meme-stocks-today
2026-08-04T18:31:11+02:00,MSTR,MicroStrategy,11,7,83,1,https://feargreedmeter.com/top-100-most-popular-meme-stocks-today
2026-08-04T18:31:11+02:00,SGOV,iShares Trust - iShares 0-3 Month Treasury Bond ETF,29,7,84,-10,https://feargreedmeter.com/top-100-most-popular-meme-stocks-today
2026-08-04T18:31:11+02:00,TQQQ,ProShares Trust - ProShares UltraPro QQQ,8,7,85,-2,https://feargreedmeter.com/top-100-most-popular-meme-stocks-today
2026-08-04T18:31:11+02:00,ATR,AptarGroup,11,7,86,6,https://feargreedmeter.com/top-100-most-popular-meme-stocks-today
2026-08-04T18:31:11+02:00,UI,Ubiquiti,18,7,87,6,https://feargreedmeter.com/top-100-most-popular-meme-stocks-today
2026-08-04T18:31:11+02:00,IBKR,Interactive Brokers,21,7,88,3,https://feargreedmeter.com/top-100-most-popular-meme-stocks-today
2026-08-04T18:31:11+02:00,CVX,Chevron,34,7,89,5,https://feargreedmeter.com/top-100-most-popular-meme-stocks-today
2026-08-04T18:31:11+02:00,UPS,United Parcel Service,24,7,90,6,https://feargreedmeter.com/top-100-most-popular-meme-stocks-today
2026-08-04T18:31:11+02:00,DOW,Dow,19,7,91,2,https://feargreedmeter.com/top-100-most-popular-meme-stocks-today
2026-08-04T18:31:11+02:00,NFLX,Netflix,15,7,92,-6,https://feargreedmeter.com/top-100-most-popular-meme-stocks-today
2026-08-04T18:31:11+02:00,LOT,Lotus Technology,93,6,93,5,https://feargreedmeter.com/top-100-most-popular-meme-stocks-today
2026-08-04T18:31:11+02:00,IONQ,IonQ,40,6,94,-4,https://feargreedmeter.com/top-100-most-popular-meme-stocks-today
2026-08-04T18:31:11+02:00,CAN,Canaan,20,6,95,5,https://feargreedmeter.com/top-100-most-popular-meme-stocks-today
2026-08-04T18:31:11+02:00,SNOW,Snowflake,17,6,96,5,https://feargreedmeter.com/top-100-most-popular-meme-stocks-today
2026-08-04T18:31:11+02:00,CELH,Celsius Holdings,16,6,97,4,https://feargreedmeter.com/top-100-most-popular-meme-stocks-today
2026-08-04T18:31:11+02:00,STX,Seagate Technology,11,6,98,3,https://feargreedmeter.com/top-100-most-popular-meme-stocks-today
2026-08-04T18:31:11+02:00,ICE,Intercontinental Exchange,6,6,99,5,https://feargreedmeter.com/top-100-most-popular-meme-stocks-today
2026-08-04T18:31:11+02:00,BULL,Webull,22,5,100,5,https://feargreedmeter.com/top-100-most-popular-meme-stocks-today
2026-08-04T20:14:50+02:00,SPY,SPDR S&P 500 ETF Trust,4099,707,1,404,https://feargreedmeter.com/top-100-most-popular-meme-stocks-today
2026-08-04T20:14:50+02:00,MU,Micron Technology,2712,468,2,1,https://feargreedmeter.com/top-100-most-popular-meme-stocks-today
2026-08-04T20:14:50+02:00,PLTR,Palantir,2416,405,3,350,https://feargreedmeter.com/top-100-most-popular-meme-stocks-today
2026-08-04T20:14:50+02:00,AMD,AMD,1340,323,4,244,https://feargreedmeter.com/top-100-most-popular-meme-stocks-today
2026-08-04T20:14:50+02:00,SPCX,SpaceX,697,256,5,131,https://feargreedmeter.com/top-100-most-popular-meme-stocks-today
2026-08-04T20:14:50+02:00,SNDK,Sandisk,584,210,6,62,https://feargreedmeter.com/top-100-most-popular-meme-stocks-today
2026-08-04T20:14:50+02:00,MSFT,Microsoft,471,177,7,-4,https://feargreedmeter.com/top-100-most-popular-meme-stocks-today
2026-08-04T20:14:50+02:00,QQQ,Invesco QQQ ETF,386,152,8,67,https://feargreedmeter.com/top-100-most-popular-meme-stocks-today
2026-08-04T20:14:50+02:00,DTE,DTE Energy,4218,119,9,85,https://feargreedmeter.com/top-100-most-popular-meme-stocks-today
2026-08-04T20:14:50+02:00,NVDA,NVIDIA,385,116,10,2,https://feargreedmeter.com/top-100-most-popular-meme-stocks-today
2026-08-04T20:14:50+02:00,SOXL,Direxion Shares ETF Trust - Direxion Daily Semiconductor Bull 3X Share,217,97,11,50,https://feargreedmeter.com/top-100-most-popular-meme-stocks-today
2026-08-04T20:14:50+02:00,RDDT,Reddit,151,67,12,-46,https://feargreedmeter.com/top-100-most-popular-meme-stocks-today
2026-08-04T20:14:50+02:00,AMZN,Amazon,456,63,13,9,https://feargreedmeter.com/top-100-most-popular-meme-stocks-today
2026-08-04T20:14:50+02:00,AAPL,Apple,160,63,14,-6,https://feargreedmeter.com/top-100-most-popular-meme-stocks-today
2026-08-04T20:14:50+02:00,META,Meta Platforms (Facebook),243,60,15,-28,https://feargreedmeter.com/top-100-most-popular-meme-stocks-today
2026-08-04T20:14:50+02:00,VOO,Vanguard S&P 500 ETF,152,59,16,38,https://feargreedmeter.com/top-100-most-popular-meme-stocks-today
2026-08-04T20:14:50+02:00,NBIS,Nebius Group,163,55,17,-1,https://feargreedmeter.com/top-100-most-popular-meme-stocks-today
2026-08-04T20:14:50+02:00,GOOGL,Alphabet (Google),114,48,18,-8,https://feargreedmeter.com/top-100-most-popular-meme-stocks-today
2026-08-04T20:14:50+02:00,CAT,Caterpillar,126,46,19,45,https://feargreedmeter.com/top-100-most-popular-meme-stocks-today
2026-08-04T20:14:50+02:00,AAOI,Applied Optoelectronics,199,45,20,29,https://feargreedmeter.com/top-100-most-popular-meme-stocks-today
2026-08-04T20:14:50+02:00,ASTS,AST SpaceMobile,221,44,21,26,https://feargreedmeter.com/top-100-most-popular-meme-stocks-today
2026-08-04T20:14:50+02:00,SNAP,Snap,148,38,22,11,https://feargreedmeter.com/top-100-most-popular-meme-stocks-today
2026-08-04T20:14:50+02:00,RKLB,Rocket Lab USA,92,37,23,18,https://feargreedmeter.com/top-100-most-popular-meme-stocks-today
2026-08-04T20:14:50+02:00,NVO,Novo Nordisk,72,37,24,34,https://feargreedmeter.com/top-100-most-popular-meme-stocks-today
2026-08-04T20:14:50+02:00,TSLA,Tesla,209,37,25,14,https://feargreedmeter.com/top-100-most-popular-meme-stocks-today
2026-08-04T20:14:50+02:00,GOOG,Alphabet (Google),168,31,26,-13,https://feargreedmeter.com/top-100-most-popular-meme-stocks-today
2026-08-04T20:14:50+02:00,EU,enCore Energy,164,30,27,20,https://feargreedmeter.com/top-100-most-popular-meme-stocks-today
2026-08-04T20:14:50+02:00,API,Agora.io,4027,27,28,8,https://feargreedmeter.com/top-100-most-popular-meme-stocks-today
2026-08-04T20:14:50+02:00,ORCL,Oracle,106,26,29,10,https://feargreedmeter.com/top-100-most-popular-meme-stocks-today
2026-08-04T20:14:50+02:00,HOOD,Robinhood,42,25,30,12,https://feargreedmeter.com/top-100-most-popular-meme-stocks-today
2026-08-04T20:14:50+02:00,IT,Gartner,120,24,31,10,https://feargreedmeter.com/top-100-most-popular-meme-stocks-today
2026-08-04T20:14:50+02:00,CC,Chemours,4000,23,32,11,https://feargreedmeter.com/top-100-most-popular-meme-stocks-today
2026-08-04T20:14:50+02:00,ON,ON Semiconductor,89,23,33,16,https://feargreedmeter.com/top-100-most-popular-meme-stocks-today
2026-08-04T20:14:50+02:00,ES,Eversource Energy,41,23,34,9,https://feargreedmeter.com/top-100-most-popular-meme-stocks-today
2026-08-04T20:14:50+02:00,ALL,Allstate,149,23,35,15,https://feargreedmeter.com/top-100-most-popular-meme-stocks-today
2026-08-04T20:14:50+02:00,MRVL,Marvell Technology Group,46,22,36,18,https://feargreedmeter.com/top-100-most-popular-meme-stocks-today
2026-08-04T20:14:50+02:00,NOW,ServiceNow,40,22,37,6,https://feargreedmeter.com/top-100-most-popular-meme-stocks-today
2026-08-04T20:14:50+02:00,YOU,CLEAR Secure,70,21,38,10,https://feargreedmeter.com/top-100-most-popular-meme-stocks-today
2026-08-04T20:14:50+02:00,HBM,Hudbay Minerals,87,21,39,14,https://feargreedmeter.com/top-100-most-popular-meme-stocks-today
2026-08-04T20:14:50+02:00,BE,Bloom Energy,58,20,40,9,https://feargreedmeter.com/top-100-most-popular-meme-stocks-today
2026-08-04T20:14:50+02:00,AVGO,Broadcom,800,20,41,11,https://feargreedmeter.com/top-100-most-popular-meme-stocks-today
2026-08-04T20:14:50+02:00,SOFI,SoFi,87,19,42,16,https://feargreedmeter.com/top-100-most-popular-meme-stocks-today
2026-08-04T20:14:50+02:00,SOXX,BlackRock Institutional Trust Company N.A. - BTC iShares PHLX Semicond,59,19,43,2,https://feargreedmeter.com/top-100-most-popular-meme-stocks-today
2026-08-04T20:14:50+02:00,WDC,Western Digital,42,19,44,8,https://feargreedmeter.com/top-100-most-popular-meme-stocks-today
2026-08-04T20:14:50+02:00,AGI,Alamos Gold,61,18,45,14,https://feargreedmeter.com/top-100-most-popular-meme-stocks-today
2026-08-04T20:14:50+02:00,AM,Antero Midstream,40,18,46,3,https://feargreedmeter.com/top-100-most-popular-meme-stocks-today
2026-08-04T20:14:50+02:00,COHR,Coherent,437,17,47,14,https://feargreedmeter.com/top-100-most-popular-meme-stocks-today
2026-08-04T20:14:50+02:00,IQ,iQIYI,41,16,48,9,https://feargreedmeter.com/top-100-most-popular-meme-stocks-today
2026-08-04T20:14:50+02:00,LITE,Lumentum,429,16,49,15,https://feargreedmeter.com/top-100-most-popular-meme-stocks-today
2026-08-04T20:14:50+02:00,CRWV,CoreWeave,23,15,50,5,https://feargreedmeter.com/top-100-most-popular-meme-stocks-today
2026-08-04T20:14:50+02:00,POET,POET Technologies,37,15,51,13,https://feargreedmeter.com/top-100-most-popular-meme-stocks-today
2026-08-04T20:14:50+02:00,CD,Chindata,28,15,52,-30,https://feargreedmeter.com/top-100-most-popular-meme-stocks-today
2026-08-04T20:14:50+02:00,AMC,AMC Entertainment,343,15,53,8,https://feargreedmeter.com/top-100-most-popular-meme-stocks-today
2026-08-04T20:14:50+02:00,SMH,VanEck Vectors ETF Trust - VanEck Vectors Semiconductor ETF,8,15,54,7,https://feargreedmeter.com/top-100-most-popular-meme-stocks-today
2026-08-04T20:14:50+02:00,ONDS,Ondas Holdings,26,14,55,10,https://feargreedmeter.com/top-100-most-popular-meme-stocks-today
2026-08-04T20:14:50+02:00,UP,Wheels Up,43,14,56,10,https://feargreedmeter.com/top-100-most-popular-meme-stocks-today
2026-08-04T20:14:50+02:00,WEN,Wendy’s Company,112,14,57,6,https://feargreedmeter.com/top-100-most-popular-meme-stocks-today
2026-08-04T20:14:50+02:00,GLW,Corning,30,14,58,14,https://feargreedmeter.com/top-100-most-popular-meme-stocks-today
2026-08-04T20:14:50+02:00,USO,United States Commodity Funds LLC - United States Oil Fund,23,13,59,-2,https://feargreedmeter.com/top-100-most-popular-meme-stocks-today
2026-08-04T20:14:50+02:00,INTC,Intel,22,13,60,2,https://feargreedmeter.com/top-100-most-popular-meme-stocks-today
2026-08-04T20:14:50+02:00,PUMP,ProPetro,29,12,61,8,https://feargreedmeter.com/top-100-most-popular-meme-stocks-today
2026-08-04T20:14:50+02:00,IWM,BlackRock Institutional Trust Company N.A. - BTC iShares Russell 2000,15,11,62,9,https://feargreedmeter.com/top-100-most-popular-meme-stocks-today
2026-08-04T20:14:50+02:00,VTI,Vanguard Total Stock Market ETF,32,11,63,8,https://feargreedmeter.com/top-100-most-popular-meme-stocks-today
2026-08-04T20:14:50+02:00,ASML,ASML,169,11,64,3,https://feargreedmeter.com/top-100-most-popular-meme-stocks-today
2026-08-04T20:14:50+02:00,IREN,Iris Energy,31,10,65,5,https://feargreedmeter.com/top-100-most-popular-meme-stocks-today
2026-08-04T20:14:50+02:00,DOCN,DigitalOcean,32,10,66,10,https://feargreedmeter.com/top-100-most-popular-meme-stocks-today
2026-08-04T20:14:50+02:00,VT,"Vanguard Group, Inc. - Vanguard Total World Stock ETF",38,10,67,7,https://feargreedmeter.com/top-100-most-popular-meme-stocks-today
2026-08-04T20:14:50+02:00,DOW,Dow,31,10,68,5,https://feargreedmeter.com/top-100-most-popular-meme-stocks-today
2026-08-04T20:14:50+02:00,NFLX,Netflix,16,10,69,-3,https://feargreedmeter.com/top-100-most-popular-meme-stocks-today
2026-08-04T20:14:50+02:00,ALAB,Astera Labs,13,9,70,8,https://feargreedmeter.com/top-100-most-popular-meme-stocks-today
2026-08-04T20:14:50+02:00,OPEN,Opendoor,16,9,71,0,https://feargreedmeter.com/top-100-most-popular-meme-stocks-today
2026-08-04T20:14:50+02:00,AXTI,AXT Inc,12,9,72,6,https://feargreedmeter.com/top-100-most-popular-meme-stocks-today
2026-08-04T20:14:50+02:00,PS,Pluralsight,291,9,73,8,https://feargreedmeter.com/top-100-most-popular-meme-stocks-today
2026-08-04T20:14:50+02:00,VRRM,Verra Mobility,16,9,74,8,https://feargreedmeter.com/top-100-most-popular-meme-stocks-today
2026-08-04T20:14:50+02:00,SO,Southern Company,19,9,75,3,https://feargreedmeter.com/top-100-most-popular-meme-stocks-today
2026-08-04T20:14:50+02:00,LINK,Interlink Electronics,10,8,76,4,https://feargreedmeter.com/top-100-most-popular-meme-stocks-today
2026-08-04T20:14:50+02:00,IMAX,Imax Corp,72,8,77,6,https://feargreedmeter.com/top-100-most-popular-meme-stocks-today
2026-08-04T20:14:50+02:00,SOXS,Direxion Shares ETF Trust - Direxion Daily Semiconductor Bear 3X Share,16,8,78,-1,https://feargreedmeter.com/top-100-most-popular-meme-stocks-today
2026-08-04T20:14:50+02:00,ET,Energy Transfer Partners,20,8,79,1,https://feargreedmeter.com/top-100-most-popular-meme-stocks-today
2026-08-04T20:14:50+02:00,MCD,McDonald,15,8,80,6,https://feargreedmeter.com/top-100-most-popular-meme-stocks-today
2026-08-04T20:14:50+02:00,CAN,Canaan,21,7,81,6,https://feargreedmeter.com/top-100-most-popular-meme-stocks-today
2026-08-04T20:14:50+02:00,MSTR,MicroStrategy,10,7,82,1,https://feargreedmeter.com/top-100-most-popular-meme-stocks-today
2026-08-04T20:14:50+02:00,SGOV,iShares Trust - iShares 0-3 Month Treasury Bond ETF,32,7,83,-10,https://feargreedmeter.com/top-100-most-popular-meme-stocks-today
2026-08-04T20:14:50+02:00,ATR,AptarGroup,11,7,84,6,https://feargreedmeter.com/top-100-most-popular-meme-stocks-today
2026-08-04T20:14:50+02:00,IBKR,Interactive Brokers,20,7,85,3,https://feargreedmeter.com/top-100-most-popular-meme-stocks-today
2026-08-04T20:14:50+02:00,UPS,United Parcel Service,26,7,86,6,https://feargreedmeter.com/top-100-most-popular-meme-stocks-today
2026-08-04T20:14:50+02:00,ANET,Arista Networks,12,7,87,6,https://feargreedmeter.com/top-100-most-popular-meme-stocks-today
2026-08-04T20:14:50+02:00,LLY,Eli Lilly,54,7,88,1,https://feargreedmeter.com/top-100-most-popular-meme-stocks-today
2026-08-04T20:14:50+02:00,BULL,Webull,28,6,89,6,https://feargreedmeter.com/top-100-most-popular-meme-stocks-today
2026-08-04T20:14:50+02:00,DJT,Trump Media & Technology Group,18,6,90,-2,https://feargreedmeter.com/top-100-most-popular-meme-stocks-today
2026-08-04T20:14:50+02:00,LOT,Lotus Technology,73,6,91,5,https://feargreedmeter.com/top-100-most-popular-meme-stocks-today
2026-08-04T20:14:50+02:00,RR,Richtech Robotics,12,6,92,-17,https://feargreedmeter.com/top-100-most-popular-meme-stocks-today
2026-08-04T20:14:50+02:00,ARM,Arm Holdings,13,6,93,5,https://feargreedmeter.com/top-100-most-popular-meme-stocks-today
2026-08-04T20:14:50+02:00,BLZE,Backblaze,11,6,94,5,https://feargreedmeter.com/top-100-most-popular-meme-stocks-today
2026-08-04T20:14:50+02:00,TQQQ,ProShares Trust - ProShares UltraPro QQQ,7,6,95,-5,https://feargreedmeter.com/top-100-most-popular-meme-stocks-today
2026-08-04T20:14:50+02:00,SNOW,Snowflake,21,6,96,5,https://feargreedmeter.com/top-100-most-popular-meme-stocks-today
2026-08-04T20:14:50+02:00,NET,Cloudflare,15,6,97,5,https://feargreedmeter.com/top-100-most-popular-meme-stocks-today
2026-08-04T20:14:50+02:00,GO,Grocery Outlet,29,6,98,5,https://feargreedmeter.com/top-100-most-popular-meme-stocks-today
2026-08-04T20:14:50+02:00,STX,Seagate Technology,12,6,99,3,https://feargreedmeter.com/top-100-most-popular-meme-stocks-today
2026-08-04T20:14:50+02:00,CVX,Chevron,33,6,100,5,https://feargreedmeter.com/top-100-most-popular-meme-stocks-today
2026-08-04T22:02:33+02:00,SPY,SPDR S&P 500 ETF Trust,5863,785,1,395,https://feargreedmeter.com/top-100-most-popular-meme-stocks-today
2026-08-04T22:02:33+02:00,AMD,AMD,1709,448,2,363,https://feargreedmeter.com/top-100-most-popular-meme-stocks-today
2026-08-04T22:02:33+02:00,MU,Micron Technology,2633,447,3,-71,https://feargreedmeter.com/top-100-most-popular-meme-stocks-today
2026-08-04T22:02:33+02:00,PLTR,Palantir,2461,406,4,332,https://feargreedmeter.com/top-100-most-popular-meme-stocks-today
2026-08-04T22:02:33+02:00,SPCX,SpaceX,946,349,5,217,https://feargreedmeter.com/top-100-most-popular-meme-stocks-today
2026-08-04T22:02:33+02:00,SNDK,Sandisk,586,215,6,52,https://feargreedmeter.com/top-100-most-popular-meme-stocks-today
2026-08-04T22:02:33+02:00,MSFT,Microsoft,477,176,7,-30,https://feargreedmeter.com/top-100-most-popular-meme-stocks-today
2026-08-04T22:02:33+02:00,QQQ,Invesco QQQ ETF,384,164,8,65,https://feargreedmeter.com/top-100-most-popular-meme-stocks-today
2026-08-04T22:02:33+02:00,DTE,DTE Energy,4655,134,9,89,https://feargreedmeter.com/top-100-most-popular-meme-stocks-today
2026-08-04T22:02:33+02:00,NVDA,NVIDIA,420,127,10,7,https://feargreedmeter.com/top-100-most-popular-meme-stocks-today
2026-08-04T22:02:33+02:00,SOXL,Direxion Shares ETF Trust - Direxion Daily Semiconductor Bull 3X Share,205,97,11,41,https://feargreedmeter.com/top-100-most-popular-meme-stocks-today
2026-08-04T22:02:33+02:00,VOO,Vanguard S&P 500 ETF,177,68,12,41,https://feargreedmeter.com/top-100-most-popular-meme-stocks-today
2026-08-04T22:02:33+02:00,AMZN,Amazon,494,64,13,7,https://feargreedmeter.com/top-100-most-popular-meme-stocks-today
2026-08-04T22:02:33+02:00,RDDT,Reddit,115,59,14,-65,https://feargreedmeter.com/top-100-most-popular-meme-stocks-today
2026-08-04T22:02:33+02:00,META,Meta Platforms (Facebook),255,58,15,-35,https://feargreedmeter.com/top-100-most-popular-meme-stocks-today
2026-08-04T22:02:33+02:00,AAPL,Apple,158,58,16,-14,https://feargreedmeter.com/top-100-most-popular-meme-stocks-today
2026-08-04T22:02:33+02:00,NBIS,Nebius Group,168,55,17,-10,https://feargreedmeter.com/top-100-most-popular-meme-stocks-today
2026-08-04T22:02:33+02:00,ASTS,AST SpaceMobile,239,50,18,31,https://feargreedmeter.com/top-100-most-popular-meme-stocks-today
2026-08-04T22:02:33+02:00,AAOI,Applied Optoelectronics,220,49,19,33,https://feargreedmeter.com/top-100-most-popular-meme-stocks-today
2026-08-04T22:02:33+02:00,TSLA,Tesla,208,46,20,20,https://feargreedmeter.com/top-100-most-popular-meme-stocks-today
2026-08-04T22:02:33+02:00,CAT,Caterpillar,123,45,21,43,https://feargreedmeter.com/top-100-most-popular-meme-stocks-today
2026-08-04T22:02:33+02:00,GOOGL,Alphabet (Google),101,42,22,-22,https://feargreedmeter.com/top-100-most-popular-meme-stocks-today
2026-08-04T22:02:33+02:00,RKLB,Rocket Lab USA,97,42,23,22,https://feargreedmeter.com/top-100-most-popular-meme-stocks-today
2026-08-04T22:02:33+02:00,NVO,Novo Nordisk,83,41,24,38,https://feargreedmeter.com/top-100-most-popular-meme-stocks-today
2026-08-04T22:02:33+02:00,SNAP,Snap,151,38,25,9,https://feargreedmeter.com/top-100-most-popular-meme-stocks-today
2026-08-04T22:02:33+02:00,EU,enCore Energy,188,33,26,22,https://feargreedmeter.com/top-100-most-popular-meme-stocks-today
2026-08-04T22:02:33+02:00,GOOG,Alphabet (Google),166,31,27,-18,https://feargreedmeter.com/top-100-most-popular-meme-stocks-today
2026-08-04T22:02:33+02:00,AVGO,Broadcom,2326,27,28,17,https://feargreedmeter.com/top-100-most-popular-meme-stocks-today
2026-08-04T22:02:33+02:00,API,Agora.io,4025,25,29,2,https://feargreedmeter.com/top-100-most-popular-meme-stocks-today
2026-08-04T22:02:33+02:00,YOU,CLEAR Secure,69,25,30,13,https://feargreedmeter.com/top-100-most-popular-meme-stocks-today
2026-08-04T22:02:33+02:00,MRVL,Marvell Technology Group,48,25,31,20,https://feargreedmeter.com/top-100-most-popular-meme-stocks-today
2026-08-04T22:02:33+02:00,IT,Gartner,131,25,32,9,https://feargreedmeter.com/top-100-most-popular-meme-stocks-today
2026-08-04T22:02:33+02:00,ALL,Allstate,158,25,33,17,https://feargreedmeter.com/top-100-most-popular-meme-stocks-today
2026-08-04T22:02:33+02:00,ORCL,Oracle,108,25,34,8,https://feargreedmeter.com/top-100-most-popular-meme-stocks-today
2026-08-04T22:02:33+02:00,HOOD,Robinhood,43,24,35,11,https://feargreedmeter.com/top-100-most-popular-meme-stocks-today
2026-08-04T22:02:33+02:00,CC,Chemours,4026,23,36,11,https://feargreedmeter.com/top-100-most-popular-meme-stocks-today
2026-08-04T22:02:33+02:00,NOW,ServiceNow,43,23,37,3,https://feargreedmeter.com/top-100-most-popular-meme-stocks-today
2026-08-04T22:02:33+02:00,ES,Eversource Energy,42,23,38,9,https://feargreedmeter.com/top-100-most-popular-meme-stocks-today
2026-08-04T22:02:33+02:00,HBM,Hudbay Minerals,98,22,39,14,https://feargreedmeter.com/top-100-most-popular-meme-stocks-today
2026-08-04T22:02:33+02:00,AM,Antero Midstream,41,21,40,5,https://feargreedmeter.com/top-100-most-popular-meme-stocks-today
2026-08-04T22:02:33+02:00,UP,Wheels Up,68,20,41,17,https://feargreedmeter.com/top-100-most-popular-meme-stocks-today
2026-08-04T22:02:33+02:00,SOFI,SoFi,93,19,42,15,https://feargreedmeter.com/top-100-most-popular-meme-stocks-today
2026-08-04T22:02:33+02:00,ON,ON Semiconductor,72,19,43,10,https://feargreedmeter.com/top-100-most-popular-meme-stocks-today
2026-08-04T22:02:33+02:00,WDC,Western Digital,39,18,44,3,https://feargreedmeter.com/top-100-most-popular-meme-stocks-today
2026-08-04T22:02:33+02:00,SOXX,BlackRock Institutional Trust Company N.A. - BTC iShares PHLX Semicond,65,17,45,0,https://feargreedmeter.com/top-100-most-popular-meme-stocks-today
2026-08-04T22:02:33+02:00,AGI,Alamos Gold,58,17,46,12,https://feargreedmeter.com/top-100-most-popular-meme-stocks-today
2026-08-04T22:02:33+02:00,COHR,Coherent,488,17,47,14,https://feargreedmeter.com/top-100-most-popular-meme-stocks-today
2026-08-04T22:02:33+02:00,IQ,iQIYI,49,17,48,8,https://feargreedmeter.com/top-100-most-popular-meme-stocks-today
2026-08-04T22:02:33+02:00,CRWV,CoreWeave,22,16,49,6,https://feargreedmeter.com/top-100-most-popular-meme-stocks-today
2026-08-04T22:02:33+02:00,ONDS,Ondas Holdings,32,16,50,12,https://feargreedmeter.com/top-100-most-popular-meme-stocks-today
2026-08-04T22:02:33+02:00,POET,POET Technologies,36,16,51,14,https://feargreedmeter.com/top-100-most-popular-meme-stocks-today
2026-08-04T22:02:33+02:00,VTI,Vanguard Total Stock Market ETF,45,16,52,12,https://feargreedmeter.com/top-100-most-popular-meme-stocks-today
2026-08-04T22:02:33+02:00,INTC,Intel,24,16,53,4,https://feargreedmeter.com/top-100-most-popular-meme-stocks-today
2026-08-04T22:02:33+02:00,PUMP,ProPetro,37,15,54,11,https://feargreedmeter.com/top-100-most-popular-meme-stocks-today
2026-08-04T22:02:33+02:00,BE,Bloom Energy,46,15,55,1,https://feargreedmeter.com/top-100-most-popular-meme-stocks-today
2026-08-04T22:02:33+02:00,LITE,Lumentum,476,15,56,14,https://feargreedmeter.com/top-100-most-popular-meme-stocks-today
2026-08-04T22:02:33+02:00,WEN,Wendy’s Company,112,15,57,7,https://feargreedmeter.com/top-100-most-popular-meme-stocks-today
2026-08-04T22:02:33+02:00,GLW,Corning,34,15,58,15,https://feargreedmeter.com/top-100-most-popular-meme-stocks-today
2026-08-04T22:02:33+02:00,AMC,AMC Entertainment,342,14,59,6,https://feargreedmeter.com/top-100-most-popular-meme-stocks-today
2026-08-04T22:02:33+02:00,CD,Chindata,25,13,60,-35,https://feargreedmeter.com/top-100-most-popular-meme-stocks-today
2026-08-04T22:02:33+02:00,IWM,BlackRock Institutional Trust Company N.A. - BTC iShares Russell 2000,16,13,61,11,https://feargreedmeter.com/top-100-most-popular-meme-stocks-today
2026-08-04T22:02:33+02:00,SMH,VanEck Vectors ETF Trust - VanEck Vectors Semiconductor ETF,15,13,62,4,https://feargreedmeter.com/top-100-most-popular-meme-stocks-today
2026-08-04T22:02:33+02:00,ALAB,Astera Labs,24,12,63,11,https://feargreedmeter.com/top-100-most-popular-meme-stocks-today
2026-08-04T22:02:33+02:00,USO,United States Commodity Funds LLC - United States Oil Fund,22,12,64,-2,https://feargreedmeter.com/top-100-most-popular-meme-stocks-today
2026-08-04T22:02:33+02:00,UBER,Uber,17,12,65,11,https://feargreedmeter.com/top-100-most-popular-meme-stocks-today
2026-08-04T22:02:33+02:00,NFLX,Netflix,26,12,66,-3,https://feargreedmeter.com/top-100-most-popular-meme-stocks-today
2026-08-04T22:02:33+02:00,IREN,Iris Energy,30,10,67,4,https://feargreedmeter.com/top-100-most-popular-meme-stocks-today
2026-08-04T22:02:33+02:00,OPEN,Opendoor,18,10,68,2,https://feargreedmeter.com/top-100-most-popular-meme-stocks-today
2026-08-04T22:02:33+02:00,VT,"Vanguard Group, Inc. - Vanguard Total World Stock ETF",46,10,69,7,https://feargreedmeter.com/top-100-most-popular-meme-stocks-today
2026-08-04T22:02:33+02:00,PS,Pluralsight,301,10,70,9,https://feargreedmeter.com/top-100-most-popular-meme-stocks-today
2026-08-04T22:02:33+02:00,ASML,ASML,179,10,71,2,https://feargreedmeter.com/top-100-most-popular-meme-stocks-today
2026-08-04T22:02:33+02:00,DOW,Dow,40,10,72,5,https://feargreedmeter.com/top-100-most-popular-meme-stocks-today
2026-08-04T22:02:33+02:00,TQQQ,ProShares Trust - ProShares UltraPro QQQ,10,9,73,-1,https://feargreedmeter.com/top-100-most-popular-meme-stocks-today
2026-08-04T22:02:33+02:00,ANET,Arista Networks,19,9,74,8,https://feargreedmeter.com/top-100-most-popular-meme-stocks-today
2026-08-04T22:02:33+02:00,ARM,Arm Holdings,18,8,75,7,https://feargreedmeter.com/top-100-most-popular-meme-stocks-today
2026-08-04T22:02:33+02:00,LINK,Interlink Electronics,10,8,76,3,https://feargreedmeter.com/top-100-most-popular-meme-stocks-today
2026-08-04T22:02:33+02:00,CAN,Canaan,24,8,77,7,https://feargreedmeter.com/top-100-most-popular-meme-stocks-today
2026-08-04T22:02:33+02:00,DOCN,DigitalOcean,23,8,78,8,https://feargreedmeter.com/top-100-most-popular-meme-stocks-today
2026-08-04T22:02:33+02:00,AXTI,AXT Inc,11,8,79,5,https://feargreedmeter.com/top-100-most-popular-meme-stocks-today
2026-08-04T22:02:33+02:00,MSTR,MicroStrategy,11,8,80,2,https://feargreedmeter.com/top-100-most-popular-meme-stocks-today
2026-08-04T22:02:33+02:00,SOXS,Direxion Shares ETF Trust - Direxion Daily Semiconductor Bear 3X Share,16,8,81,-1,https://feargreedmeter.com/top-100-most-popular-meme-stocks-today
2026-08-04T22:02:33+02:00,SO,Southern Company,16,8,82,0,https://feargreedmeter.com/top-100-most-popular-meme-stocks-today
2026-08-04T22:02:33+02:00,CMG,Chipotle Mexican Grill,13,8,83,8,https://feargreedmeter.com/top-100-most-popular-meme-stocks-today
2026-08-04T22:02:33+02:00,LLY,Eli Lilly,56,8,84,2,https://feargreedmeter.com/top-100-most-popular-meme-stocks-today
2026-08-04T22:02:33+02:00,MCD,McDonald,15,8,85,6,https://feargreedmeter.com/top-100-most-popular-meme-stocks-today
2026-08-04T22:02:33+02:00,LOT,Lotus Technology,77,7,86,6,https://feargreedmeter.com/top-100-most-popular-meme-stocks-today
2026-08-04T22:02:33+02:00,SGOV,iShares Trust - iShares 0-3 Month Treasury Bond ETF,37,7,87,-10,https://feargreedmeter.com/top-100-most-popular-meme-stocks-today
2026-08-04T22:02:33+02:00,SHOP,Shopify,18,7,88,6,https://feargreedmeter.com/top-100-most-popular-meme-stocks-today
2026-08-04T22:02:33+02:00,WTI,W&T Offshore,12,7,89,3,https://feargreedmeter.com/top-100-most-popular-meme-stocks-today
2026-08-04T22:02:33+02:00,DJT,Trump Media & Technology Group,18,6,90,-2,https://feargreedmeter.com/top-100-most-popular-meme-stocks-today
2026-08-04T22:02:33+02:00,PR,Permian Resources,18,6,91,3,https://feargreedmeter.com/top-100-most-popular-meme-stocks-today
2026-08-04T22:02:33+02:00,OG,Onion Global,32,6,92,5,https://feargreedmeter.com/top-100-most-popular-meme-stocks-today
2026-08-04T22:02:33+02:00,IONQ,IonQ,40,6,93,-5,https://feargreedmeter.com/top-100-most-popular-meme-stocks-today
2026-08-04T22:02:33+02:00,JUST,Goldman Sachs ETF Trust - Goldman Sachs Just Us Large Cap Equity ETF,27,6,94,2,https://feargreedmeter.com/top-100-most-popular-meme-stocks-today
2026-08-04T22:02:33+02:00,SNOW,Snowflake,23,6,95,5,https://feargreedmeter.com/top-100-most-popular-meme-stocks-today
2026-08-04T22:02:33+02:00,ATR,AptarGroup,10,6,96,5,https://feargreedmeter.com/top-100-most-popular-meme-stocks-today
2026-08-04T22:02:33+02:00,NET,Cloudflare,19,6,97,5,https://feargreedmeter.com/top-100-most-popular-meme-stocks-today
2026-08-04T22:02:33+02:00,ET,Energy Transfer Partners,8,6,98,-3,https://feargreedmeter.com/top-100-most-popular-meme-stocks-today
2026-08-04T22:02:33+02:00,GO,Grocery Outlet,96,6,99,5,https://feargreedmeter.com/top-100-most-popular-meme-stocks-today
2026-08-04T22:02:33+02:00,STX,Seagate Technology,12,6,100,3,https://feargreedmeter.com/top-100-most-popular-meme-stocks-today
2026-08-04T23:22:35+02:00,AMD,AMD,2902,856,1,764,https://feargreedmeter.com/top-100-most-popular-meme-stocks-today
2026-08-04T23:22:35+02:00,SPY,SPDR S&P 500 ETF Trust,6102,829,2,412,https://feargreedmeter.com/top-100-most-popular-meme-stocks-today
2026-08-04T23:22:35+02:00,SPCX,SpaceX,1622,471,3,317,https://feargreedmeter.com/top-100-most-popular-meme-stocks-today
2026-08-04T23:22:35+02:00,MU,Micron Technology,2438,439,4,-122,https://feargreedmeter.com/top-100-most-popular-meme-stocks-today
2026-08-04T23:22:35+02:00,PLTR,Palantir,835,311,5,142,https://feargreedmeter.com/top-100-most-popular-meme-stocks-today
2026-08-04T23:22:35+02:00,SNDK,Sandisk,529,218,6,44,https://feargreedmeter.com/top-100-most-popular-meme-stocks-today
2026-08-04T23:22:35+02:00,QQQ,Invesco QQQ ETF,341,174,7,66,https://feargreedmeter.com/top-100-most-popular-meme-stocks-today
2026-08-04T23:22:35+02:00,MSFT,Microsoft,394,174,8,-43,https://feargreedmeter.com/top-100-most-popular-meme-stocks-today
2026-08-04T23:22:35+02:00,NVDA,NVIDIA,539,169,9,52,https://feargreedmeter.com/top-100-most-popular-meme-stocks-today
2026-08-04T23:22:35+02:00,DTE,DTE Energy,961,133,10,83,https://feargreedmeter.com/top-100-most-popular-meme-stocks-today
2026-08-04T23:22:35+02:00,SOXL,Direxion Shares ETF Trust - Direxion Daily Semiconductor Bull 3X Share,182,98,11,37,https://feargreedmeter.com/top-100-most-popular-meme-stocks-today
2026-08-04T23:22:35+02:00,AMZN,Amazon,525,64,12,7,https://feargreedmeter.com/top-100-most-popular-meme-stocks-today
2026-08-04T23:22:35+02:00,VOO,Vanguard S&P 500 ETF,127,62,13,32,https://feargreedmeter.com/top-100-most-popular-meme-stocks-today
2026-08-04T23:22:35+02:00,RDDT,Reddit,112,58,14,-66,https://feargreedmeter.com/top-100-most-popular-meme-stocks-today
2026-08-04T23:22:35+02:00,META,Meta Platforms (Facebook),179,56,15,-41,https://feargreedmeter.com/top-100-most-popular-meme-stocks-today
2026-08-04T23:22:35+02:00,NBIS,Nebius Group,102,54,16,-12,https://feargreedmeter.com/top-100-most-popular-meme-stocks-today
2026-08-04T23:22:35+02:00,ASTS,AST SpaceMobile,124,54,17,37,https://feargreedmeter.com/top-100-most-popular-meme-stocks-today
2026-08-04T23:22:35+02:00,AAPL,Apple,160,54,18,-28,https://feargreedmeter.com/top-100-most-popular-meme-stocks-today
2026-08-04T23:22:35+02:00,AAOI,Applied Optoelectronics,237,51,19,35,https://feargreedmeter.com/top-100-most-popular-meme-stocks-today
2026-08-04T23:22:35+02:00,RKLB,Rocket Lab USA,119,47,20,26,https://feargreedmeter.com/top-100-most-popular-meme-stocks-today
2026-08-04T23:22:35+02:00,GOOGL,Alphabet (Google),102,43,21,-21,https://feargreedmeter.com/top-100-most-popular-meme-stocks-today
2026-08-04T23:22:35+02:00,CAT,Caterpillar,119,42,22,35,https://feargreedmeter.com/top-100-most-popular-meme-stocks-today
2026-08-04T23:22:35+02:00,NVO,Novo Nordisk,77,40,23,35,https://feargreedmeter.com/top-100-most-popular-meme-stocks-today
2026-08-04T23:22:35+02:00,TSLA,Tesla,137,40,24,12,https://feargreedmeter.com/top-100-most-popular-meme-stocks-today
2026-08-04T23:22:35+02:00,EU,enCore Energy,191,33,25,25,https://feargreedmeter.com/top-100-most-popular-meme-stocks-today
2026-08-04T23:22:35+02:00,GOOG,Alphabet (Google),100,33,26,-14,https://feargreedmeter.com/top-100-most-popular-meme-stocks-today
2026-08-04T23:22:35+02:00,AVGO,Broadcom,3254,31,27,21,https://feargreedmeter.com/top-100-most-popular-meme-stocks-today
2026-08-04T23:22:35+02:00,ES,Eversource Energy,65,30,28,16,https://feargreedmeter.com/top-100-most-popular-meme-stocks-today
2026-08-04T23:22:35+02:00,IT,Gartner,132,29,29,9,https://feargreedmeter.com/top-100-most-popular-meme-stocks-today
2026-08-04T23:22:35+02:00,YOU,CLEAR Secure,78,27,30,15,https://feargreedmeter.com/top-100-most-popular-meme-stocks-today
2026-08-04T23:22:35+02:00,HOOD,Robinhood,46,27,31,12,https://feargreedmeter.com/top-100-most-popular-meme-stocks-today
2026-08-04T23:22:35+02:00,AM,Antero Midstream,49,25,32,9,https://feargreedmeter.com/top-100-most-popular-meme-stocks-today
2026-08-04T23:22:35+02:00,API,Agora.io,4027,24,33,3,https://feargreedmeter.com/top-100-most-popular-meme-stocks-today
2026-08-04T23:22:35+02:00,CC,Chemours,197,23,34,10,https://feargreedmeter.com/top-100-most-popular-meme-stocks-today
2026-08-04T23:22:35+02:00,MRVL,Marvell Technology Group,47,23,35,15,https://feargreedmeter.com/top-100-most-popular-meme-stocks-today
2026-08-04T23:22:35+02:00,HBM,Hudbay Minerals,99,22,36,15,https://feargreedmeter.com/top-100-most-popular-meme-stocks-today
2026-08-04T23:22:35+02:00,WDC,Western Digital,48,22,37,5,https://feargreedmeter.com/top-100-most-popular-meme-stocks-today
2026-08-04T23:22:35+02:00,ORCL,Oracle,32,22,38,1,https://feargreedmeter.com/top-100-most-popular-meme-stocks-today
2026-08-04T23:22:35+02:00,UP,Wheels Up,60,21,39,18,https://feargreedmeter.com/top-100-most-popular-meme-stocks-today
2026-08-04T23:22:35+02:00,NOW,ServiceNow,39,20,40,-3,https://feargreedmeter.com/top-100-most-popular-meme-stocks-today
2026-08-04T23:22:35+02:00,ANET,Arista Networks,38,20,41,19,https://feargreedmeter.com/top-100-most-popular-meme-stocks-today
2026-08-04T23:22:35+02:00,ALL,Allstate,129,20,42,9,https://feargreedmeter.com/top-100-most-popular-meme-stocks-today
2026-08-04T23:22:35+02:00,ALAB,Astera Labs,32,19,43,18,https://feargreedmeter.com/top-100-most-popular-meme-stocks-today
2026-08-04T23:22:35+02:00,ONDS,Ondas Holdings,37,19,44,15,https://feargreedmeter.com/top-100-most-popular-meme-stocks-today
2026-08-04T23:22:35+02:00,SOFI,SoFi,86,19,45,16,https://feargreedmeter.com/top-100-most-popular-meme-stocks-today
2026-08-04T23:22:35+02:00,IQ,iQIYI,49,19,46,11,https://feargreedmeter.com/top-100-most-popular-meme-stocks-today
2026-08-04T23:22:35+02:00,OPEN,Opendoor,41,18,47,10,https://feargreedmeter.com/top-100-most-popular-meme-stocks-today
2026-08-04T23:22:35+02:00,VTI,Vanguard Total Stock Market ETF,51,18,48,13,https://feargreedmeter.com/top-100-most-popular-meme-stocks-today
2026-08-04T23:22:35+02:00,COHR,Coherent,530,18,49,15,https://feargreedmeter.com/top-100-most-popular-meme-stocks-today
2026-08-04T23:22:35+02:00,INTC,Intel,29,18,50,5,https://feargreedmeter.com/top-100-most-popular-meme-stocks-today
2026-08-04T23:22:35+02:00,POET,POET Technologies,40,17,51,15,https://feargreedmeter.com/top-100-most-popular-meme-stocks-today
2026-08-04T23:22:35+02:00,SOXX,BlackRock Institutional Trust Company N.A. - BTC iShares PHLX Semicond,61,17,52,-1,https://feargreedmeter.com/top-100-most-popular-meme-stocks-today
2026-08-04T23:22:35+02:00,SNAP,Snap,97,17,53,-35,https://feargreedmeter.com/top-100-most-popular-meme-stocks-today
2026-08-04T23:22:35+02:00,UBER,Uber,26,17,54,16,https://feargreedmeter.com/top-100-most-popular-meme-stocks-today
2026-08-04T23:22:35+02:00,AGI,Alamos Gold,56,16,55,10,https://feargreedmeter.com/top-100-most-popular-meme-stocks-today
2026-08-04T23:22:35+02:00,LITE,Lumentum,520,16,56,15,https://feargreedmeter.com/top-100-most-popular-meme-stocks-today
2026-08-04T23:22:35+02:00,CRWV,CoreWeave,21,15,57,3,https://feargreedmeter.com/top-100-most-popular-meme-stocks-today
2026-08-04T23:22:35+02:00,AMC,AMC Entertainment,344,15,58,7,https://feargreedmeter.com/top-100-most-popular-meme-stocks-today
2026-08-04T23:22:35+02:00,PUMP,ProPetro,39,15,59,10,https://feargreedmeter.com/top-100-most-popular-meme-stocks-today
2026-08-04T23:22:35+02:00,GLW,Corning,33,15,60,15,https://feargreedmeter.com/top-100-most-popular-meme-stocks-today
2026-08-04T23:22:35+02:00,SMH,VanEck Vectors ETF Trust - VanEck Vectors Semiconductor ETF,17,14,61,4,https://feargreedmeter.com/top-100-most-popular-meme-stocks-today
2026-08-04T23:22:35+02:00,BE,Bloom Energy,45,14,62,-1,https://feargreedmeter.com/top-100-most-popular-meme-stocks-today
2026-08-04T23:22:35+02:00,CD,Chindata,25,13,63,-37,https://feargreedmeter.com/top-100-most-popular-meme-stocks-today
2026-08-04T23:22:35+02:00,IWM,BlackRock Institutional Trust Company N.A. - BTC iShares Russell 2000,16,13,64,12,https://feargreedmeter.com/top-100-most-popular-meme-stocks-today
2026-08-04T23:22:35+02:00,ON,ON Semiconductor,34,13,65,-5,https://feargreedmeter.com/top-100-most-popular-meme-stocks-today
2026-08-04T23:22:35+02:00,WEN,Wendy’s Company,109,13,66,5,https://feargreedmeter.com/top-100-most-popular-meme-stocks-today
2026-08-04T23:22:35+02:00,NFLX,Netflix,30,13,67,-2,https://feargreedmeter.com/top-100-most-popular-meme-stocks-today
2026-08-04T23:22:35+02:00,VT,"Vanguard Group, Inc. - Vanguard Total World Stock ETF",47,11,68,7,https://feargreedmeter.com/top-100-most-popular-meme-stocks-today
2026-08-04T23:22:35+02:00,PS,Pluralsight,314,11,69,10,https://feargreedmeter.com/top-100-most-popular-meme-stocks-today
2026-08-04T23:22:35+02:00,DOW,Dow,42,11,70,6,https://feargreedmeter.com/top-100-most-popular-meme-stocks-today
2026-08-04T23:22:35+02:00,CMG,Chipotle Mexican Grill,15,11,71,11,https://feargreedmeter.com/top-100-most-popular-meme-stocks-today
2026-08-04T23:22:35+02:00,LINK,Interlink Electronics,12,10,72,4,https://feargreedmeter.com/top-100-most-popular-meme-stocks-today
2026-08-04T23:22:35+02:00,TQQQ,ProShares Trust - ProShares UltraPro QQQ,14,10,73,2,https://feargreedmeter.com/top-100-most-popular-meme-stocks-today
2026-08-04T23:22:35+02:00,USO,United States Commodity Funds LLC - United States Oil Fund,21,10,74,-6,https://feargreedmeter.com/top-100-most-popular-meme-stocks-today
2026-08-04T23:22:35+02:00,ASML,ASML,186,10,75,3,https://feargreedmeter.com/top-100-most-popular-meme-stocks-today
2026-08-04T23:22:35+02:00,SO,Southern Company,19,10,76,2,https://feargreedmeter.com/top-100-most-popular-meme-stocks-today
2026-08-04T23:22:35+02:00,LLY,Eli Lilly,59,10,77,4,https://feargreedmeter.com/top-100-most-popular-meme-stocks-today
2026-08-04T23:22:35+02:00,ARM,Arm Holdings,21,9,78,8,https://feargreedmeter.com/top-100-most-popular-meme-stocks-today
2026-08-04T23:22:35+02:00,IREN,Iris Energy,18,9,79,3,https://feargreedmeter.com/top-100-most-popular-meme-stocks-today
2026-08-04T23:22:35+02:00,AXTI,AXT Inc,15,9,80,5,https://feargreedmeter.com/top-100-most-popular-meme-stocks-today
2026-08-04T23:22:35+02:00,MSTR,MicroStrategy,10,9,81,3,https://feargreedmeter.com/top-100-most-popular-meme-stocks-today
2026-08-04T23:22:35+02:00,CAN,Canaan,27,8,82,7,https://feargreedmeter.com/top-100-most-popular-meme-stocks-today
2026-08-04T23:22:35+02:00,SOXS,Direxion Shares ETF Trust - Direxion Daily Semiconductor Bear 3X Share,14,8,83,-1,https://feargreedmeter.com/top-100-most-popular-meme-stocks-today
2026-08-04T23:22:35+02:00,JUST,Goldman Sachs ETF Trust - Goldman Sachs Just Us Large Cap Equity ETF,31,8,84,4,https://feargreedmeter.com/top-100-most-popular-meme-stocks-today
2026-08-04T23:22:35+02:00,SHOP,Shopify,21,8,85,7,https://feargreedmeter.com/top-100-most-popular-meme-stocks-today
2026-08-04T23:22:35+02:00,MCD,McDonald,15,8,86,6,https://feargreedmeter.com/top-100-most-popular-meme-stocks-today
2026-08-04T23:22:35+02:00,DJT,Trump Media & Technology Group,19,7,87,-1,https://feargreedmeter.com/top-100-most-popular-meme-stocks-today
2026-08-04T23:22:35+02:00,LOT,Lotus Technology,81,7,88,6,https://feargreedmeter.com/top-100-most-popular-meme-stocks-today
2026-08-04T23:22:35+02:00,DOCN,DigitalOcean,22,7,89,5,https://feargreedmeter.com/top-100-most-popular-meme-stocks-today
2026-08-04T23:22:35+02:00,OR,Osisko Gold Royalties,16,7,90,1,https://feargreedmeter.com/top-100-most-popular-meme-stocks-today
2026-08-04T23:22:35+02:00,WTI,W&T Offshore,12,7,91,3,https://feargreedmeter.com/top-100-most-popular-meme-stocks-today
2026-08-04T23:22:35+02:00,STX,Seagate Technology,13,7,92,4,https://feargreedmeter.com/top-100-most-popular-meme-stocks-today
2026-08-04T23:22:35+02:00,IBM,IBM,51,7,93,6,https://feargreedmeter.com/top-100-most-popular-meme-stocks-today
2026-08-04T23:22:35+02:00,FIG,Figma,9,6,94,4,https://feargreedmeter.com/top-100-most-popular-meme-stocks-today
2026-08-04T23:22:35+02:00,BULL,Webull,42,6,95,5,https://feargreedmeter.com/top-100-most-popular-meme-stocks-today
2026-08-04T23:22:35+02:00,LUNR,Intuitive Machines,14,6,96,5,https://feargreedmeter.com/top-100-most-popular-meme-stocks-today
2026-08-04T23:22:35+02:00,PR,Permian Resources,19,6,97,3,https://feargreedmeter.com/top-100-most-popular-meme-stocks-today
2026-08-04T23:22:35+02:00,ZETA,Zeta Global,7,6,98,6,https://feargreedmeter.com/top-100-most-popular-meme-stocks-today
2026-08-04T23:22:35+02:00,UPST,Upstart,9,6,99,6,https://feargreedmeter.com/top-100-most-popular-meme-stocks-today
2026-08-04T23:22:35+02:00,SGOV,iShares Trust - iShares 0-3 Month Treasury Bond ETF,30,6,100,-11,https://feargreedmeter.com/top-100-most-popular-meme-stocks-today
