data_pobrania,kod,nazwa,upvotes,mentions,rank,mention_change,source_url
2026-07-24T00:00:22+02:00,TSLA,Tesla,1283,409,1,194,https://feargreedmeter.com/top-100-most-popular-meme-stocks-today
2026-07-24T00:00:22+02:00,MU,Micron Technology,1371,395,2,74,https://feargreedmeter.com/top-100-most-popular-meme-stocks-today
2026-07-24T00:00:22+02:00,SPY,SPDR S&P 500 ETF Trust,1092,382,3,65,https://feargreedmeter.com/top-100-most-popular-meme-stocks-today
2026-07-24T00:00:22+02:00,GOOG,Alphabet (Google),1224,374,4,-22,https://feargreedmeter.com/top-100-most-popular-meme-stocks-today
2026-07-24T00:00:22+02:00,SPCX,SpaceX,1228,349,5,95,https://feargreedmeter.com/top-100-most-popular-meme-stocks-today
2026-07-24T00:00:22+02:00,INTC,Intel,988,273,6,255,https://feargreedmeter.com/top-100-most-popular-meme-stocks-today
2026-07-24T00:00:22+02:00,GOOGL,Alphabet (Google),2239,255,7,-3,https://feargreedmeter.com/top-100-most-popular-meme-stocks-today
2026-07-24T00:00:22+02:00,MSFT,Microsoft,525,164,8,-70,https://feargreedmeter.com/top-100-most-popular-meme-stocks-today
2026-07-24T00:00:22+02:00,NOW,ServiceNow,395,151,9,-67,https://feargreedmeter.com/top-100-most-popular-meme-stocks-today
2026-07-24T00:00:22+02:00,QQQ,Invesco QQQ ETF,335,143,10,28,https://feargreedmeter.com/top-100-most-popular-meme-stocks-today
2026-07-24T00:00:22+02:00,NVDA,NVIDIA,259,89,11,-73,https://feargreedmeter.com/top-100-most-popular-meme-stocks-today
2026-07-24T00:00:22+02:00,META,Meta Platforms (Facebook),216,85,12,27,https://feargreedmeter.com/top-100-most-popular-meme-stocks-today
2026-07-24T00:00:22+02:00,DTE,DTE Energy,161,83,13,18,https://feargreedmeter.com/top-100-most-popular-meme-stocks-today
2026-07-24T00:00:22+02:00,IBM,IBM,321,79,14,-43,https://feargreedmeter.com/top-100-most-popular-meme-stocks-today
2026-07-24T00:00:22+02:00,AMD,AMD,291,74,15,-52,https://feargreedmeter.com/top-100-most-popular-meme-stocks-today
2026-07-24T00:00:22+02:00,SNDK,Sandisk,2011,73,16,-4,https://feargreedmeter.com/top-100-most-popular-meme-stocks-today
2026-07-24T00:00:22+02:00,USO,United States Commodity Funds LLC - United States Oil Fund,191,71,17,56,https://feargreedmeter.com/top-100-most-popular-meme-stocks-today
2026-07-24T00:00:22+02:00,FCF,First Commonwealth Financial Corp,619,65,18,49,https://feargreedmeter.com/top-100-most-popular-meme-stocks-today
2026-07-24T00:00:22+02:00,AGI,Alamos Gold,577,56,19,45,https://feargreedmeter.com/top-100-most-popular-meme-stocks-today
2026-07-24T00:00:22+02:00,AMZN,Amazon,153,55,20,30,https://feargreedmeter.com/top-100-most-popular-meme-stocks-today
2026-07-24T00:00:22+02:00,EU,enCore Energy,1459,53,21,42,https://feargreedmeter.com/top-100-most-popular-meme-stocks-today
2026-07-24T00:00:22+02:00,NBIS,Nebius Group,107,48,22,-6,https://feargreedmeter.com/top-100-most-popular-meme-stocks-today
2026-07-24T00:00:22+02:00,ORCL,Oracle,102,37,23,13,https://feargreedmeter.com/top-100-most-popular-meme-stocks-today
2026-07-24T00:00:22+02:00,RDDT,Reddit,78,33,24,-81,https://feargreedmeter.com/top-100-most-popular-meme-stocks-today
2026-07-24T00:00:22+02:00,NOK,Nokia,75,30,25,15,https://feargreedmeter.com/top-100-most-popular-meme-stocks-today
2026-07-24T00:00:22+02:00,YOU,CLEAR Secure,63,28,26,1,https://feargreedmeter.com/top-100-most-popular-meme-stocks-today
2026-07-24T00:00:22+02:00,VOO,Vanguard S&P 500 ETF,148,27,27,5,https://feargreedmeter.com/top-100-most-popular-meme-stocks-today
2026-07-24T00:00:22+02:00,ES,Eversource Energy,63,26,28,14,https://feargreedmeter.com/top-100-most-popular-meme-stocks-today
2026-07-24T00:00:22+02:00,WTI,W&T Offshore,75,26,29,16,https://feargreedmeter.com/top-100-most-popular-meme-stocks-today
2026-07-24T00:00:22+02:00,AAPL,Apple,54,23,30,-6,https://feargreedmeter.com/top-100-most-popular-meme-stocks-today
2026-07-24T00:00:22+02:00,AM,Antero Midstream,126,22,31,7,https://feargreedmeter.com/top-100-most-popular-meme-stocks-today
2026-07-24T00:00:22+02:00,SOXL,Direxion Shares ETF Trust - Direxion Daily Semiconductor Bull 3X Share,59,22,32,6,https://feargreedmeter.com/top-100-most-popular-meme-stocks-today
2026-07-24T00:00:22+02:00,ALL,Allstate,2352,21,33,11,https://feargreedmeter.com/top-100-most-popular-meme-stocks-today
2026-07-24T00:00:22+02:00,IT,Gartner,171,21,34,-12,https://feargreedmeter.com/top-100-most-popular-meme-stocks-today
2026-07-24T00:00:22+02:00,SMCI,Supermicro,44,21,35,-96,https://feargreedmeter.com/top-100-most-popular-meme-stocks-today
2026-07-24T00:00:22+02:00,NFLX,Netflix,41,17,36,-15,https://feargreedmeter.com/top-100-most-popular-meme-stocks-today
2026-07-24T00:00:22+02:00,WEN,Wendy’s Company,63,17,37,2,https://feargreedmeter.com/top-100-most-popular-meme-stocks-today
2026-07-24T00:00:22+02:00,API,Agora.io,28,17,38,6,https://feargreedmeter.com/top-100-most-popular-meme-stocks-today
2026-07-24T00:00:22+02:00,AVGO,Broadcom,52,16,39,-8,https://feargreedmeter.com/top-100-most-popular-meme-stocks-today
2026-07-24T00:00:22+02:00,IQ,iQIYI,52,16,40,11,https://feargreedmeter.com/top-100-most-popular-meme-stocks-today
2026-07-24T00:00:22+02:00,ASTS,AST SpaceMobile,42,16,41,-9,https://feargreedmeter.com/top-100-most-popular-meme-stocks-today
2026-07-24T00:00:22+02:00,SMH,VanEck Vectors ETF Trust - VanEck Vectors Semiconductor ETF,81,15,42,2,https://feargreedmeter.com/top-100-most-popular-meme-stocks-today
2026-07-24T00:00:22+02:00,BATL,Battalion Oil,57,13,43,-4,https://feargreedmeter.com/top-100-most-popular-meme-stocks-today
2026-07-24T00:00:22+02:00,ASML,ASML,34,12,44,10,https://feargreedmeter.com/top-100-most-popular-meme-stocks-today
2026-07-24T00:00:22+02:00,BE,Bloom Energy,45,12,45,-2,https://feargreedmeter.com/top-100-most-popular-meme-stocks-today
2026-07-24T00:00:22+02:00,VTI,Vanguard Total Stock Market ETF,25,12,46,5,https://feargreedmeter.com/top-100-most-popular-meme-stocks-today
2026-07-24T00:00:22+02:00,UP,Wheels Up,28,12,47,1,https://feargreedmeter.com/top-100-most-popular-meme-stocks-today
2026-07-24T00:00:22+02:00,OKLO,Oklo,57,12,48,-12,https://feargreedmeter.com/top-100-most-popular-meme-stocks-today
2026-07-24T00:00:22+02:00,UI,Ubiquiti,320,11,49,6,https://feargreedmeter.com/top-100-most-popular-meme-stocks-today
2026-07-24T00:00:22+02:00,CRWV,CoreWeave,21,11,50,-5,https://feargreedmeter.com/top-100-most-popular-meme-stocks-today
2026-07-24T00:00:22+02:00,WMT,Walmart,29,10,51,5,https://feargreedmeter.com/top-100-most-popular-meme-stocks-today
2026-07-24T00:00:22+02:00,CSX,CSX Corporation,22,10,52,8,https://feargreedmeter.com/top-100-most-popular-meme-stocks-today
2026-07-24T00:00:22+02:00,RTX,Raytheon Technologies,22,10,53,8,https://feargreedmeter.com/top-100-most-popular-meme-stocks-today
2026-07-24T00:00:22+02:00,SGOV,iShares Trust - iShares 0-3 Month Treasury Bond ETF,20,10,54,-3,https://feargreedmeter.com/top-100-most-popular-meme-stocks-today
2026-07-24T00:00:22+02:00,LINK,Interlink Electronics,12,10,55,2,https://feargreedmeter.com/top-100-most-popular-meme-stocks-today
2026-07-24T00:00:22+02:00,GEV,GE Vernova,22,10,56,-19,https://feargreedmeter.com/top-100-most-popular-meme-stocks-today
2026-07-24T00:00:22+02:00,TSM,TSMC,10,9,57,2,https://feargreedmeter.com/top-100-most-popular-meme-stocks-today
2026-07-24T00:00:22+02:00,SAP,SAP,71,9,58,1,https://feargreedmeter.com/top-100-most-popular-meme-stocks-today
2026-07-24T00:00:22+02:00,LMT,Lockheed Martin,26,9,59,7,https://feargreedmeter.com/top-100-most-popular-meme-stocks-today
2026-07-24T00:00:22+02:00,SO,Southern Company,35,9,60,5,https://feargreedmeter.com/top-100-most-popular-meme-stocks-today
2026-07-24T00:00:22+02:00,JPM,JPMorgan Chase,19,9,61,6,https://feargreedmeter.com/top-100-most-popular-meme-stocks-today
2026-07-24T00:00:22+02:00,ISRG,Intuitive Surgical,32,9,62,7,https://feargreedmeter.com/top-100-most-popular-meme-stocks-today
2026-07-24T00:00:22+02:00,VC,Visteon,8,9,63,8,https://feargreedmeter.com/top-100-most-popular-meme-stocks-today
2026-07-24T00:00:22+02:00,MRVL,Marvell Technology Group,19,9,64,2,https://feargreedmeter.com/top-100-most-popular-meme-stocks-today
2026-07-24T00:00:22+02:00,OR,Osisko Gold Royalties,2164,9,65,1,https://feargreedmeter.com/top-100-most-popular-meme-stocks-today
2026-07-24T00:00:22+02:00,HBM,Hudbay Minerals,33,9,66,3,https://feargreedmeter.com/top-100-most-popular-meme-stocks-today
2026-07-24T00:00:22+02:00,SOXX,BlackRock Institutional Trust Company N.A. - BTC iShares PHLX Semicond,18,9,67,4,https://feargreedmeter.com/top-100-most-popular-meme-stocks-today
2026-07-24T00:00:22+02:00,RKLB,Rocket Lab USA,88,9,68,-29,https://feargreedmeter.com/top-100-most-popular-meme-stocks-today
2026-07-24T00:00:22+02:00,DC,Dakota Gold,17,9,69,7,https://feargreedmeter.com/top-100-most-popular-meme-stocks-today
2026-07-24T00:00:22+02:00,CRM,Salesforce,8,8,70,6,https://feargreedmeter.com/top-100-most-popular-meme-stocks-today
2026-07-24T00:00:22+02:00,ON,ON Semiconductor,34,8,71,2,https://feargreedmeter.com/top-100-most-popular-meme-stocks-today
2026-07-24T00:00:22+02:00,MXL,MaxLinear,18,8,72,8,https://feargreedmeter.com/top-100-most-popular-meme-stocks-today
2026-07-24T00:00:22+02:00,GO,Grocery Outlet,2165,8,73,1,https://feargreedmeter.com/top-100-most-popular-meme-stocks-today
2026-07-24T00:00:22+02:00,GLD,SSgA SPDR Gold Shares,17,8,74,0,https://feargreedmeter.com/top-100-most-popular-meme-stocks-today
2026-07-24T00:00:22+02:00,OG,Onion Global,19,8,75,2,https://feargreedmeter.com/top-100-most-popular-meme-stocks-today
2026-07-24T00:00:22+02:00,KEEL,Keel Infrastructure,12,8,76,7,https://feargreedmeter.com/top-100-most-popular-meme-stocks-today
2026-07-24T00:00:22+02:00,STX,Seagate Technology,-3,7,77,1,https://feargreedmeter.com/top-100-most-popular-meme-stocks-today
2026-07-24T00:00:22+02:00,VXUS,"Vanguard Group, Inc. - Vanguard Total International Stock ETF",13,7,78,5,https://feargreedmeter.com/top-100-most-popular-meme-stocks-today
2026-07-24T00:00:22+02:00,IWM,BlackRock Institutional Trust Company N.A. - BTC iShares Russell 2000,13,7,79,1,https://feargreedmeter.com/top-100-most-popular-meme-stocks-today
2026-07-24T00:00:22+02:00,GME,GameStop,15,7,80,5,https://feargreedmeter.com/top-100-most-popular-meme-stocks-today
2026-07-24T00:00:22+02:00,ONDS,Ondas Holdings,15,7,81,-12,https://feargreedmeter.com/top-100-most-popular-meme-stocks-today
2026-07-24T00:00:22+02:00,SMA,SmartStop Self Storage REIT,11,7,82,6,https://feargreedmeter.com/top-100-most-popular-meme-stocks-today
2026-07-24T00:00:22+02:00,CBRS,Cerebras Systems,13,7,83,-1,https://feargreedmeter.com/top-100-most-popular-meme-stocks-today
2026-07-24T00:00:22+02:00,PYPL,PayPal,15,6,84,5,https://feargreedmeter.com/top-100-most-popular-meme-stocks-today
2026-07-24T00:00:22+02:00,WDC,Western Digital,-4,6,85,2,https://feargreedmeter.com/top-100-most-popular-meme-stocks-today
2026-07-24T00:00:22+02:00,LITE,Lumentum,11,6,86,5,https://feargreedmeter.com/top-100-most-popular-meme-stocks-today
2026-07-24T00:00:22+02:00,IG,Principal Exchange-Traded Funds - Principal Investment Grade Corporate,15,6,87,4,https://feargreedmeter.com/top-100-most-popular-meme-stocks-today
2026-07-24T00:00:22+02:00,TLT,BlackRock Institutional Trust Company N.A. - BTC iShares 20+ Year Trea,14,6,88,-3,https://feargreedmeter.com/top-100-most-popular-meme-stocks-today
2026-07-24T00:00:22+02:00,SLS,Sellas Life Sciences,11,6,89,-2,https://feargreedmeter.com/top-100-most-popular-meme-stocks-today
2026-07-24T00:00:22+02:00,MSTR,MicroStrategy,19,6,90,3,https://feargreedmeter.com/top-100-most-popular-meme-stocks-today
2026-07-24T00:00:22+02:00,OPEN,Opendoor,23,6,91,2,https://feargreedmeter.com/top-100-most-popular-meme-stocks-today
2026-07-24T00:00:22+02:00,HIMS,Hims & Hers Health,12,6,92,4,https://feargreedmeter.com/top-100-most-popular-meme-stocks-today
2026-07-24T00:00:22+02:00,SMR,NuScale Power,13,6,93,5,https://feargreedmeter.com/top-100-most-popular-meme-stocks-today
2026-07-24T00:00:22+02:00,DAY,Dayforce,91,6,94,5,https://feargreedmeter.com/top-100-most-popular-meme-stocks-today
2026-07-24T00:00:22+02:00,MA,Mastercard,10,5,95,-3,https://feargreedmeter.com/top-100-most-popular-meme-stocks-today
2026-07-24T00:00:22+02:00,ADBE,Adobe,7,5,96,4,https://feargreedmeter.com/top-100-most-popular-meme-stocks-today
2026-07-24T00:00:22+02:00,GE,General Electric,12,5,97,-1,https://feargreedmeter.com/top-100-most-popular-meme-stocks-today
2026-07-24T00:00:22+02:00,IP,International Paper,-7,5,98,-11,https://feargreedmeter.com/top-100-most-popular-meme-stocks-today
2026-07-24T00:00:22+02:00,OXY,Occidental Petroleum,10,5,99,4,https://feargreedmeter.com/top-100-most-popular-meme-stocks-today
2026-07-24T00:00:22+02:00,UNH,UnitedHealth,8,5,100,2,https://feargreedmeter.com/top-100-most-popular-meme-stocks-today
2026-07-24T01:06:56+02:00,TSLA,Tesla,1494,415,1,168,https://feargreedmeter.com/top-100-most-popular-meme-stocks-today
2026-07-24T01:06:56+02:00,SPY,SPDR S&P 500 ETF Trust,1187,402,2,65,https://feargreedmeter.com/top-100-most-popular-meme-stocks-today
2026-07-24T01:06:56+02:00,MU,Micron Technology,1319,374,3,37,https://feargreedmeter.com/top-100-most-popular-meme-stocks-today
2026-07-24T01:06:56+02:00,SPCX,SpaceX,1316,347,4,76,https://feargreedmeter.com/top-100-most-popular-meme-stocks-today
2026-07-24T01:06:56+02:00,GOOG,Alphabet (Google),1099,341,5,-138,https://feargreedmeter.com/top-100-most-popular-meme-stocks-today
2026-07-24T01:06:56+02:00,INTC,Intel,1162,309,6,292,https://feargreedmeter.com/top-100-most-popular-meme-stocks-today
2026-07-24T01:06:56+02:00,GOOGL,Alphabet (Google),2230,243,7,-54,https://feargreedmeter.com/top-100-most-popular-meme-stocks-today
2026-07-24T01:06:56+02:00,MSFT,Microsoft,517,161,8,-85,https://feargreedmeter.com/top-100-most-popular-meme-stocks-today
2026-07-24T01:06:56+02:00,QQQ,Invesco QQQ ETF,346,147,9,33,https://feargreedmeter.com/top-100-most-popular-meme-stocks-today
2026-07-24T01:06:56+02:00,NOW,ServiceNow,384,145,10,-94,https://feargreedmeter.com/top-100-most-popular-meme-stocks-today
2026-07-24T01:06:56+02:00,DTE,DTE Energy,189,91,11,27,https://feargreedmeter.com/top-100-most-popular-meme-stocks-today
2026-07-24T01:06:56+02:00,NVDA,NVIDIA,263,87,12,-87,https://feargreedmeter.com/top-100-most-popular-meme-stocks-today
2026-07-24T01:06:56+02:00,META,Meta Platforms (Facebook),194,82,13,17,https://feargreedmeter.com/top-100-most-popular-meme-stocks-today
2026-07-24T01:06:56+02:00,AMD,AMD,290,77,14,-49,https://feargreedmeter.com/top-100-most-popular-meme-stocks-today
2026-07-24T01:06:56+02:00,USO,United States Commodity Funds LLC - United States Oil Fund,198,76,15,58,https://feargreedmeter.com/top-100-most-popular-meme-stocks-today
2026-07-24T01:06:56+02:00,IBM,IBM,289,68,16,-72,https://feargreedmeter.com/top-100-most-popular-meme-stocks-today
2026-07-24T01:06:56+02:00,SNDK,Sandisk,1987,68,17,-5,https://feargreedmeter.com/top-100-most-popular-meme-stocks-today
2026-07-24T01:06:56+02:00,FCF,First Commonwealth Financial Corp,623,61,18,28,https://feargreedmeter.com/top-100-most-popular-meme-stocks-today
2026-07-24T01:06:56+02:00,AGI,Alamos Gold,581,57,19,42,https://feargreedmeter.com/top-100-most-popular-meme-stocks-today
2026-07-24T01:06:56+02:00,EU,enCore Energy,1508,52,20,42,https://feargreedmeter.com/top-100-most-popular-meme-stocks-today
2026-07-24T01:06:56+02:00,AMZN,Amazon,113,49,21,20,https://feargreedmeter.com/top-100-most-popular-meme-stocks-today
2026-07-24T01:06:56+02:00,NBIS,Nebius Group,105,45,22,-18,https://feargreedmeter.com/top-100-most-popular-meme-stocks-today
2026-07-24T01:06:56+02:00,ORCL,Oracle,112,37,23,12,https://feargreedmeter.com/top-100-most-popular-meme-stocks-today
2026-07-24T01:06:56+02:00,RDDT,Reddit,96,33,24,-85,https://feargreedmeter.com/top-100-most-popular-meme-stocks-today
2026-07-24T01:06:56+02:00,VOO,Vanguard S&P 500 ETF,197,30,25,9,https://feargreedmeter.com/top-100-most-popular-meme-stocks-today
2026-07-24T01:06:56+02:00,YOU,CLEAR Secure,68,30,26,3,https://feargreedmeter.com/top-100-most-popular-meme-stocks-today
2026-07-24T01:06:56+02:00,ES,Eversource Energy,68,28,27,16,https://feargreedmeter.com/top-100-most-popular-meme-stocks-today
2026-07-24T01:06:56+02:00,WTI,W&T Offshore,83,28,28,18,https://feargreedmeter.com/top-100-most-popular-meme-stocks-today
2026-07-24T01:06:56+02:00,NOK,Nokia,73,28,29,13,https://feargreedmeter.com/top-100-most-popular-meme-stocks-today
2026-07-24T01:06:56+02:00,AAPL,Apple,54,23,30,-9,https://feargreedmeter.com/top-100-most-popular-meme-stocks-today
2026-07-24T01:06:56+02:00,AM,Antero Midstream,132,23,31,7,https://feargreedmeter.com/top-100-most-popular-meme-stocks-today
2026-07-24T01:06:56+02:00,IT,Gartner,185,22,32,-10,https://feargreedmeter.com/top-100-most-popular-meme-stocks-today
2026-07-24T01:06:56+02:00,ALL,Allstate,2481,20,33,10,https://feargreedmeter.com/top-100-most-popular-meme-stocks-today
2026-07-24T01:06:56+02:00,SOXL,Direxion Shares ETF Trust - Direxion Daily Semiconductor Bull 3X Share,53,18,34,-3,https://feargreedmeter.com/top-100-most-popular-meme-stocks-today
2026-07-24T01:06:56+02:00,NFLX,Netflix,41,17,35,-14,https://feargreedmeter.com/top-100-most-popular-meme-stocks-today
2026-07-24T01:06:56+02:00,AVGO,Broadcom,54,17,36,-9,https://feargreedmeter.com/top-100-most-popular-meme-stocks-today
2026-07-24T01:06:56+02:00,SMCI,Supermicro,42,17,37,-88,https://feargreedmeter.com/top-100-most-popular-meme-stocks-today
2026-07-24T01:06:56+02:00,IQ,iQIYI,57,17,38,12,https://feargreedmeter.com/top-100-most-popular-meme-stocks-today
2026-07-24T01:06:56+02:00,API,Agora.io,26,17,39,4,https://feargreedmeter.com/top-100-most-popular-meme-stocks-today
2026-07-24T01:06:56+02:00,WEN,Wendy’s Company,61,16,40,1,https://feargreedmeter.com/top-100-most-popular-meme-stocks-today
2026-07-24T01:06:56+02:00,SMH,VanEck Vectors ETF Trust - VanEck Vectors Semiconductor ETF,86,16,41,1,https://feargreedmeter.com/top-100-most-popular-meme-stocks-today
2026-07-24T01:06:56+02:00,ASTS,AST SpaceMobile,43,15,42,-7,https://feargreedmeter.com/top-100-most-popular-meme-stocks-today
2026-07-24T01:06:56+02:00,BATL,Battalion Oil,63,14,43,-3,https://feargreedmeter.com/top-100-most-popular-meme-stocks-today
2026-07-24T01:06:56+02:00,BE,Bloom Energy,46,13,44,1,https://feargreedmeter.com/top-100-most-popular-meme-stocks-today
2026-07-24T01:06:56+02:00,ASML,ASML,37,12,45,11,https://feargreedmeter.com/top-100-most-popular-meme-stocks-today
2026-07-24T01:06:56+02:00,VTI,Vanguard Total Stock Market ETF,26,12,46,5,https://feargreedmeter.com/top-100-most-popular-meme-stocks-today
2026-07-24T01:06:56+02:00,OKLO,Oklo,79,12,47,-10,https://feargreedmeter.com/top-100-most-popular-meme-stocks-today
2026-07-24T01:06:56+02:00,SO,Southern Company,40,11,48,7,https://feargreedmeter.com/top-100-most-popular-meme-stocks-today
2026-07-24T01:06:56+02:00,UI,Ubiquiti,335,11,49,6,https://feargreedmeter.com/top-100-most-popular-meme-stocks-today
2026-07-24T01:06:56+02:00,UP,Wheels Up,19,11,50,-2,https://feargreedmeter.com/top-100-most-popular-meme-stocks-today
2026-07-24T01:06:56+02:00,WMT,Walmart,27,10,51,5,https://feargreedmeter.com/top-100-most-popular-meme-stocks-today
2026-07-24T01:06:56+02:00,SAP,SAP,70,10,52,1,https://feargreedmeter.com/top-100-most-popular-meme-stocks-today
2026-07-24T01:06:56+02:00,LMT,Lockheed Martin,25,10,53,8,https://feargreedmeter.com/top-100-most-popular-meme-stocks-today
2026-07-24T01:06:56+02:00,JPM,JPMorgan Chase,18,10,54,8,https://feargreedmeter.com/top-100-most-popular-meme-stocks-today
2026-07-24T01:06:56+02:00,RTX,Raytheon Technologies,22,10,55,8,https://feargreedmeter.com/top-100-most-popular-meme-stocks-today
2026-07-24T01:06:56+02:00,CRWV,CoreWeave,22,10,56,-9,https://feargreedmeter.com/top-100-most-popular-meme-stocks-today
2026-07-24T01:06:56+02:00,TSM,TSMC,11,9,57,1,https://feargreedmeter.com/top-100-most-popular-meme-stocks-today
2026-07-24T01:06:56+02:00,ISRG,Intuitive Surgical,27,9,58,7,https://feargreedmeter.com/top-100-most-popular-meme-stocks-today
2026-07-24T01:06:56+02:00,VC,Visteon,8,9,59,8,https://feargreedmeter.com/top-100-most-popular-meme-stocks-today
2026-07-24T01:06:56+02:00,MRVL,Marvell Technology Group,19,9,60,0,https://feargreedmeter.com/top-100-most-popular-meme-stocks-today
2026-07-24T01:06:56+02:00,OR,Osisko Gold Royalties,2290,9,61,1,https://feargreedmeter.com/top-100-most-popular-meme-stocks-today
2026-07-24T01:06:56+02:00,SGOV,iShares Trust - iShares 0-3 Month Treasury Bond ETF,20,9,62,-4,https://feargreedmeter.com/top-100-most-popular-meme-stocks-today
2026-07-24T01:06:56+02:00,RKLB,Rocket Lab USA,92,9,63,-24,https://feargreedmeter.com/top-100-most-popular-meme-stocks-today
2026-07-24T01:06:56+02:00,DC,Dakota Gold,17,9,64,7,https://feargreedmeter.com/top-100-most-popular-meme-stocks-today
2026-07-24T01:06:56+02:00,LINK,Interlink Electronics,10,9,65,0,https://feargreedmeter.com/top-100-most-popular-meme-stocks-today
2026-07-24T01:06:56+02:00,GEV,GE Vernova,19,9,66,-21,https://feargreedmeter.com/top-100-most-popular-meme-stocks-today
2026-07-24T01:06:56+02:00,ON,ON Semiconductor,34,8,67,1,https://feargreedmeter.com/top-100-most-popular-meme-stocks-today
2026-07-24T01:06:56+02:00,LITE,Lumentum,16,8,68,7,https://feargreedmeter.com/top-100-most-popular-meme-stocks-today
2026-07-24T01:06:56+02:00,HBM,Hudbay Minerals,12,8,69,2,https://feargreedmeter.com/top-100-most-popular-meme-stocks-today
2026-07-24T01:06:56+02:00,GLD,SSgA SPDR Gold Shares,17,8,70,0,https://feargreedmeter.com/top-100-most-popular-meme-stocks-today
2026-07-24T01:06:56+02:00,OG,Onion Global,19,8,71,3,https://feargreedmeter.com/top-100-most-popular-meme-stocks-today
2026-07-24T01:06:56+02:00,KEEL,Keel Infrastructure,12,8,72,7,https://feargreedmeter.com/top-100-most-popular-meme-stocks-today
2026-07-24T01:06:56+02:00,PYPL,PayPal,25,7,73,6,https://feargreedmeter.com/top-100-most-popular-meme-stocks-today
2026-07-24T01:06:56+02:00,CSX,CSX Corporation,18,7,74,1,https://feargreedmeter.com/top-100-most-popular-meme-stocks-today
2026-07-24T01:06:56+02:00,CRM,Salesforce,7,7,75,3,https://feargreedmeter.com/top-100-most-popular-meme-stocks-today
2026-07-24T01:06:56+02:00,STX,Seagate Technology,-4,7,76,2,https://feargreedmeter.com/top-100-most-popular-meme-stocks-today
2026-07-24T01:06:56+02:00,MXL,MaxLinear,15,7,77,6,https://feargreedmeter.com/top-100-most-popular-meme-stocks-today
2026-07-24T01:06:56+02:00,GO,Grocery Outlet,2290,7,78,0,https://feargreedmeter.com/top-100-most-popular-meme-stocks-today
2026-07-24T01:06:56+02:00,SOXX,BlackRock Institutional Trust Company N.A. - BTC iShares PHLX Semicond,17,7,79,2,https://feargreedmeter.com/top-100-most-popular-meme-stocks-today
2026-07-24T01:06:56+02:00,VXUS,"Vanguard Group, Inc. - Vanguard Total International Stock ETF",13,7,80,4,https://feargreedmeter.com/top-100-most-popular-meme-stocks-today
2026-07-24T01:06:56+02:00,IWM,BlackRock Institutional Trust Company N.A. - BTC iShares Russell 2000,13,7,81,0,https://feargreedmeter.com/top-100-most-popular-meme-stocks-today
2026-07-24T01:06:56+02:00,OPEN,Opendoor,30,7,82,3,https://feargreedmeter.com/top-100-most-popular-meme-stocks-today
2026-07-24T01:06:56+02:00,ONDS,Ondas Holdings,15,7,83,-12,https://feargreedmeter.com/top-100-most-popular-meme-stocks-today
2026-07-24T01:06:56+02:00,MA,Mastercard,11,6,84,-2,https://feargreedmeter.com/top-100-most-popular-meme-stocks-today
2026-07-24T01:06:56+02:00,WDC,Western Digital,-5,6,85,1,https://feargreedmeter.com/top-100-most-popular-meme-stocks-today
2026-07-24T01:06:56+02:00,UNH,UnitedHealth,9,6,86,3,https://feargreedmeter.com/top-100-most-popular-meme-stocks-today
2026-07-24T01:06:56+02:00,XOM,Exxon Mobil,12,6,87,5,https://feargreedmeter.com/top-100-most-popular-meme-stocks-today
2026-07-24T01:06:56+02:00,JUST,Goldman Sachs ETF Trust - Goldman Sachs Just Us Large Cap Equity ETF,53,6,88,2,https://feargreedmeter.com/top-100-most-popular-meme-stocks-today
2026-07-24T01:06:56+02:00,IG,Principal Exchange-Traded Funds - Principal Investment Grade Corporate,13,6,89,4,https://feargreedmeter.com/top-100-most-popular-meme-stocks-today
2026-07-24T01:06:56+02:00,TLT,BlackRock Institutional Trust Company N.A. - BTC iShares 20+ Year Trea,13,6,90,-3,https://feargreedmeter.com/top-100-most-popular-meme-stocks-today
2026-07-24T01:06:56+02:00,SLS,Sellas Life Sciences,11,6,91,0,https://feargreedmeter.com/top-100-most-popular-meme-stocks-today
2026-07-24T01:06:56+02:00,FOR,Forestar Group,21,6,92,0,https://feargreedmeter.com/top-100-most-popular-meme-stocks-today
2026-07-24T01:06:56+02:00,ANY,Sphere 3D,12,6,93,5,https://feargreedmeter.com/top-100-most-popular-meme-stocks-today
2026-07-24T01:06:56+02:00,HIMS,Hims & Hers Health,12,6,94,4,https://feargreedmeter.com/top-100-most-popular-meme-stocks-today
2026-07-24T01:06:56+02:00,SMR,NuScale Power,12,6,95,5,https://feargreedmeter.com/top-100-most-popular-meme-stocks-today
2026-07-24T01:06:56+02:00,DAY,Dayforce,97,6,96,5,https://feargreedmeter.com/top-100-most-popular-meme-stocks-today
2026-07-24T01:06:56+02:00,SMA,SmartStop Self Storage REIT,9,6,97,4,https://feargreedmeter.com/top-100-most-popular-meme-stocks-today
2026-07-24T01:06:56+02:00,CBRS,Cerebras Systems,11,6,98,-2,https://feargreedmeter.com/top-100-most-popular-meme-stocks-today
2026-07-24T01:06:56+02:00,ADBE,Adobe,7,5,99,4,https://feargreedmeter.com/top-100-most-popular-meme-stocks-today
2026-07-24T01:06:56+02:00,GE,General Electric,13,5,100,0,https://feargreedmeter.com/top-100-most-popular-meme-stocks-today
2026-07-24T02:09:27+02:00,TSLA,Tesla,1688,418,1,167,https://feargreedmeter.com/top-100-most-popular-meme-stocks-today
2026-07-24T02:09:27+02:00,SPY,SPDR S&P 500 ETF Trust,1161,393,2,53,https://feargreedmeter.com/top-100-most-popular-meme-stocks-today
2026-07-24T02:09:27+02:00,MU,Micron Technology,1196,363,3,19,https://feargreedmeter.com/top-100-most-popular-meme-stocks-today
2026-07-24T02:09:27+02:00,SPCX,SpaceX,1499,353,4,73,https://feargreedmeter.com/top-100-most-popular-meme-stocks-today
2026-07-24T02:09:27+02:00,GOOG,Alphabet (Google),1046,332,5,-164,https://feargreedmeter.com/top-100-most-popular-meme-stocks-today
2026-07-24T02:09:27+02:00,INTC,Intel,1220,317,6,298,https://feargreedmeter.com/top-100-most-popular-meme-stocks-today
2026-07-24T02:09:27+02:00,GOOGL,Alphabet (Google),2236,236,7,-71,https://feargreedmeter.com/top-100-most-popular-meme-stocks-today
2026-07-24T02:09:27+02:00,MSFT,Microsoft,526,159,8,-79,https://feargreedmeter.com/top-100-most-popular-meme-stocks-today
2026-07-24T02:09:27+02:00,QQQ,Invesco QQQ ETF,343,146,9,35,https://feargreedmeter.com/top-100-most-popular-meme-stocks-today
2026-07-24T02:09:27+02:00,NOW,ServiceNow,368,142,10,-99,https://feargreedmeter.com/top-100-most-popular-meme-stocks-today
2026-07-24T02:09:27+02:00,DTE,DTE Energy,201,90,11,34,https://feargreedmeter.com/top-100-most-popular-meme-stocks-today
2026-07-24T02:09:27+02:00,NVDA,NVIDIA,263,87,12,-90,https://feargreedmeter.com/top-100-most-popular-meme-stocks-today
2026-07-24T02:09:27+02:00,META,Meta Platforms (Facebook),204,80,13,12,https://feargreedmeter.com/top-100-most-popular-meme-stocks-today
2026-07-24T02:09:27+02:00,AMD,AMD,282,77,14,-46,https://feargreedmeter.com/top-100-most-popular-meme-stocks-today
2026-07-24T02:09:27+02:00,USO,United States Commodity Funds LLC - United States Oil Fund,203,76,15,60,https://feargreedmeter.com/top-100-most-popular-meme-stocks-today
2026-07-24T02:09:27+02:00,SNDK,Sandisk,2000,70,16,-5,https://feargreedmeter.com/top-100-most-popular-meme-stocks-today
2026-07-24T02:09:27+02:00,IBM,IBM,292,68,17,-73,https://feargreedmeter.com/top-100-most-popular-meme-stocks-today
2026-07-24T02:09:27+02:00,AGI,Alamos Gold,577,60,18,46,https://feargreedmeter.com/top-100-most-popular-meme-stocks-today
2026-07-24T02:09:27+02:00,FCF,First Commonwealth Financial Corp,613,59,19,21,https://feargreedmeter.com/top-100-most-popular-meme-stocks-today
2026-07-24T02:09:27+02:00,EU,enCore Energy,1548,53,20,42,https://feargreedmeter.com/top-100-most-popular-meme-stocks-today
2026-07-24T02:09:27+02:00,AMZN,Amazon,116,49,21,16,https://feargreedmeter.com/top-100-most-popular-meme-stocks-today
2026-07-24T02:09:27+02:00,NBIS,Nebius Group,112,46,22,-17,https://feargreedmeter.com/top-100-most-popular-meme-stocks-today
2026-07-24T02:09:27+02:00,ORCL,Oracle,112,37,23,11,https://feargreedmeter.com/top-100-most-popular-meme-stocks-today
2026-07-24T02:09:27+02:00,RDDT,Reddit,99,31,24,-89,https://feargreedmeter.com/top-100-most-popular-meme-stocks-today
2026-07-24T02:09:27+02:00,WTI,W&T Offshore,90,29,25,19,https://feargreedmeter.com/top-100-most-popular-meme-stocks-today
2026-07-24T02:09:27+02:00,YOU,CLEAR Secure,66,29,26,3,https://feargreedmeter.com/top-100-most-popular-meme-stocks-today
2026-07-24T02:09:27+02:00,ES,Eversource Energy,68,28,27,17,https://feargreedmeter.com/top-100-most-popular-meme-stocks-today
2026-07-24T02:09:27+02:00,NOK,Nokia,76,28,28,11,https://feargreedmeter.com/top-100-most-popular-meme-stocks-today
2026-07-24T02:09:27+02:00,VOO,Vanguard S&P 500 ETF,217,27,29,3,https://feargreedmeter.com/top-100-most-popular-meme-stocks-today
2026-07-24T02:09:27+02:00,AAPL,Apple,53,23,30,-8,https://feargreedmeter.com/top-100-most-popular-meme-stocks-today
2026-07-24T02:09:27+02:00,IT,Gartner,189,23,31,-8,https://feargreedmeter.com/top-100-most-popular-meme-stocks-today
2026-07-24T02:09:27+02:00,AM,Antero Midstream,130,22,32,6,https://feargreedmeter.com/top-100-most-popular-meme-stocks-today
2026-07-24T02:09:27+02:00,ALL,Allstate,2557,20,33,10,https://feargreedmeter.com/top-100-most-popular-meme-stocks-today
2026-07-24T02:09:27+02:00,NFLX,Netflix,42,17,34,-13,https://feargreedmeter.com/top-100-most-popular-meme-stocks-today
2026-07-24T02:09:27+02:00,SMCI,Supermicro,47,17,35,-74,https://feargreedmeter.com/top-100-most-popular-meme-stocks-today
2026-07-24T02:09:27+02:00,SOXL,Direxion Shares ETF Trust - Direxion Daily Semiconductor Bull 3X Share,52,17,36,-7,https://feargreedmeter.com/top-100-most-popular-meme-stocks-today
2026-07-24T02:09:27+02:00,ASTS,AST SpaceMobile,46,17,37,-1,https://feargreedmeter.com/top-100-most-popular-meme-stocks-today
2026-07-24T02:09:27+02:00,AVGO,Broadcom,39,16,38,-11,https://feargreedmeter.com/top-100-most-popular-meme-stocks-today
2026-07-24T02:09:27+02:00,IQ,iQIYI,59,16,39,11,https://feargreedmeter.com/top-100-most-popular-meme-stocks-today
2026-07-24T02:09:27+02:00,SMH,VanEck Vectors ETF Trust - VanEck Vectors Semiconductor ETF,90,16,40,1,https://feargreedmeter.com/top-100-most-popular-meme-stocks-today
2026-07-24T02:09:27+02:00,API,Agora.io,28,16,41,3,https://feargreedmeter.com/top-100-most-popular-meme-stocks-today
2026-07-24T02:09:27+02:00,WEN,Wendy’s Company,40,14,42,-2,https://feargreedmeter.com/top-100-most-popular-meme-stocks-today
2026-07-24T02:09:27+02:00,BE,Bloom Energy,46,14,43,3,https://feargreedmeter.com/top-100-most-popular-meme-stocks-today
2026-07-24T02:09:27+02:00,BATL,Battalion Oil,62,14,44,-3,https://feargreedmeter.com/top-100-most-popular-meme-stocks-today
2026-07-24T02:09:27+02:00,ASML,ASML,36,12,45,11,https://feargreedmeter.com/top-100-most-popular-meme-stocks-today
2026-07-24T02:09:27+02:00,VTI,Vanguard Total Stock Market ETF,25,12,46,6,https://feargreedmeter.com/top-100-most-popular-meme-stocks-today
2026-07-24T02:09:27+02:00,LMT,Lockheed Martin,28,11,47,9,https://feargreedmeter.com/top-100-most-popular-meme-stocks-today
2026-07-24T02:09:27+02:00,UI,Ubiquiti,344,11,48,6,https://feargreedmeter.com/top-100-most-popular-meme-stocks-today
2026-07-24T02:09:27+02:00,UP,Wheels Up,19,11,49,-3,https://feargreedmeter.com/top-100-most-popular-meme-stocks-today
2026-07-24T02:09:27+02:00,OKLO,Oklo,78,11,50,-9,https://feargreedmeter.com/top-100-most-popular-meme-stocks-today
2026-07-24T02:09:27+02:00,WMT,Walmart,26,10,51,5,https://feargreedmeter.com/top-100-most-popular-meme-stocks-today
2026-07-24T02:09:27+02:00,SAP,SAP,71,10,52,1,https://feargreedmeter.com/top-100-most-popular-meme-stocks-today
2026-07-24T02:09:27+02:00,SO,Southern Company,37,10,53,5,https://feargreedmeter.com/top-100-most-popular-meme-stocks-today
2026-07-24T02:09:27+02:00,JPM,JPMorgan Chase,18,10,54,8,https://feargreedmeter.com/top-100-most-popular-meme-stocks-today
2026-07-24T02:09:27+02:00,VC,Visteon,14,10,55,9,https://feargreedmeter.com/top-100-most-popular-meme-stocks-today
2026-07-24T02:09:27+02:00,RTX,Raytheon Technologies,22,10,56,8,https://feargreedmeter.com/top-100-most-popular-meme-stocks-today
2026-07-24T02:09:27+02:00,TSM,TSMC,12,9,57,0,https://feargreedmeter.com/top-100-most-popular-meme-stocks-today
2026-07-24T02:09:27+02:00,ISRG,Intuitive Surgical,28,9,58,7,https://feargreedmeter.com/top-100-most-popular-meme-stocks-today
2026-07-24T02:09:27+02:00,MRVL,Marvell Technology Group,24,9,59,3,https://feargreedmeter.com/top-100-most-popular-meme-stocks-today
2026-07-24T02:09:27+02:00,MXL,MaxLinear,20,9,60,8,https://feargreedmeter.com/top-100-most-popular-meme-stocks-today
2026-07-24T02:09:27+02:00,OR,Osisko Gold Royalties,2362,9,61,1,https://feargreedmeter.com/top-100-most-popular-meme-stocks-today
2026-07-24T02:09:27+02:00,GLD,SSgA SPDR Gold Shares,18,9,62,1,https://feargreedmeter.com/top-100-most-popular-meme-stocks-today
2026-07-24T02:09:27+02:00,RKLB,Rocket Lab USA,87,9,63,-20,https://feargreedmeter.com/top-100-most-popular-meme-stocks-today
2026-07-24T02:09:27+02:00,LINK,Interlink Electronics,11,9,64,-1,https://feargreedmeter.com/top-100-most-popular-meme-stocks-today
2026-07-24T02:09:27+02:00,CRWV,CoreWeave,21,9,65,-8,https://feargreedmeter.com/top-100-most-popular-meme-stocks-today
2026-07-24T02:09:27+02:00,ON,ON Semiconductor,34,8,66,2,https://feargreedmeter.com/top-100-most-popular-meme-stocks-today
2026-07-24T02:09:27+02:00,SGOV,iShares Trust - iShares 0-3 Month Treasury Bond ETF,14,8,67,-7,https://feargreedmeter.com/top-100-most-popular-meme-stocks-today
2026-07-24T02:09:27+02:00,OG,Onion Global,19,8,68,3,https://feargreedmeter.com/top-100-most-popular-meme-stocks-today
2026-07-24T02:09:27+02:00,DC,Dakota Gold,16,8,69,6,https://feargreedmeter.com/top-100-most-popular-meme-stocks-today
2026-07-24T02:09:27+02:00,GEV,GE Vernova,15,8,70,-20,https://feargreedmeter.com/top-100-most-popular-meme-stocks-today
2026-07-24T02:09:27+02:00,KEEL,Keel Infrastructure,12,8,71,7,https://feargreedmeter.com/top-100-most-popular-meme-stocks-today
2026-07-24T02:09:27+02:00,PYPL,PayPal,24,7,72,6,https://feargreedmeter.com/top-100-most-popular-meme-stocks-today
2026-07-24T02:09:27+02:00,CSX,CSX Corporation,17,7,73,0,https://feargreedmeter.com/top-100-most-popular-meme-stocks-today
2026-07-24T02:09:27+02:00,CRM,Salesforce,8,7,74,2,https://feargreedmeter.com/top-100-most-popular-meme-stocks-today
2026-07-24T02:09:27+02:00,LITE,Lumentum,14,7,75,6,https://feargreedmeter.com/top-100-most-popular-meme-stocks-today
2026-07-24T02:09:27+02:00,GO,Grocery Outlet,2356,7,76,1,https://feargreedmeter.com/top-100-most-popular-meme-stocks-today
2026-07-24T02:09:27+02:00,VXUS,"Vanguard Group, Inc. - Vanguard Total International Stock ETF",13,7,77,4,https://feargreedmeter.com/top-100-most-popular-meme-stocks-today
2026-07-24T02:09:27+02:00,IWM,BlackRock Institutional Trust Company N.A. - BTC iShares Russell 2000,13,7,78,0,https://feargreedmeter.com/top-100-most-popular-meme-stocks-today
2026-07-24T02:09:27+02:00,MA,Mastercard,12,6,79,-3,https://feargreedmeter.com/top-100-most-popular-meme-stocks-today
2026-07-24T02:09:27+02:00,UNH,UnitedHealth,9,6,80,3,https://feargreedmeter.com/top-100-most-popular-meme-stocks-today
2026-07-24T02:09:27+02:00,STX,Seagate Technology,11,6,81,1,https://feargreedmeter.com/top-100-most-popular-meme-stocks-today
2026-07-24T02:09:27+02:00,HBM,Hudbay Minerals,8,6,82,-2,https://feargreedmeter.com/top-100-most-popular-meme-stocks-today
2026-07-24T02:09:27+02:00,JUST,Goldman Sachs ETF Trust - Goldman Sachs Just Us Large Cap Equity ETF,55,6,83,2,https://feargreedmeter.com/top-100-most-popular-meme-stocks-today
2026-07-24T02:09:27+02:00,SOXX,BlackRock Institutional Trust Company N.A. - BTC iShares PHLX Semicond,15,6,84,0,https://feargreedmeter.com/top-100-most-popular-meme-stocks-today
2026-07-24T02:09:27+02:00,TLT,BlackRock Institutional Trust Company N.A. - BTC iShares 20+ Year Trea,13,6,85,-3,https://feargreedmeter.com/top-100-most-popular-meme-stocks-today
2026-07-24T02:09:27+02:00,SLS,Sellas Life Sciences,10,6,86,2,https://feargreedmeter.com/top-100-most-popular-meme-stocks-today
2026-07-24T02:09:27+02:00,OPEN,Opendoor,23,6,87,1,https://feargreedmeter.com/top-100-most-popular-meme-stocks-today
2026-07-24T02:09:27+02:00,FOR,Forestar Group,23,6,88,0,https://feargreedmeter.com/top-100-most-popular-meme-stocks-today
2026-07-24T02:09:27+02:00,ANY,Sphere 3D,12,6,89,5,https://feargreedmeter.com/top-100-most-popular-meme-stocks-today
2026-07-24T02:09:27+02:00,HIMS,Hims & Hers Health,12,6,90,5,https://feargreedmeter.com/top-100-most-popular-meme-stocks-today
2026-07-24T02:09:27+02:00,SMR,NuScale Power,13,6,91,5,https://feargreedmeter.com/top-100-most-popular-meme-stocks-today
2026-07-24T02:09:27+02:00,DAY,Dayforce,98,6,92,5,https://feargreedmeter.com/top-100-most-popular-meme-stocks-today
2026-07-24T02:09:27+02:00,SMA,SmartStop Self Storage REIT,9,6,93,3,https://feargreedmeter.com/top-100-most-popular-meme-stocks-today
2026-07-24T02:09:27+02:00,CBRS,Cerebras Systems,11,6,94,-3,https://feargreedmeter.com/top-100-most-popular-meme-stocks-today
2026-07-24T02:09:27+02:00,ADBE,Adobe,8,5,95,4,https://feargreedmeter.com/top-100-most-popular-meme-stocks-today
2026-07-24T02:09:27+02:00,GM,General Motors,12,5,96,2,https://feargreedmeter.com/top-100-most-popular-meme-stocks-today
2026-07-24T02:09:27+02:00,IP,International Paper,-6,5,97,-7,https://feargreedmeter.com/top-100-most-popular-meme-stocks-today
2026-07-24T02:09:27+02:00,OXY,Occidental Petroleum,10,5,98,4,https://feargreedmeter.com/top-100-most-popular-meme-stocks-today
2026-07-24T02:09:27+02:00,WDC,Western Digital,9,5,99,0,https://feargreedmeter.com/top-100-most-popular-meme-stocks-today
2026-07-24T02:09:27+02:00,XOM,Exxon Mobil,16,5,100,3,https://feargreedmeter.com/top-100-most-popular-meme-stocks-today
2026-07-24T05:43:47+02:00,TSLA,Tesla,2057,428,1,161,https://feargreedmeter.com/top-100-most-popular-meme-stocks-today
2026-07-24T05:43:47+02:00,SPY,SPDR S&P 500 ETF Trust,1176,383,2,31,https://feargreedmeter.com/top-100-most-popular-meme-stocks-today
2026-07-24T05:43:47+02:00,SPCX,SpaceX,1690,348,3,46,https://feargreedmeter.com/top-100-most-popular-meme-stocks-today
2026-07-24T05:43:47+02:00,MU,Micron Technology,1164,342,4,-12,https://feargreedmeter.com/top-100-most-popular-meme-stocks-today
2026-07-24T05:43:47+02:00,INTC,Intel,1265,328,5,305,https://feargreedmeter.com/top-100-most-popular-meme-stocks-today
2026-07-24T05:43:47+02:00,GOOG,Alphabet (Google),1000,305,6,-237,https://feargreedmeter.com/top-100-most-popular-meme-stocks-today
2026-07-24T05:43:47+02:00,GOOGL,Alphabet (Google),2256,226,7,-94,https://feargreedmeter.com/top-100-most-popular-meme-stocks-today
2026-07-24T05:43:47+02:00,MSFT,Microsoft,516,157,8,-84,https://feargreedmeter.com/top-100-most-popular-meme-stocks-today
2026-07-24T05:43:47+02:00,QQQ,Invesco QQQ ETF,379,145,9,37,https://feargreedmeter.com/top-100-most-popular-meme-stocks-today
2026-07-24T05:43:47+02:00,NOW,ServiceNow,271,132,10,-122,https://feargreedmeter.com/top-100-most-popular-meme-stocks-today
2026-07-24T05:43:47+02:00,NVDA,NVIDIA,266,90,11,-90,https://feargreedmeter.com/top-100-most-popular-meme-stocks-today
2026-07-24T05:43:47+02:00,DTE,DTE Energy,199,89,12,26,https://feargreedmeter.com/top-100-most-popular-meme-stocks-today
2026-07-24T05:43:47+02:00,META,Meta Platforms (Facebook),226,81,13,11,https://feargreedmeter.com/top-100-most-popular-meme-stocks-today
2026-07-24T05:43:47+02:00,AMD,AMD,161,73,14,-53,https://feargreedmeter.com/top-100-most-popular-meme-stocks-today
2026-07-24T05:43:47+02:00,USO,United States Commodity Funds LLC - United States Oil Fund,165,72,15,53,https://feargreedmeter.com/top-100-most-popular-meme-stocks-today
2026-07-24T05:43:47+02:00,SNDK,Sandisk,2007,68,16,-7,https://feargreedmeter.com/top-100-most-popular-meme-stocks-today
2026-07-24T05:43:47+02:00,IBM,IBM,263,65,17,-78,https://feargreedmeter.com/top-100-most-popular-meme-stocks-today
2026-07-24T05:43:47+02:00,AGI,Alamos Gold,605,63,18,48,https://feargreedmeter.com/top-100-most-popular-meme-stocks-today
2026-07-24T05:43:47+02:00,FCF,First Commonwealth Financial Corp,648,57,19,12,https://feargreedmeter.com/top-100-most-popular-meme-stocks-today
2026-07-24T05:43:47+02:00,EU,enCore Energy,1671,52,20,39,https://feargreedmeter.com/top-100-most-popular-meme-stocks-today
2026-07-24T05:43:47+02:00,AMZN,Amazon,126,50,21,14,https://feargreedmeter.com/top-100-most-popular-meme-stocks-today
2026-07-24T05:43:47+02:00,ORCL,Oracle,124,42,22,15,https://feargreedmeter.com/top-100-most-popular-meme-stocks-today
2026-07-24T05:43:47+02:00,NBIS,Nebius Group,84,39,23,-26,https://feargreedmeter.com/top-100-most-popular-meme-stocks-today
2026-07-24T05:43:47+02:00,RDDT,Reddit,120,31,24,-87,https://feargreedmeter.com/top-100-most-popular-meme-stocks-today
2026-07-24T05:43:47+02:00,WTI,W&T Offshore,93,30,25,23,https://feargreedmeter.com/top-100-most-popular-meme-stocks-today
2026-07-24T05:43:47+02:00,YOU,CLEAR Secure,66,29,26,5,https://feargreedmeter.com/top-100-most-popular-meme-stocks-today
2026-07-24T05:43:47+02:00,NOK,Nokia,73,27,27,12,https://feargreedmeter.com/top-100-most-popular-meme-stocks-today
2026-07-24T05:43:47+02:00,ES,Eversource Energy,71,25,28,11,https://feargreedmeter.com/top-100-most-popular-meme-stocks-today
2026-07-24T05:43:47+02:00,VOO,Vanguard S&P 500 ETF,375,25,29,-1,https://feargreedmeter.com/top-100-most-popular-meme-stocks-today
2026-07-24T05:43:47+02:00,ALL,Allstate,3210,24,30,15,https://feargreedmeter.com/top-100-most-popular-meme-stocks-today
2026-07-24T05:43:47+02:00,AM,Antero Midstream,131,23,31,7,https://feargreedmeter.com/top-100-most-popular-meme-stocks-today
2026-07-24T05:43:47+02:00,IT,Gartner,196,21,32,-11,https://feargreedmeter.com/top-100-most-popular-meme-stocks-today
2026-07-24T05:43:47+02:00,AAPL,Apple,51,20,33,-11,https://feargreedmeter.com/top-100-most-popular-meme-stocks-today
2026-07-24T05:43:47+02:00,ASTS,AST SpaceMobile,45,18,34,3,https://feargreedmeter.com/top-100-most-popular-meme-stocks-today
2026-07-24T05:43:47+02:00,NFLX,Netflix,44,17,35,-8,https://feargreedmeter.com/top-100-most-popular-meme-stocks-today
2026-07-24T05:43:47+02:00,VTI,Vanguard Total Stock Market ETF,36,17,36,12,https://feargreedmeter.com/top-100-most-popular-meme-stocks-today
2026-07-24T05:43:47+02:00,AVGO,Broadcom,38,16,37,-13,https://feargreedmeter.com/top-100-most-popular-meme-stocks-today
2026-07-24T05:43:47+02:00,SMH,VanEck Vectors ETF Trust - VanEck Vectors Semiconductor ETF,88,16,38,0,https://feargreedmeter.com/top-100-most-popular-meme-stocks-today
2026-07-24T05:43:47+02:00,SMCI,Supermicro,44,15,39,-63,https://feargreedmeter.com/top-100-most-popular-meme-stocks-today
2026-07-24T05:43:47+02:00,IQ,iQIYI,47,15,40,8,https://feargreedmeter.com/top-100-most-popular-meme-stocks-today
2026-07-24T05:43:47+02:00,API,Agora.io,33,15,41,1,https://feargreedmeter.com/top-100-most-popular-meme-stocks-today
2026-07-24T05:43:47+02:00,SOXL,Direxion Shares ETF Trust - Direxion Daily Semiconductor Bull 3X Share,41,14,42,-12,https://feargreedmeter.com/top-100-most-popular-meme-stocks-today
2026-07-24T05:43:47+02:00,BATL,Battalion Oil,59,14,43,-2,https://feargreedmeter.com/top-100-most-popular-meme-stocks-today
2026-07-24T05:43:47+02:00,ASML,ASML,40,12,44,10,https://feargreedmeter.com/top-100-most-popular-meme-stocks-today
2026-07-24T05:43:47+02:00,VC,Visteon,36,12,45,10,https://feargreedmeter.com/top-100-most-popular-meme-stocks-today
2026-07-24T05:43:47+02:00,OKLO,Oklo,123,12,46,-6,https://feargreedmeter.com/top-100-most-popular-meme-stocks-today
2026-07-24T05:43:47+02:00,SAP,SAP,73,11,47,2,https://feargreedmeter.com/top-100-most-popular-meme-stocks-today
2026-07-24T05:43:47+02:00,BE,Bloom Energy,41,11,48,-2,https://feargreedmeter.com/top-100-most-popular-meme-stocks-today
2026-07-24T05:43:47+02:00,SO,Southern Company,40,10,49,5,https://feargreedmeter.com/top-100-most-popular-meme-stocks-today
2026-07-24T05:43:47+02:00,UI,Ubiquiti,368,10,50,6,https://feargreedmeter.com/top-100-most-popular-meme-stocks-today
2026-07-24T05:43:47+02:00,RTX,Raytheon Technologies,24,10,51,8,https://feargreedmeter.com/top-100-most-popular-meme-stocks-today
2026-07-24T05:43:47+02:00,OR,Osisko Gold Royalties,3007,10,52,1,https://feargreedmeter.com/top-100-most-popular-meme-stocks-today
2026-07-24T05:43:47+02:00,RKLB,Rocket Lab USA,97,10,53,-13,https://feargreedmeter.com/top-100-most-popular-meme-stocks-today
2026-07-24T05:43:47+02:00,LMT,Lockheed Martin,19,9,54,5,https://feargreedmeter.com/top-100-most-popular-meme-stocks-today
2026-07-24T05:43:47+02:00,JPM,JPMorgan Chase,14,9,55,6,https://feargreedmeter.com/top-100-most-popular-meme-stocks-today
2026-07-24T05:43:47+02:00,MXL,MaxLinear,19,9,56,8,https://feargreedmeter.com/top-100-most-popular-meme-stocks-today
2026-07-24T05:43:47+02:00,ANY,Sphere 3D,17,9,57,8,https://feargreedmeter.com/top-100-most-popular-meme-stocks-today
2026-07-24T05:43:47+02:00,SMA,SmartStop Self Storage REIT,12,9,58,6,https://feargreedmeter.com/top-100-most-popular-meme-stocks-today
2026-07-24T05:43:47+02:00,JNJ,Johnson & Johnson,11,8,59,7,https://feargreedmeter.com/top-100-most-popular-meme-stocks-today
2026-07-24T05:43:47+02:00,WMT,Walmart,19,8,60,4,https://feargreedmeter.com/top-100-most-popular-meme-stocks-today
2026-07-24T05:43:47+02:00,TSM,TSMC,7,8,61,-3,https://feargreedmeter.com/top-100-most-popular-meme-stocks-today
2026-07-24T05:43:47+02:00,WEN,Wendy’s Company,18,8,62,-13,https://feargreedmeter.com/top-100-most-popular-meme-stocks-today
2026-07-24T05:43:47+02:00,MRVL,Marvell Technology Group,19,8,63,-1,https://feargreedmeter.com/top-100-most-popular-meme-stocks-today
2026-07-24T05:43:47+02:00,GO,Grocery Outlet,2999,8,64,2,https://feargreedmeter.com/top-100-most-popular-meme-stocks-today
2026-07-24T05:43:47+02:00,VXUS,"Vanguard Group, Inc. - Vanguard Total International Stock ETF",13,8,65,6,https://feargreedmeter.com/top-100-most-popular-meme-stocks-today
2026-07-24T05:43:47+02:00,GLD,SSgA SPDR Gold Shares,16,8,66,0,https://feargreedmeter.com/top-100-most-popular-meme-stocks-today
2026-07-24T05:43:47+02:00,IWM,BlackRock Institutional Trust Company N.A. - BTC iShares Russell 2000,17,8,67,1,https://feargreedmeter.com/top-100-most-popular-meme-stocks-today
2026-07-24T05:43:47+02:00,DC,Dakota Gold,15,8,68,3,https://feargreedmeter.com/top-100-most-popular-meme-stocks-today
2026-07-24T05:43:47+02:00,LINK,Interlink Electronics,10,8,69,-4,https://feargreedmeter.com/top-100-most-popular-meme-stocks-today
2026-07-24T05:43:47+02:00,CSX,CSX Corporation,16,7,70,0,https://feargreedmeter.com/top-100-most-popular-meme-stocks-today
2026-07-24T05:43:47+02:00,ISRG,Intuitive Surgical,21,7,71,3,https://feargreedmeter.com/top-100-most-popular-meme-stocks-today
2026-07-24T05:43:47+02:00,LITE,Lumentum,14,7,72,6,https://feargreedmeter.com/top-100-most-popular-meme-stocks-today
2026-07-24T05:43:47+02:00,SGOV,iShares Trust - iShares 0-3 Month Treasury Bond ETF,13,7,73,-8,https://feargreedmeter.com/top-100-most-popular-meme-stocks-today
2026-07-24T05:43:47+02:00,UP,Wheels Up,10,7,74,-9,https://feargreedmeter.com/top-100-most-popular-meme-stocks-today
2026-07-24T05:43:47+02:00,OG,Onion Global,18,7,75,2,https://feargreedmeter.com/top-100-most-popular-meme-stocks-today
2026-07-24T05:43:47+02:00,GEV,GE Vernova,13,7,76,-21,https://feargreedmeter.com/top-100-most-popular-meme-stocks-today
2026-07-24T05:43:47+02:00,KEEL,Keel Infrastructure,10,7,77,6,https://feargreedmeter.com/top-100-most-popular-meme-stocks-today
2026-07-24T05:43:47+02:00,MA,Mastercard,14,6,78,-3,https://feargreedmeter.com/top-100-most-popular-meme-stocks-today
2026-07-24T05:43:47+02:00,PYPL,PayPal,23,6,79,5,https://feargreedmeter.com/top-100-most-popular-meme-stocks-today
2026-07-24T05:43:47+02:00,GM,General Motors,13,6,80,3,https://feargreedmeter.com/top-100-most-popular-meme-stocks-today
2026-07-24T05:43:47+02:00,ICE,Intercontinental Exchange,19,6,81,2,https://feargreedmeter.com/top-100-most-popular-meme-stocks-today
2026-07-24T05:43:47+02:00,UNH,UnitedHealth,9,6,82,4,https://feargreedmeter.com/top-100-most-popular-meme-stocks-today
2026-07-24T05:43:47+02:00,CVX,Chevron,11,6,83,4,https://feargreedmeter.com/top-100-most-popular-meme-stocks-today
2026-07-24T05:43:47+02:00,CRM,Salesforce,10,6,84,0,https://feargreedmeter.com/top-100-most-popular-meme-stocks-today
2026-07-24T05:43:47+02:00,STX,Seagate Technology,11,6,85,1,https://feargreedmeter.com/top-100-most-popular-meme-stocks-today
2026-07-24T05:43:47+02:00,ON,ON Semiconductor,29,6,86,-2,https://feargreedmeter.com/top-100-most-popular-meme-stocks-today
2026-07-24T05:43:47+02:00,CC,Chemours,14,6,87,-6,https://feargreedmeter.com/top-100-most-popular-meme-stocks-today
2026-07-24T05:43:47+02:00,HBM,Hudbay Minerals,9,6,88,-2,https://feargreedmeter.com/top-100-most-popular-meme-stocks-today
2026-07-24T05:43:47+02:00,SOXX,BlackRock Institutional Trust Company N.A. - BTC iShares PHLX Semicond,10,6,89,-2,https://feargreedmeter.com/top-100-most-popular-meme-stocks-today
2026-07-24T05:43:47+02:00,TLT,BlackRock Institutional Trust Company N.A. - BTC iShares 20+ Year Trea,15,6,90,-3,https://feargreedmeter.com/top-100-most-popular-meme-stocks-today
2026-07-24T05:43:47+02:00,GME,GameStop,12,6,91,3,https://feargreedmeter.com/top-100-most-popular-meme-stocks-today
2026-07-24T05:43:47+02:00,OPEN,Opendoor,22,6,92,2,https://feargreedmeter.com/top-100-most-popular-meme-stocks-today
2026-07-24T05:43:47+02:00,FOR,Forestar Group,38,6,93,0,https://feargreedmeter.com/top-100-most-popular-meme-stocks-today
2026-07-24T05:43:47+02:00,HIMS,Hims & Hers Health,12,6,94,5,https://feargreedmeter.com/top-100-most-popular-meme-stocks-today
2026-07-24T05:43:47+02:00,DAY,Dayforce,107,6,95,5,https://feargreedmeter.com/top-100-most-popular-meme-stocks-today
2026-07-24T05:43:47+02:00,OS,OneStream,14,6,96,5,https://feargreedmeter.com/top-100-most-popular-meme-stocks-today
2026-07-24T05:43:47+02:00,CRWV,CoreWeave,16,6,97,-12,https://feargreedmeter.com/top-100-most-popular-meme-stocks-today
2026-07-24T05:43:47+02:00,CBRS,Cerebras Systems,11,6,98,-2,https://feargreedmeter.com/top-100-most-popular-meme-stocks-today
2026-07-24T05:43:47+02:00,KO,Coca-Cola,17,5,99,2,https://feargreedmeter.com/top-100-most-popular-meme-stocks-today
2026-07-24T05:43:47+02:00,ADBE,Adobe,9,5,100,3,https://feargreedmeter.com/top-100-most-popular-meme-stocks-today
2026-07-24T08:14:52+02:00,TSLA,Tesla,2167,432,1,162,https://feargreedmeter.com/top-100-most-popular-meme-stocks-today
2026-07-24T08:14:52+02:00,SPY,SPDR S&P 500 ETF Trust,1178,382,2,34,https://feargreedmeter.com/top-100-most-popular-meme-stocks-today
2026-07-24T08:14:52+02:00,SPCX,SpaceX,1755,351,3,43,https://feargreedmeter.com/top-100-most-popular-meme-stocks-today
2026-07-24T08:14:52+02:00,MU,Micron Technology,1141,337,4,-15,https://feargreedmeter.com/top-100-most-popular-meme-stocks-today
2026-07-24T08:14:52+02:00,INTC,Intel,1296,330,5,308,https://feargreedmeter.com/top-100-most-popular-meme-stocks-today
2026-07-24T08:14:52+02:00,GOOG,Alphabet (Google),1003,299,6,-253,https://feargreedmeter.com/top-100-most-popular-meme-stocks-today
2026-07-24T08:14:52+02:00,GOOGL,Alphabet (Google),2408,214,7,-113,https://feargreedmeter.com/top-100-most-popular-meme-stocks-today
2026-07-24T08:14:52+02:00,MSFT,Microsoft,490,156,8,-90,https://feargreedmeter.com/top-100-most-popular-meme-stocks-today
2026-07-24T08:14:52+02:00,QQQ,Invesco QQQ ETF,383,144,9,31,https://feargreedmeter.com/top-100-most-popular-meme-stocks-today
2026-07-24T08:14:52+02:00,NOW,ServiceNow,242,119,10,-154,https://feargreedmeter.com/top-100-most-popular-meme-stocks-today
2026-07-24T08:14:52+02:00,NVDA,NVIDIA,348,99,11,-83,https://feargreedmeter.com/top-100-most-popular-meme-stocks-today
2026-07-24T08:14:52+02:00,DTE,DTE Energy,211,91,12,32,https://feargreedmeter.com/top-100-most-popular-meme-stocks-today
2026-07-24T08:14:52+02:00,META,Meta Platforms (Facebook),239,78,13,5,https://feargreedmeter.com/top-100-most-popular-meme-stocks-today
2026-07-24T08:14:52+02:00,AMD,AMD,159,75,14,-46,https://feargreedmeter.com/top-100-most-popular-meme-stocks-today
2026-07-24T08:14:52+02:00,USO,United States Commodity Funds LLC - United States Oil Fund,166,72,15,53,https://feargreedmeter.com/top-100-most-popular-meme-stocks-today
2026-07-24T08:14:52+02:00,AGI,Alamos Gold,631,68,16,54,https://feargreedmeter.com/top-100-most-popular-meme-stocks-today
2026-07-24T08:14:52+02:00,SNDK,Sandisk,2014,68,17,-3,https://feargreedmeter.com/top-100-most-popular-meme-stocks-today
2026-07-24T08:14:52+02:00,IBM,IBM,231,56,18,-91,https://feargreedmeter.com/top-100-most-popular-meme-stocks-today
2026-07-24T08:14:52+02:00,FCF,First Commonwealth Financial Corp,803,56,19,8,https://feargreedmeter.com/top-100-most-popular-meme-stocks-today
2026-07-24T08:14:52+02:00,AMZN,Amazon,130,52,20,16,https://feargreedmeter.com/top-100-most-popular-meme-stocks-today
2026-07-24T08:14:52+02:00,EU,enCore Energy,1751,52,21,38,https://feargreedmeter.com/top-100-most-popular-meme-stocks-today
2026-07-24T08:14:52+02:00,ORCL,Oracle,134,45,22,21,https://feargreedmeter.com/top-100-most-popular-meme-stocks-today
2026-07-24T08:14:52+02:00,NBIS,Nebius Group,85,39,23,-30,https://feargreedmeter.com/top-100-most-popular-meme-stocks-today
2026-07-24T08:14:52+02:00,WTI,W&T Offshore,97,30,24,23,https://feargreedmeter.com/top-100-most-popular-meme-stocks-today
2026-07-24T08:14:52+02:00,YOU,CLEAR Secure,65,30,25,7,https://feargreedmeter.com/top-100-most-popular-meme-stocks-today
2026-07-24T08:14:52+02:00,RDDT,Reddit,129,28,26,-96,https://feargreedmeter.com/top-100-most-popular-meme-stocks-today
2026-07-24T08:14:52+02:00,ES,Eversource Energy,69,25,27,11,https://feargreedmeter.com/top-100-most-popular-meme-stocks-today
2026-07-24T08:14:52+02:00,VOO,Vanguard S&P 500 ETF,370,25,28,-1,https://feargreedmeter.com/top-100-most-popular-meme-stocks-today
2026-07-24T08:14:52+02:00,ALL,Allstate,3651,24,29,16,https://feargreedmeter.com/top-100-most-popular-meme-stocks-today
2026-07-24T08:14:52+02:00,AM,Antero Midstream,144,24,30,8,https://feargreedmeter.com/top-100-most-popular-meme-stocks-today
2026-07-24T08:14:52+02:00,IT,Gartner,176,22,31,-7,https://feargreedmeter.com/top-100-most-popular-meme-stocks-today
2026-07-24T08:14:52+02:00,AAPL,Apple,59,19,32,-11,https://feargreedmeter.com/top-100-most-popular-meme-stocks-today
2026-07-24T08:14:52+02:00,SMH,VanEck Vectors ETF Trust - VanEck Vectors Semiconductor ETF,90,19,33,4,https://feargreedmeter.com/top-100-most-popular-meme-stocks-today
2026-07-24T08:14:52+02:00,API,Agora.io,44,18,34,4,https://feargreedmeter.com/top-100-most-popular-meme-stocks-today
2026-07-24T08:14:52+02:00,NFLX,Netflix,46,17,35,-9,https://feargreedmeter.com/top-100-most-popular-meme-stocks-today
2026-07-24T08:14:52+02:00,VTI,Vanguard Total Stock Market ETF,51,17,36,11,https://feargreedmeter.com/top-100-most-popular-meme-stocks-today
2026-07-24T08:14:52+02:00,AVGO,Broadcom,40,16,37,-13,https://feargreedmeter.com/top-100-most-popular-meme-stocks-today
2026-07-24T08:14:52+02:00,NOK,Nokia,70,15,38,-11,https://feargreedmeter.com/top-100-most-popular-meme-stocks-today
2026-07-24T08:14:52+02:00,BATL,Battalion Oil,63,15,39,-1,https://feargreedmeter.com/top-100-most-popular-meme-stocks-today
2026-07-24T08:14:52+02:00,SMCI,Supermicro,37,14,40,-60,https://feargreedmeter.com/top-100-most-popular-meme-stocks-today
2026-07-24T08:14:52+02:00,OKLO,Oklo,174,14,41,-3,https://feargreedmeter.com/top-100-most-popular-meme-stocks-today
2026-07-24T08:14:52+02:00,IQ,iQIYI,51,13,42,6,https://feargreedmeter.com/top-100-most-popular-meme-stocks-today
2026-07-24T08:14:52+02:00,SOXL,Direxion Shares ETF Trust - Direxion Daily Semiconductor Bull 3X Share,31,13,43,-11,https://feargreedmeter.com/top-100-most-popular-meme-stocks-today
2026-07-24T08:14:52+02:00,ASML,ASML,36,12,44,10,https://feargreedmeter.com/top-100-most-popular-meme-stocks-today
2026-07-24T08:14:52+02:00,VC,Visteon,50,12,45,10,https://feargreedmeter.com/top-100-most-popular-meme-stocks-today
2026-07-24T08:14:52+02:00,ASTS,AST SpaceMobile,14,12,46,-6,https://feargreedmeter.com/top-100-most-popular-meme-stocks-today
2026-07-24T08:14:52+02:00,RKLB,Rocket Lab USA,107,12,47,-7,https://feargreedmeter.com/top-100-most-popular-meme-stocks-today
2026-07-24T08:14:52+02:00,WEN,Wendy’s Company,28,11,48,-11,https://feargreedmeter.com/top-100-most-popular-meme-stocks-today
2026-07-24T08:14:52+02:00,SAP,SAP,29,10,49,0,https://feargreedmeter.com/top-100-most-popular-meme-stocks-today
2026-07-24T08:14:52+02:00,LMT,Lockheed Martin,23,10,50,6,https://feargreedmeter.com/top-100-most-popular-meme-stocks-today
2026-07-24T08:14:52+02:00,MXL,MaxLinear,23,10,51,9,https://feargreedmeter.com/top-100-most-popular-meme-stocks-today
2026-07-24T08:14:52+02:00,UI,Ubiquiti,362,10,52,6,https://feargreedmeter.com/top-100-most-popular-meme-stocks-today
2026-07-24T08:14:52+02:00,RTX,Raytheon Technologies,25,10,53,8,https://feargreedmeter.com/top-100-most-popular-meme-stocks-today
2026-07-24T08:14:52+02:00,OR,Osisko Gold Royalties,3439,10,54,0,https://feargreedmeter.com/top-100-most-popular-meme-stocks-today
2026-07-24T08:14:52+02:00,BE,Bloom Energy,40,10,55,-3,https://feargreedmeter.com/top-100-most-popular-meme-stocks-today
2026-07-24T08:14:52+02:00,JNJ,Johnson & Johnson,14,9,56,8,https://feargreedmeter.com/top-100-most-popular-meme-stocks-today
2026-07-24T08:14:52+02:00,SO,Southern Company,37,9,57,3,https://feargreedmeter.com/top-100-most-popular-meme-stocks-today
2026-07-24T08:14:52+02:00,GO,Grocery Outlet,3428,9,58,3,https://feargreedmeter.com/top-100-most-popular-meme-stocks-today
2026-07-24T08:14:52+02:00,ANY,Sphere 3D,21,9,59,8,https://feargreedmeter.com/top-100-most-popular-meme-stocks-today
2026-07-24T08:14:52+02:00,DC,Dakota Gold,17,9,60,4,https://feargreedmeter.com/top-100-most-popular-meme-stocks-today
2026-07-24T08:14:52+02:00,LINK,Interlink Electronics,11,9,61,-2,https://feargreedmeter.com/top-100-most-popular-meme-stocks-today
2026-07-24T08:14:52+02:00,SMA,SmartStop Self Storage REIT,15,9,62,6,https://feargreedmeter.com/top-100-most-popular-meme-stocks-today
2026-07-24T08:14:52+02:00,WMT,Walmart,20,8,63,4,https://feargreedmeter.com/top-100-most-popular-meme-stocks-today
2026-07-24T08:14:52+02:00,JPM,JPMorgan Chase,12,8,64,4,https://feargreedmeter.com/top-100-most-popular-meme-stocks-today
2026-07-24T08:14:52+02:00,MRVL,Marvell Technology Group,18,8,65,-2,https://feargreedmeter.com/top-100-most-popular-meme-stocks-today
2026-07-24T08:14:52+02:00,HBM,Hudbay Minerals,12,8,66,1,https://feargreedmeter.com/top-100-most-popular-meme-stocks-today
2026-07-24T08:14:52+02:00,FOR,Forestar Group,43,8,67,2,https://feargreedmeter.com/top-100-most-popular-meme-stocks-today
2026-07-24T08:14:52+02:00,TSM,TSMC,6,7,68,-5,https://feargreedmeter.com/top-100-most-popular-meme-stocks-today
2026-07-24T08:14:52+02:00,CSX,CSX Corporation,17,7,69,0,https://feargreedmeter.com/top-100-most-popular-meme-stocks-today
2026-07-24T08:14:52+02:00,CRM,Salesforce,12,7,70,0,https://feargreedmeter.com/top-100-most-popular-meme-stocks-today
2026-07-24T08:14:52+02:00,ISRG,Intuitive Surgical,18,7,71,4,https://feargreedmeter.com/top-100-most-popular-meme-stocks-today
2026-07-24T08:14:52+02:00,LITE,Lumentum,12,7,72,5,https://feargreedmeter.com/top-100-most-popular-meme-stocks-today
2026-07-24T08:14:52+02:00,SOXX,BlackRock Institutional Trust Company N.A. - BTC iShares PHLX Semicond,11,7,73,-1,https://feargreedmeter.com/top-100-most-popular-meme-stocks-today
2026-07-24T08:14:52+02:00,VXUS,"Vanguard Group, Inc. - Vanguard Total International Stock ETF",11,7,74,4,https://feargreedmeter.com/top-100-most-popular-meme-stocks-today
2026-07-24T08:14:52+02:00,IWM,BlackRock Institutional Trust Company N.A. - BTC iShares Russell 2000,19,7,75,-1,https://feargreedmeter.com/top-100-most-popular-meme-stocks-today
2026-07-24T08:14:52+02:00,SGOV,iShares Trust - iShares 0-3 Month Treasury Bond ETF,13,7,76,-8,https://feargreedmeter.com/top-100-most-popular-meme-stocks-today
2026-07-24T08:14:52+02:00,UP,Wheels Up,8,7,77,-11,https://feargreedmeter.com/top-100-most-popular-meme-stocks-today
2026-07-24T08:14:52+02:00,GEV,GE Vernova,12,7,78,-20,https://feargreedmeter.com/top-100-most-popular-meme-stocks-today
2026-07-24T08:14:52+02:00,KEEL,Keel Infrastructure,10,7,79,6,https://feargreedmeter.com/top-100-most-popular-meme-stocks-today
2026-07-24T08:14:52+02:00,MA,Mastercard,15,6,80,-2,https://feargreedmeter.com/top-100-most-popular-meme-stocks-today
2026-07-24T08:14:52+02:00,KO,Coca-Cola,18,6,81,3,https://feargreedmeter.com/top-100-most-popular-meme-stocks-today
2026-07-24T08:14:52+02:00,PYPL,PayPal,25,6,82,5,https://feargreedmeter.com/top-100-most-popular-meme-stocks-today
2026-07-24T08:14:52+02:00,GE,General Electric,19,6,83,1,https://feargreedmeter.com/top-100-most-popular-meme-stocks-today
2026-07-24T08:14:52+02:00,GM,General Motors,13,6,84,3,https://feargreedmeter.com/top-100-most-popular-meme-stocks-today
2026-07-24T08:14:52+02:00,UNH,UnitedHealth,9,6,85,4,https://feargreedmeter.com/top-100-most-popular-meme-stocks-today
2026-07-24T08:14:52+02:00,STX,Seagate Technology,12,6,86,1,https://feargreedmeter.com/top-100-most-popular-meme-stocks-today
2026-07-24T08:14:52+02:00,ON,ON Semiconductor,29,6,87,-2,https://feargreedmeter.com/top-100-most-popular-meme-stocks-today
2026-07-24T08:14:52+02:00,CC,Chemours,15,6,88,-5,https://feargreedmeter.com/top-100-most-popular-meme-stocks-today
2026-07-24T08:14:52+02:00,GLD,SSgA SPDR Gold Shares,13,6,89,0,https://feargreedmeter.com/top-100-most-popular-meme-stocks-today
2026-07-24T08:14:52+02:00,TLT,BlackRock Institutional Trust Company N.A. - BTC iShares 20+ Year Trea,14,6,90,-3,https://feargreedmeter.com/top-100-most-popular-meme-stocks-today
2026-07-24T08:14:52+02:00,TQQQ,ProShares Trust - ProShares UltraPro QQQ,17,6,91,4,https://feargreedmeter.com/top-100-most-popular-meme-stocks-today
2026-07-24T08:14:52+02:00,BNO,United States Commodity Funds LLC - United States Brent Crude Oil Fund,7,6,92,5,https://feargreedmeter.com/top-100-most-popular-meme-stocks-today
2026-07-24T08:14:52+02:00,GME,GameStop,12,6,93,3,https://feargreedmeter.com/top-100-most-popular-meme-stocks-today
2026-07-24T08:14:52+02:00,OPEN,Opendoor,21,6,94,2,https://feargreedmeter.com/top-100-most-popular-meme-stocks-today
2026-07-24T08:14:52+02:00,OG,Onion Global,18,6,95,1,https://feargreedmeter.com/top-100-most-popular-meme-stocks-today
2026-07-24T08:14:52+02:00,HIMS,Hims & Hers Health,12,6,96,5,https://feargreedmeter.com/top-100-most-popular-meme-stocks-today
2026-07-24T08:14:52+02:00,DAY,Dayforce,119,6,97,5,https://feargreedmeter.com/top-100-most-popular-meme-stocks-today
2026-07-24T08:14:52+02:00,DJT,Trump Media & Technology Group,29,6,98,4,https://feargreedmeter.com/top-100-most-popular-meme-stocks-today
2026-07-24T08:14:52+02:00,OS,OneStream,7,6,99,4,https://feargreedmeter.com/top-100-most-popular-meme-stocks-today
2026-07-24T08:14:52+02:00,CRWV,CoreWeave,20,6,100,-13,https://feargreedmeter.com/top-100-most-popular-meme-stocks-today
2026-07-24T10:46:01+02:00,TSLA,Tesla,2299,434,1,163,https://feargreedmeter.com/top-100-most-popular-meme-stocks-today
2026-07-24T10:46:01+02:00,SPY,SPDR S&P 500 ETF Trust,1295,379,2,34,https://feargreedmeter.com/top-100-most-popular-meme-stocks-today
2026-07-24T10:46:01+02:00,SPCX,SpaceX,1866,358,3,51,https://feargreedmeter.com/top-100-most-popular-meme-stocks-today
2026-07-24T10:46:01+02:00,MU,Micron Technology,1180,342,4,-10,https://feargreedmeter.com/top-100-most-popular-meme-stocks-today
2026-07-24T10:46:01+02:00,INTC,Intel,1334,336,5,313,https://feargreedmeter.com/top-100-most-popular-meme-stocks-today
2026-07-24T10:46:01+02:00,GOOG,Alphabet (Google),1017,295,6,-258,https://feargreedmeter.com/top-100-most-popular-meme-stocks-today
2026-07-24T10:46:01+02:00,GOOGL,Alphabet (Google),1831,215,7,-111,https://feargreedmeter.com/top-100-most-popular-meme-stocks-today
2026-07-24T10:46:01+02:00,MSFT,Microsoft,509,157,8,-84,https://feargreedmeter.com/top-100-most-popular-meme-stocks-today
2026-07-24T10:46:01+02:00,QQQ,Invesco QQQ ETF,369,137,9,20,https://feargreedmeter.com/top-100-most-popular-meme-stocks-today
2026-07-24T10:46:01+02:00,NOW,ServiceNow,238,114,10,-166,https://feargreedmeter.com/top-100-most-popular-meme-stocks-today
2026-07-24T10:46:01+02:00,NVDA,NVIDIA,380,101,11,-80,https://feargreedmeter.com/top-100-most-popular-meme-stocks-today
2026-07-24T10:46:01+02:00,DTE,DTE Energy,303,93,12,34,https://feargreedmeter.com/top-100-most-popular-meme-stocks-today
2026-07-24T10:46:01+02:00,META,Meta Platforms (Facebook),296,77,13,3,https://feargreedmeter.com/top-100-most-popular-meme-stocks-today
2026-07-24T10:46:01+02:00,AMD,AMD,153,75,14,-45,https://feargreedmeter.com/top-100-most-popular-meme-stocks-today
2026-07-24T10:46:01+02:00,USO,United States Commodity Funds LLC - United States Oil Fund,166,72,15,56,https://feargreedmeter.com/top-100-most-popular-meme-stocks-today
2026-07-24T10:46:01+02:00,SNDK,Sandisk,2024,69,16,3,https://feargreedmeter.com/top-100-most-popular-meme-stocks-today
2026-07-24T10:46:01+02:00,AGI,Alamos Gold,645,69,17,54,https://feargreedmeter.com/top-100-most-popular-meme-stocks-today
2026-07-24T10:46:01+02:00,FCF,First Commonwealth Financial Corp,836,55,18,4,https://feargreedmeter.com/top-100-most-popular-meme-stocks-today
2026-07-24T10:46:01+02:00,EU,enCore Energy,1810,53,19,37,https://feargreedmeter.com/top-100-most-popular-meme-stocks-today
2026-07-24T10:46:01+02:00,AMZN,Amazon,134,51,20,15,https://feargreedmeter.com/top-100-most-popular-meme-stocks-today
2026-07-24T10:46:01+02:00,IBM,IBM,225,48,21,-101,https://feargreedmeter.com/top-100-most-popular-meme-stocks-today
2026-07-24T10:46:01+02:00,ORCL,Oracle,125,43,22,20,https://feargreedmeter.com/top-100-most-popular-meme-stocks-today
2026-07-24T10:46:01+02:00,NBIS,Nebius Group,79,36,23,-34,https://feargreedmeter.com/top-100-most-popular-meme-stocks-today
2026-07-24T10:46:01+02:00,YOU,CLEAR Secure,66,30,24,9,https://feargreedmeter.com/top-100-most-popular-meme-stocks-today
2026-07-24T10:46:01+02:00,RDDT,Reddit,129,27,25,-100,https://feargreedmeter.com/top-100-most-popular-meme-stocks-today
2026-07-24T10:46:01+02:00,AM,Antero Midstream,147,27,26,14,https://feargreedmeter.com/top-100-most-popular-meme-stocks-today
2026-07-24T10:46:01+02:00,WTI,W&T Offshore,92,26,27,16,https://feargreedmeter.com/top-100-most-popular-meme-stocks-today
2026-07-24T10:46:01+02:00,ALL,Allstate,3968,26,28,18,https://feargreedmeter.com/top-100-most-popular-meme-stocks-today
2026-07-24T10:46:01+02:00,VOO,Vanguard S&P 500 ETF,424,25,29,-4,https://feargreedmeter.com/top-100-most-popular-meme-stocks-today
2026-07-24T10:46:01+02:00,ES,Eversource Energy,68,24,30,10,https://feargreedmeter.com/top-100-most-popular-meme-stocks-today
2026-07-24T10:46:01+02:00,IT,Gartner,167,21,31,-8,https://feargreedmeter.com/top-100-most-popular-meme-stocks-today
2026-07-24T10:46:01+02:00,AAPL,Apple,71,21,32,-8,https://feargreedmeter.com/top-100-most-popular-meme-stocks-today
2026-07-24T10:46:01+02:00,SMH,VanEck Vectors ETF Trust - VanEck Vectors Semiconductor ETF,99,19,33,5,https://feargreedmeter.com/top-100-most-popular-meme-stocks-today
2026-07-24T10:46:01+02:00,API,Agora.io,56,18,34,4,https://feargreedmeter.com/top-100-most-popular-meme-stocks-today
2026-07-24T10:46:01+02:00,NFLX,Netflix,51,17,35,-9,https://feargreedmeter.com/top-100-most-popular-meme-stocks-today
2026-07-24T10:46:01+02:00,VTI,Vanguard Total Stock Market ETF,62,16,36,9,https://feargreedmeter.com/top-100-most-popular-meme-stocks-today
2026-07-24T10:46:01+02:00,AVGO,Broadcom,44,16,37,-12,https://feargreedmeter.com/top-100-most-popular-meme-stocks-today
2026-07-24T10:46:01+02:00,BATL,Battalion Oil,59,15,38,-1,https://feargreedmeter.com/top-100-most-popular-meme-stocks-today
2026-07-24T10:46:01+02:00,OKLO,Oklo,194,14,39,-2,https://feargreedmeter.com/top-100-most-popular-meme-stocks-today
2026-07-24T10:46:01+02:00,IQ,iQIYI,55,14,40,5,https://feargreedmeter.com/top-100-most-popular-meme-stocks-today
2026-07-24T10:46:01+02:00,SMCI,Supermicro,37,14,41,-58,https://feargreedmeter.com/top-100-most-popular-meme-stocks-today
2026-07-24T10:46:01+02:00,SAP,SAP,38,14,42,4,https://feargreedmeter.com/top-100-most-popular-meme-stocks-today
2026-07-24T10:46:01+02:00,ASTS,AST SpaceMobile,15,13,43,-7,https://feargreedmeter.com/top-100-most-popular-meme-stocks-today
2026-07-24T10:46:01+02:00,SOXL,Direxion Shares ETF Trust - Direxion Daily Semiconductor Bull 3X Share,32,13,44,-10,https://feargreedmeter.com/top-100-most-popular-meme-stocks-today
2026-07-24T10:46:01+02:00,NOK,Nokia,60,13,45,-16,https://feargreedmeter.com/top-100-most-popular-meme-stocks-today
2026-07-24T10:46:01+02:00,VC,Visteon,53,12,46,10,https://feargreedmeter.com/top-100-most-popular-meme-stocks-today
2026-07-24T10:46:01+02:00,ASML,ASML,41,12,47,10,https://feargreedmeter.com/top-100-most-popular-meme-stocks-today
2026-07-24T10:46:01+02:00,RKLB,Rocket Lab USA,105,11,48,-7,https://feargreedmeter.com/top-100-most-popular-meme-stocks-today
2026-07-24T10:46:01+02:00,WEN,Wendy’s Company,39,11,49,-10,https://feargreedmeter.com/top-100-most-popular-meme-stocks-today
2026-07-24T10:46:01+02:00,LINK,Interlink Electronics,13,10,50,-1,https://feargreedmeter.com/top-100-most-popular-meme-stocks-today
2026-07-24T10:46:01+02:00,OR,Osisko Gold Royalties,3735,10,51,0,https://feargreedmeter.com/top-100-most-popular-meme-stocks-today
2026-07-24T10:46:01+02:00,RTX,Raytheon Technologies,24,10,52,8,https://feargreedmeter.com/top-100-most-popular-meme-stocks-today
2026-07-24T10:46:01+02:00,MXL,MaxLinear,24,10,53,9,https://feargreedmeter.com/top-100-most-popular-meme-stocks-today
2026-07-24T10:46:01+02:00,LMT,Lockheed Martin,22,10,54,6,https://feargreedmeter.com/top-100-most-popular-meme-stocks-today
2026-07-24T10:46:01+02:00,DC,Dakota Gold,18,9,55,5,https://feargreedmeter.com/top-100-most-popular-meme-stocks-today
2026-07-24T10:46:01+02:00,ANY,Sphere 3D,23,9,56,8,https://feargreedmeter.com/top-100-most-popular-meme-stocks-today
2026-07-24T10:46:01+02:00,FOR,Forestar Group,46,9,57,3,https://feargreedmeter.com/top-100-most-popular-meme-stocks-today
2026-07-24T10:46:01+02:00,BE,Bloom Energy,36,9,58,-4,https://feargreedmeter.com/top-100-most-popular-meme-stocks-today
2026-07-24T10:46:01+02:00,HBM,Hudbay Minerals,24,9,59,2,https://feargreedmeter.com/top-100-most-popular-meme-stocks-today
2026-07-24T10:46:01+02:00,GO,Grocery Outlet,3724,9,60,3,https://feargreedmeter.com/top-100-most-popular-meme-stocks-today
2026-07-24T10:46:01+02:00,SO,Southern Company,38,9,61,3,https://feargreedmeter.com/top-100-most-popular-meme-stocks-today
2026-07-24T10:46:01+02:00,WMT,Walmart,21,9,62,5,https://feargreedmeter.com/top-100-most-popular-meme-stocks-today
2026-07-24T10:46:01+02:00,JNJ,Johnson & Johnson,14,9,63,8,https://feargreedmeter.com/top-100-most-popular-meme-stocks-today
2026-07-24T10:46:01+02:00,VXUS,"Vanguard Group, Inc. - Vanguard Total International Stock ETF",13,8,64,5,https://feargreedmeter.com/top-100-most-popular-meme-stocks-today
2026-07-24T10:46:01+02:00,JPM,JPMorgan Chase,12,8,65,4,https://feargreedmeter.com/top-100-most-popular-meme-stocks-today
2026-07-24T10:46:01+02:00,SMA,SmartStop Self Storage REIT,25,7,66,3,https://feargreedmeter.com/top-100-most-popular-meme-stocks-today
2026-07-24T10:46:01+02:00,DJT,Trump Media & Technology Group,45,7,67,5,https://feargreedmeter.com/top-100-most-popular-meme-stocks-today
2026-07-24T10:46:01+02:00,MSTR,MicroStrategy,20,7,68,0,https://feargreedmeter.com/top-100-most-popular-meme-stocks-today
2026-07-24T10:46:01+02:00,SLS,Sellas Life Sciences,12,7,69,3,https://feargreedmeter.com/top-100-most-popular-meme-stocks-today
2026-07-24T10:46:01+02:00,SGOV,iShares Trust - iShares 0-3 Month Treasury Bond ETF,13,7,70,-8,https://feargreedmeter.com/top-100-most-popular-meme-stocks-today
2026-07-24T10:46:01+02:00,IWM,BlackRock Institutional Trust Company N.A. - BTC iShares Russell 2000,17,7,71,0,https://feargreedmeter.com/top-100-most-popular-meme-stocks-today
2026-07-24T10:46:01+02:00,TQQQ,ProShares Trust - ProShares UltraPro QQQ,19,7,72,5,https://feargreedmeter.com/top-100-most-popular-meme-stocks-today
2026-07-24T10:46:01+02:00,SOXX,BlackRock Institutional Trust Company N.A. - BTC iShares PHLX Semicond,11,7,73,-1,https://feargreedmeter.com/top-100-most-popular-meme-stocks-today
2026-07-24T10:46:01+02:00,UI,Ubiquiti,34,7,74,3,https://feargreedmeter.com/top-100-most-popular-meme-stocks-today
2026-07-24T10:46:01+02:00,CC,Chemours,18,7,75,-3,https://feargreedmeter.com/top-100-most-popular-meme-stocks-today
2026-07-24T10:46:01+02:00,MRVL,Marvell Technology Group,16,7,76,-3,https://feargreedmeter.com/top-100-most-popular-meme-stocks-today
2026-07-24T10:46:01+02:00,ON,ON Semiconductor,28,7,77,-1,https://feargreedmeter.com/top-100-most-popular-meme-stocks-today
2026-07-24T10:46:01+02:00,ISRG,Intuitive Surgical,21,7,78,4,https://feargreedmeter.com/top-100-most-popular-meme-stocks-today
2026-07-24T10:46:01+02:00,CRM,Salesforce,12,7,79,0,https://feargreedmeter.com/top-100-most-popular-meme-stocks-today
2026-07-24T10:46:01+02:00,CSX,CSX Corporation,17,7,80,0,https://feargreedmeter.com/top-100-most-popular-meme-stocks-today
2026-07-24T10:46:01+02:00,TSM,TSMC,6,7,81,-5,https://feargreedmeter.com/top-100-most-popular-meme-stocks-today
2026-07-24T10:46:01+02:00,KEEL,Keel Infrastructure,8,6,82,5,https://feargreedmeter.com/top-100-most-popular-meme-stocks-today
2026-07-24T10:46:01+02:00,CBRS,Cerebras Systems,11,6,83,-3,https://feargreedmeter.com/top-100-most-popular-meme-stocks-today
2026-07-24T10:46:01+02:00,CRWV,CoreWeave,21,6,84,-12,https://feargreedmeter.com/top-100-most-popular-meme-stocks-today
2026-07-24T10:46:01+02:00,OS,OneStream,6,6,85,4,https://feargreedmeter.com/top-100-most-popular-meme-stocks-today
2026-07-24T10:46:01+02:00,GEV,GE Vernova,7,6,86,-21,https://feargreedmeter.com/top-100-most-popular-meme-stocks-today
2026-07-24T10:46:01+02:00,DAY,Dayforce,118,6,87,5,https://feargreedmeter.com/top-100-most-popular-meme-stocks-today
2026-07-24T10:46:01+02:00,HIMS,Hims & Hers Health,12,6,88,5,https://feargreedmeter.com/top-100-most-popular-meme-stocks-today
2026-07-24T10:46:01+02:00,OPEN,Opendoor,18,6,89,2,https://feargreedmeter.com/top-100-most-popular-meme-stocks-today
2026-07-24T10:46:01+02:00,GME,GameStop,12,6,90,3,https://feargreedmeter.com/top-100-most-popular-meme-stocks-today
2026-07-24T10:46:01+02:00,BNO,United States Commodity Funds LLC - United States Brent Crude Oil Fund,7,6,91,5,https://feargreedmeter.com/top-100-most-popular-meme-stocks-today
2026-07-24T10:46:01+02:00,TLT,BlackRock Institutional Trust Company N.A. - BTC iShares 20+ Year Trea,14,6,92,-3,https://feargreedmeter.com/top-100-most-popular-meme-stocks-today
2026-07-24T10:46:01+02:00,LITE,Lumentum,11,6,93,4,https://feargreedmeter.com/top-100-most-popular-meme-stocks-today
2026-07-24T10:46:01+02:00,STX,Seagate Technology,13,6,94,1,https://feargreedmeter.com/top-100-most-popular-meme-stocks-today
2026-07-24T10:46:01+02:00,XOM,Exxon Mobil,27,6,95,5,https://feargreedmeter.com/top-100-most-popular-meme-stocks-today
2026-07-24T10:46:01+02:00,UNH,UnitedHealth,9,6,96,4,https://feargreedmeter.com/top-100-most-popular-meme-stocks-today
2026-07-24T10:46:01+02:00,OXY,Occidental Petroleum,12,6,97,5,https://feargreedmeter.com/top-100-most-popular-meme-stocks-today
2026-07-24T10:46:01+02:00,PYPL,PayPal,26,6,98,5,https://feargreedmeter.com/top-100-most-popular-meme-stocks-today
2026-07-24T10:46:01+02:00,KO,Coca-Cola,21,6,99,5,https://feargreedmeter.com/top-100-most-popular-meme-stocks-today
2026-07-24T10:46:01+02:00,MA,Mastercard,15,6,100,-2,https://feargreedmeter.com/top-100-most-popular-meme-stocks-today
2026-07-24T12:50:26+02:00,TSLA,Tesla,2317,429,1,150,https://feargreedmeter.com/top-100-most-popular-meme-stocks-today
2026-07-24T12:50:26+02:00,SPY,SPDR S&P 500 ETF Trust,1305,382,2,33,https://feargreedmeter.com/top-100-most-popular-meme-stocks-today
2026-07-24T12:50:26+02:00,SPCX,SpaceX,1886,354,3,44,https://feargreedmeter.com/top-100-most-popular-meme-stocks-today
2026-07-24T12:50:26+02:00,MU,Micron Technology,1087,338,4,-17,https://feargreedmeter.com/top-100-most-popular-meme-stocks-today
2026-07-24T12:50:26+02:00,INTC,Intel,1346,335,5,310,https://feargreedmeter.com/top-100-most-popular-meme-stocks-today
2026-07-24T12:50:26+02:00,GOOG,Alphabet (Google),876,272,6,-291,https://feargreedmeter.com/top-100-most-popular-meme-stocks-today
2026-07-24T12:50:26+02:00,GOOGL,Alphabet (Google),1768,207,7,-126,https://feargreedmeter.com/top-100-most-popular-meme-stocks-today
2026-07-24T12:50:26+02:00,MSFT,Microsoft,441,159,8,-88,https://feargreedmeter.com/top-100-most-popular-meme-stocks-today
2026-07-24T12:50:26+02:00,QQQ,Invesco QQQ ETF,379,138,9,22,https://feargreedmeter.com/top-100-most-popular-meme-stocks-today
2026-07-24T12:50:26+02:00,NOW,ServiceNow,232,107,10,-177,https://feargreedmeter.com/top-100-most-popular-meme-stocks-today
2026-07-24T12:50:26+02:00,NVDA,NVIDIA,363,101,11,-82,https://feargreedmeter.com/top-100-most-popular-meme-stocks-today
2026-07-24T12:50:26+02:00,DTE,DTE Energy,310,91,12,28,https://feargreedmeter.com/top-100-most-popular-meme-stocks-today
2026-07-24T12:50:26+02:00,META,Meta Platforms (Facebook),283,75,13,-4,https://feargreedmeter.com/top-100-most-popular-meme-stocks-today
2026-07-24T12:50:26+02:00,AMD,AMD,149,74,14,-49,https://feargreedmeter.com/top-100-most-popular-meme-stocks-today
2026-07-24T12:50:26+02:00,SNDK,Sandisk,1995,71,15,5,https://feargreedmeter.com/top-100-most-popular-meme-stocks-today
2026-07-24T12:50:26+02:00,USO,United States Commodity Funds LLC - United States Oil Fund,164,70,16,52,https://feargreedmeter.com/top-100-most-popular-meme-stocks-today
2026-07-24T12:50:26+02:00,AGI,Alamos Gold,647,70,17,55,https://feargreedmeter.com/top-100-most-popular-meme-stocks-today
2026-07-24T12:50:26+02:00,FCF,First Commonwealth Financial Corp,843,54,18,3,https://feargreedmeter.com/top-100-most-popular-meme-stocks-today
2026-07-24T12:50:26+02:00,AMZN,Amazon,123,50,19,12,https://feargreedmeter.com/top-100-most-popular-meme-stocks-today
2026-07-24T12:50:26+02:00,EU,enCore Energy,1841,49,20,32,https://feargreedmeter.com/top-100-most-popular-meme-stocks-today
2026-07-24T12:50:26+02:00,IBM,IBM,225,46,21,-106,https://feargreedmeter.com/top-100-most-popular-meme-stocks-today
2026-07-24T12:50:26+02:00,ORCL,Oracle,125,43,22,18,https://feargreedmeter.com/top-100-most-popular-meme-stocks-today
2026-07-24T12:50:26+02:00,NBIS,Nebius Group,73,33,23,-40,https://feargreedmeter.com/top-100-most-popular-meme-stocks-today
2026-07-24T12:50:26+02:00,YOU,CLEAR Secure,76,30,24,9,https://feargreedmeter.com/top-100-most-popular-meme-stocks-today
2026-07-24T12:50:26+02:00,WTI,W&T Offshore,88,27,25,17,https://feargreedmeter.com/top-100-most-popular-meme-stocks-today
2026-07-24T12:50:26+02:00,RDDT,Reddit,134,26,26,-97,https://feargreedmeter.com/top-100-most-popular-meme-stocks-today
2026-07-24T12:50:26+02:00,AM,Antero Midstream,157,26,27,11,https://feargreedmeter.com/top-100-most-popular-meme-stocks-today
2026-07-24T12:50:26+02:00,ALL,Allstate,4126,26,28,18,https://feargreedmeter.com/top-100-most-popular-meme-stocks-today
2026-07-24T12:50:26+02:00,VOO,Vanguard S&P 500 ETF,456,25,29,-4,https://feargreedmeter.com/top-100-most-popular-meme-stocks-today
2026-07-24T12:50:26+02:00,ES,Eversource Energy,66,22,30,6,https://feargreedmeter.com/top-100-most-popular-meme-stocks-today
2026-07-24T12:50:26+02:00,AAPL,Apple,82,21,31,-8,https://feargreedmeter.com/top-100-most-popular-meme-stocks-today
2026-07-24T12:50:26+02:00,IT,Gartner,185,20,32,-8,https://feargreedmeter.com/top-100-most-popular-meme-stocks-today
2026-07-24T12:50:26+02:00,SMH,VanEck Vectors ETF Trust - VanEck Vectors Semiconductor ETF,100,19,33,5,https://feargreedmeter.com/top-100-most-popular-meme-stocks-today
2026-07-24T12:50:26+02:00,VTI,Vanguard Total Stock Market ETF,66,17,34,10,https://feargreedmeter.com/top-100-most-popular-meme-stocks-today
2026-07-24T12:50:26+02:00,SAP,SAP,45,17,35,8,https://feargreedmeter.com/top-100-most-popular-meme-stocks-today
2026-07-24T12:50:26+02:00,API,Agora.io,53,16,36,2,https://feargreedmeter.com/top-100-most-popular-meme-stocks-today
2026-07-24T12:50:26+02:00,NFLX,Netflix,50,16,37,-8,https://feargreedmeter.com/top-100-most-popular-meme-stocks-today
2026-07-24T12:50:26+02:00,BATL,Battalion Oil,67,15,38,3,https://feargreedmeter.com/top-100-most-popular-meme-stocks-today
2026-07-24T12:50:26+02:00,AVGO,Broadcom,37,15,39,-12,https://feargreedmeter.com/top-100-most-popular-meme-stocks-today
2026-07-24T12:50:26+02:00,OKLO,Oklo,203,14,40,-2,https://feargreedmeter.com/top-100-most-popular-meme-stocks-today
2026-07-24T12:50:26+02:00,SOXL,Direxion Shares ETF Trust - Direxion Daily Semiconductor Bull 3X Share,31,14,41,-8,https://feargreedmeter.com/top-100-most-popular-meme-stocks-today
2026-07-24T12:50:26+02:00,SMCI,Supermicro,38,14,42,-53,https://feargreedmeter.com/top-100-most-popular-meme-stocks-today
2026-07-24T12:50:26+02:00,ASTS,AST SpaceMobile,17,13,43,-6,https://feargreedmeter.com/top-100-most-popular-meme-stocks-today
2026-07-24T12:50:26+02:00,IQ,iQIYI,57,13,44,3,https://feargreedmeter.com/top-100-most-popular-meme-stocks-today
2026-07-24T12:50:26+02:00,VC,Visteon,55,12,45,10,https://feargreedmeter.com/top-100-most-popular-meme-stocks-today
2026-07-24T12:50:26+02:00,WEN,Wendy’s Company,54,12,46,-9,https://feargreedmeter.com/top-100-most-popular-meme-stocks-today
2026-07-24T12:50:26+02:00,RKLB,Rocket Lab USA,104,11,47,-6,https://feargreedmeter.com/top-100-most-popular-meme-stocks-today
2026-07-24T12:50:26+02:00,NOK,Nokia,59,11,48,-20,https://feargreedmeter.com/top-100-most-popular-meme-stocks-today
2026-07-24T12:50:26+02:00,OR,Osisko Gold Royalties,3911,11,49,1,https://feargreedmeter.com/top-100-most-popular-meme-stocks-today
2026-07-24T12:50:26+02:00,LINK,Interlink Electronics,13,10,50,-1,https://feargreedmeter.com/top-100-most-popular-meme-stocks-today
2026-07-24T12:50:26+02:00,RTX,Raytheon Technologies,25,10,51,8,https://feargreedmeter.com/top-100-most-popular-meme-stocks-today
2026-07-24T12:50:26+02:00,MXL,MaxLinear,24,10,52,9,https://feargreedmeter.com/top-100-most-popular-meme-stocks-today
2026-07-24T12:50:26+02:00,LMT,Lockheed Martin,23,10,53,6,https://feargreedmeter.com/top-100-most-popular-meme-stocks-today
2026-07-24T12:50:26+02:00,JNJ,Johnson & Johnson,15,10,54,9,https://feargreedmeter.com/top-100-most-popular-meme-stocks-today
2026-07-24T12:50:26+02:00,DC,Dakota Gold,20,9,55,5,https://feargreedmeter.com/top-100-most-popular-meme-stocks-today
2026-07-24T12:50:26+02:00,FOR,Forestar Group,46,9,56,3,https://feargreedmeter.com/top-100-most-popular-meme-stocks-today
2026-07-24T12:50:26+02:00,BE,Bloom Energy,33,9,57,-4,https://feargreedmeter.com/top-100-most-popular-meme-stocks-today
2026-07-24T12:50:26+02:00,HBM,Hudbay Minerals,24,9,58,2,https://feargreedmeter.com/top-100-most-popular-meme-stocks-today
2026-07-24T12:50:26+02:00,GO,Grocery Outlet,3890,9,59,3,https://feargreedmeter.com/top-100-most-popular-meme-stocks-today
2026-07-24T12:50:26+02:00,ASML,ASML,8,9,60,5,https://feargreedmeter.com/top-100-most-popular-meme-stocks-today
2026-07-24T12:50:26+02:00,JPM,JPMorgan Chase,14,9,61,5,https://feargreedmeter.com/top-100-most-popular-meme-stocks-today
2026-07-24T12:50:26+02:00,SO,Southern Company,38,9,62,5,https://feargreedmeter.com/top-100-most-popular-meme-stocks-today
2026-07-24T12:50:26+02:00,WMT,Walmart,21,9,63,5,https://feargreedmeter.com/top-100-most-popular-meme-stocks-today
2026-07-24T12:50:26+02:00,ANY,Sphere 3D,20,8,64,7,https://feargreedmeter.com/top-100-most-popular-meme-stocks-today
2026-07-24T12:50:26+02:00,VXUS,"Vanguard Group, Inc. - Vanguard Total International Stock ETF",17,8,65,5,https://feargreedmeter.com/top-100-most-popular-meme-stocks-today
2026-07-24T12:50:26+02:00,SOXX,BlackRock Institutional Trust Company N.A. - BTC iShares PHLX Semicond,10,8,66,0,https://feargreedmeter.com/top-100-most-popular-meme-stocks-today
2026-07-24T12:50:26+02:00,SMA,SmartStop Self Storage REIT,26,7,67,4,https://feargreedmeter.com/top-100-most-popular-meme-stocks-today
2026-07-24T12:50:26+02:00,OS,OneStream,13,7,68,5,https://feargreedmeter.com/top-100-most-popular-meme-stocks-today
2026-07-24T12:50:26+02:00,DJT,Trump Media & Technology Group,58,7,69,5,https://feargreedmeter.com/top-100-most-popular-meme-stocks-today
2026-07-24T12:50:26+02:00,MSTR,MicroStrategy,21,7,70,0,https://feargreedmeter.com/top-100-most-popular-meme-stocks-today
2026-07-24T12:50:26+02:00,SLS,Sellas Life Sciences,12,7,71,3,https://feargreedmeter.com/top-100-most-popular-meme-stocks-today
2026-07-24T12:50:26+02:00,SGOV,iShares Trust - iShares 0-3 Month Treasury Bond ETF,13,7,72,-8,https://feargreedmeter.com/top-100-most-popular-meme-stocks-today
2026-07-24T12:50:26+02:00,IWM,BlackRock Institutional Trust Company N.A. - BTC iShares Russell 2000,21,7,73,0,https://feargreedmeter.com/top-100-most-popular-meme-stocks-today
2026-07-24T12:50:26+02:00,TQQQ,ProShares Trust - ProShares UltraPro QQQ,20,7,74,5,https://feargreedmeter.com/top-100-most-popular-meme-stocks-today
2026-07-24T12:50:26+02:00,CC,Chemours,18,7,75,-2,https://feargreedmeter.com/top-100-most-popular-meme-stocks-today
2026-07-24T12:50:26+02:00,MRVL,Marvell Technology Group,16,7,76,-4,https://feargreedmeter.com/top-100-most-popular-meme-stocks-today
2026-07-24T12:50:26+02:00,ON,ON Semiconductor,29,7,77,-1,https://feargreedmeter.com/top-100-most-popular-meme-stocks-today
2026-07-24T12:50:26+02:00,ISRG,Intuitive Surgical,22,7,78,5,https://feargreedmeter.com/top-100-most-popular-meme-stocks-today
2026-07-24T12:50:26+02:00,TSM,TSMC,6,7,79,-5,https://feargreedmeter.com/top-100-most-popular-meme-stocks-today
2026-07-24T12:50:26+02:00,MA,Mastercard,16,7,80,-1,https://feargreedmeter.com/top-100-most-popular-meme-stocks-today
2026-07-24T12:50:26+02:00,KEEL,Keel Infrastructure,8,6,81,5,https://feargreedmeter.com/top-100-most-popular-meme-stocks-today
2026-07-24T12:50:26+02:00,CBRS,Cerebras Systems,11,6,82,-3,https://feargreedmeter.com/top-100-most-popular-meme-stocks-today
2026-07-24T12:50:26+02:00,CRWV,CoreWeave,20,6,83,-11,https://feargreedmeter.com/top-100-most-popular-meme-stocks-today
2026-07-24T12:50:26+02:00,GEV,GE Vernova,7,6,84,-21,https://feargreedmeter.com/top-100-most-popular-meme-stocks-today
2026-07-24T12:50:26+02:00,DAY,Dayforce,129,6,85,5,https://feargreedmeter.com/top-100-most-popular-meme-stocks-today
2026-07-24T12:50:26+02:00,OPEN,Opendoor,20,6,86,3,https://feargreedmeter.com/top-100-most-popular-meme-stocks-today
2026-07-24T12:50:26+02:00,GME,GameStop,12,6,87,3,https://feargreedmeter.com/top-100-most-popular-meme-stocks-today
2026-07-24T12:50:26+02:00,BNO,United States Commodity Funds LLC - United States Brent Crude Oil Fund,7,6,88,5,https://feargreedmeter.com/top-100-most-popular-meme-stocks-today
2026-07-24T12:50:26+02:00,UI,Ubiquiti,16,6,89,-2,https://feargreedmeter.com/top-100-most-popular-meme-stocks-today
2026-07-24T12:50:26+02:00,LITE,Lumentum,11,6,90,3,https://feargreedmeter.com/top-100-most-popular-meme-stocks-today
2026-07-24T12:50:26+02:00,STX,Seagate Technology,13,6,91,1,https://feargreedmeter.com/top-100-most-popular-meme-stocks-today
2026-07-24T12:50:26+02:00,MS,Morgan Stanley,10,6,92,5,https://feargreedmeter.com/top-100-most-popular-meme-stocks-today
2026-07-24T12:50:26+02:00,CRM,Salesforce,10,6,93,-1,https://feargreedmeter.com/top-100-most-popular-meme-stocks-today
2026-07-24T12:50:26+02:00,XOM,Exxon Mobil,29,6,94,5,https://feargreedmeter.com/top-100-most-popular-meme-stocks-today
2026-07-24T12:50:26+02:00,UNH,UnitedHealth,9,6,95,4,https://feargreedmeter.com/top-100-most-popular-meme-stocks-today
2026-07-24T12:50:26+02:00,OXY,Occidental Petroleum,13,6,96,5,https://feargreedmeter.com/top-100-most-popular-meme-stocks-today
2026-07-24T12:50:26+02:00,GE,General Electric,16,6,97,-1,https://feargreedmeter.com/top-100-most-popular-meme-stocks-today
2026-07-24T12:50:26+02:00,CSX,CSX Corporation,13,6,98,-1,https://feargreedmeter.com/top-100-most-popular-meme-stocks-today
2026-07-24T12:50:26+02:00,KO,Coca-Cola,21,6,99,5,https://feargreedmeter.com/top-100-most-popular-meme-stocks-today
2026-07-24T12:50:26+02:00,WAY,Waystar,25,5,100,3,https://feargreedmeter.com/top-100-most-popular-meme-stocks-today
2026-07-24T14:11:09+02:00,TSLA,Tesla,2316,425,1,145,https://feargreedmeter.com/top-100-most-popular-meme-stocks-today
2026-07-24T14:11:09+02:00,SPY,SPDR S&P 500 ETF Trust,1248,376,2,28,https://feargreedmeter.com/top-100-most-popular-meme-stocks-today
2026-07-24T14:11:09+02:00,SPCX,SpaceX,1912,360,3,52,https://feargreedmeter.com/top-100-most-popular-meme-stocks-today
2026-07-24T14:11:09+02:00,INTC,Intel,1341,339,4,314,https://feargreedmeter.com/top-100-most-popular-meme-stocks-today
2026-07-24T14:11:09+02:00,MU,Micron Technology,1069,334,5,-17,https://feargreedmeter.com/top-100-most-popular-meme-stocks-today
2026-07-24T14:11:09+02:00,GOOG,Alphabet (Google),794,256,6,-312,https://feargreedmeter.com/top-100-most-popular-meme-stocks-today
2026-07-24T14:11:09+02:00,GOOGL,Alphabet (Google),1667,193,7,-148,https://feargreedmeter.com/top-100-most-popular-meme-stocks-today
2026-07-24T14:11:09+02:00,MSFT,Microsoft,365,152,8,-99,https://feargreedmeter.com/top-100-most-popular-meme-stocks-today
2026-07-24T14:11:09+02:00,QQQ,Invesco QQQ ETF,371,137,9,24,https://feargreedmeter.com/top-100-most-popular-meme-stocks-today
2026-07-24T14:11:09+02:00,NOW,ServiceNow,214,103,10,-183,https://feargreedmeter.com/top-100-most-popular-meme-stocks-today
2026-07-24T14:11:09+02:00,NVDA,NVIDIA,405,101,11,-83,https://feargreedmeter.com/top-100-most-popular-meme-stocks-today
2026-07-24T14:11:09+02:00,DTE,DTE Energy,311,91,12,30,https://feargreedmeter.com/top-100-most-popular-meme-stocks-today
2026-07-24T14:11:09+02:00,META,Meta Platforms (Facebook),276,77,13,-2,https://feargreedmeter.com/top-100-most-popular-meme-stocks-today
2026-07-24T14:11:09+02:00,AMD,AMD,147,74,14,-51,https://feargreedmeter.com/top-100-most-popular-meme-stocks-today
2026-07-24T14:11:09+02:00,SNDK,Sandisk,1969,72,15,4,https://feargreedmeter.com/top-100-most-popular-meme-stocks-today
2026-07-24T14:11:09+02:00,USO,United States Commodity Funds LLC - United States Oil Fund,165,72,16,55,https://feargreedmeter.com/top-100-most-popular-meme-stocks-today
2026-07-24T14:11:09+02:00,AGI,Alamos Gold,91,53,17,27,https://feargreedmeter.com/top-100-most-popular-meme-stocks-today
2026-07-24T14:11:09+02:00,FCF,First Commonwealth Financial Corp,850,52,18,0,https://feargreedmeter.com/top-100-most-popular-meme-stocks-today
2026-07-24T14:11:09+02:00,AMZN,Amazon,124,50,19,12,https://feargreedmeter.com/top-100-most-popular-meme-stocks-today
2026-07-24T14:11:09+02:00,EU,enCore Energy,150,43,20,17,https://feargreedmeter.com/top-100-most-popular-meme-stocks-today
2026-07-24T14:11:09+02:00,IBM,IBM,180,43,21,-105,https://feargreedmeter.com/top-100-most-popular-meme-stocks-today
2026-07-24T14:11:09+02:00,ORCL,Oracle,123,43,22,18,https://feargreedmeter.com/top-100-most-popular-meme-stocks-today
2026-07-24T14:11:09+02:00,YOU,CLEAR Secure,60,32,23,13,https://feargreedmeter.com/top-100-most-popular-meme-stocks-today
2026-07-24T14:11:09+02:00,NBIS,Nebius Group,62,31,24,-44,https://feargreedmeter.com/top-100-most-popular-meme-stocks-today
2026-07-24T14:11:09+02:00,RDDT,Reddit,144,26,25,-86,https://feargreedmeter.com/top-100-most-popular-meme-stocks-today
2026-07-24T14:11:09+02:00,AM,Antero Midstream,169,26,26,10,https://feargreedmeter.com/top-100-most-popular-meme-stocks-today
2026-07-24T14:11:09+02:00,VOO,Vanguard S&P 500 ETF,476,25,27,-3,https://feargreedmeter.com/top-100-most-popular-meme-stocks-today
2026-07-24T14:11:09+02:00,WTI,W&T Offshore,61,22,28,10,https://feargreedmeter.com/top-100-most-popular-meme-stocks-today
2026-07-24T14:11:09+02:00,ES,Eversource Energy,66,22,29,6,https://feargreedmeter.com/top-100-most-popular-meme-stocks-today
2026-07-24T14:11:09+02:00,ALL,Allstate,184,21,30,11,https://feargreedmeter.com/top-100-most-popular-meme-stocks-today
2026-07-24T14:11:09+02:00,IT,Gartner,187,19,31,-8,https://feargreedmeter.com/top-100-most-popular-meme-stocks-today
2026-07-24T14:11:09+02:00,AAPL,Apple,66,19,32,-12,https://feargreedmeter.com/top-100-most-popular-meme-stocks-today
2026-07-24T14:11:09+02:00,SMH,VanEck Vectors ETF Trust - VanEck Vectors Semiconductor ETF,53,18,33,4,https://feargreedmeter.com/top-100-most-popular-meme-stocks-today
2026-07-24T14:11:09+02:00,API,Agora.io,59,17,34,1,https://feargreedmeter.com/top-100-most-popular-meme-stocks-today
2026-07-24T14:11:09+02:00,BATL,Battalion Oil,68,16,35,9,https://feargreedmeter.com/top-100-most-popular-meme-stocks-today
2026-07-24T14:11:09+02:00,VTI,Vanguard Total Stock Market ETF,71,16,36,9,https://feargreedmeter.com/top-100-most-popular-meme-stocks-today
2026-07-24T14:11:09+02:00,SAP,SAP,40,16,37,6,https://feargreedmeter.com/top-100-most-popular-meme-stocks-today
2026-07-24T14:11:09+02:00,NFLX,Netflix,48,16,38,-9,https://feargreedmeter.com/top-100-most-popular-meme-stocks-today
2026-07-24T14:11:09+02:00,OKLO,Oklo,206,15,39,-1,https://feargreedmeter.com/top-100-most-popular-meme-stocks-today
2026-07-24T14:11:09+02:00,AVGO,Broadcom,36,15,40,-10,https://feargreedmeter.com/top-100-most-popular-meme-stocks-today
2026-07-24T14:11:09+02:00,ASTS,AST SpaceMobile,18,14,41,-5,https://feargreedmeter.com/top-100-most-popular-meme-stocks-today
2026-07-24T14:11:09+02:00,SOXL,Direxion Shares ETF Trust - Direxion Daily Semiconductor Bull 3X Share,26,14,42,-7,https://feargreedmeter.com/top-100-most-popular-meme-stocks-today
2026-07-24T14:11:09+02:00,SMCI,Supermicro,37,14,43,-52,https://feargreedmeter.com/top-100-most-popular-meme-stocks-today
2026-07-24T14:11:09+02:00,LINK,Interlink Electronics,15,12,44,2,https://feargreedmeter.com/top-100-most-popular-meme-stocks-today
2026-07-24T14:11:09+02:00,RKLB,Rocket Lab USA,93,12,45,-3,https://feargreedmeter.com/top-100-most-popular-meme-stocks-today
2026-07-24T14:11:09+02:00,IQ,iQIYI,33,12,46,1,https://feargreedmeter.com/top-100-most-popular-meme-stocks-today
2026-07-24T14:11:09+02:00,VC,Visteon,62,12,47,10,https://feargreedmeter.com/top-100-most-popular-meme-stocks-today
2026-07-24T14:11:09+02:00,WEN,Wendy’s Company,60,12,48,-8,https://feargreedmeter.com/top-100-most-popular-meme-stocks-today
2026-07-24T14:11:09+02:00,FOR,Forestar Group,47,10,49,4,https://feargreedmeter.com/top-100-most-popular-meme-stocks-today
2026-07-24T14:11:09+02:00,NOK,Nokia,58,10,50,-22,https://feargreedmeter.com/top-100-most-popular-meme-stocks-today
2026-07-24T14:11:09+02:00,MXL,MaxLinear,23,10,51,9,https://feargreedmeter.com/top-100-most-popular-meme-stocks-today
2026-07-24T14:11:09+02:00,JPM,JPMorgan Chase,7,10,52,7,https://feargreedmeter.com/top-100-most-popular-meme-stocks-today
2026-07-24T14:11:09+02:00,SO,Southern Company,38,10,53,6,https://feargreedmeter.com/top-100-most-popular-meme-stocks-today
2026-07-24T14:11:09+02:00,JNJ,Johnson & Johnson,16,10,54,9,https://feargreedmeter.com/top-100-most-popular-meme-stocks-today
2026-07-24T14:11:09+02:00,ANY,Sphere 3D,19,9,55,7,https://feargreedmeter.com/top-100-most-popular-meme-stocks-today
2026-07-24T14:11:09+02:00,BE,Bloom Energy,6,9,56,-3,https://feargreedmeter.com/top-100-most-popular-meme-stocks-today
2026-07-24T14:11:09+02:00,HBM,Hudbay Minerals,24,9,57,2,https://feargreedmeter.com/top-100-most-popular-meme-stocks-today
2026-07-24T14:11:09+02:00,RTX,Raytheon Technologies,22,9,58,7,https://feargreedmeter.com/top-100-most-popular-meme-stocks-today
2026-07-24T14:11:09+02:00,LMT,Lockheed Martin,19,9,59,5,https://feargreedmeter.com/top-100-most-popular-meme-stocks-today
2026-07-24T14:11:09+02:00,WMT,Walmart,21,9,60,5,https://feargreedmeter.com/top-100-most-popular-meme-stocks-today
2026-07-24T14:11:09+02:00,DC,Dakota Gold,24,8,61,4,https://feargreedmeter.com/top-100-most-popular-meme-stocks-today
2026-07-24T14:11:09+02:00,VXUS,"Vanguard Group, Inc. - Vanguard Total International Stock ETF",17,8,62,5,https://feargreedmeter.com/top-100-most-popular-meme-stocks-today
2026-07-24T14:11:09+02:00,SOXX,BlackRock Institutional Trust Company N.A. - BTC iShares PHLX Semicond,5,8,63,0,https://feargreedmeter.com/top-100-most-popular-meme-stocks-today
2026-07-24T14:11:09+02:00,OR,Osisko Gold Royalties,36,8,64,-4,https://feargreedmeter.com/top-100-most-popular-meme-stocks-today
2026-07-24T14:11:09+02:00,ASML,ASML,13,8,65,2,https://feargreedmeter.com/top-100-most-popular-meme-stocks-today
2026-07-24T14:11:09+02:00,SMA,SmartStop Self Storage REIT,26,7,66,4,https://feargreedmeter.com/top-100-most-popular-meme-stocks-today
2026-07-24T14:11:09+02:00,OS,OneStream,18,7,67,4,https://feargreedmeter.com/top-100-most-popular-meme-stocks-today
2026-07-24T14:11:09+02:00,SGOV,iShares Trust - iShares 0-3 Month Treasury Bond ETF,13,7,68,-8,https://feargreedmeter.com/top-100-most-popular-meme-stocks-today
2026-07-24T14:11:09+02:00,IWM,BlackRock Institutional Trust Company N.A. - BTC iShares Russell 2000,19,7,69,0,https://feargreedmeter.com/top-100-most-popular-meme-stocks-today
2026-07-24T14:11:09+02:00,TQQQ,ProShares Trust - ProShares UltraPro QQQ,20,7,70,5,https://feargreedmeter.com/top-100-most-popular-meme-stocks-today
2026-07-24T14:11:09+02:00,GO,Grocery Outlet,14,7,71,-1,https://feargreedmeter.com/top-100-most-popular-meme-stocks-today
2026-07-24T14:11:09+02:00,CC,Chemours,17,7,72,-1,https://feargreedmeter.com/top-100-most-popular-meme-stocks-today
2026-07-24T14:11:09+02:00,MRVL,Marvell Technology Group,16,7,73,-4,https://feargreedmeter.com/top-100-most-popular-meme-stocks-today
2026-07-24T14:11:09+02:00,ISRG,Intuitive Surgical,22,7,74,5,https://feargreedmeter.com/top-100-most-popular-meme-stocks-today
2026-07-24T14:11:09+02:00,ICE,Intercontinental Exchange,18,7,75,2,https://feargreedmeter.com/top-100-most-popular-meme-stocks-today
2026-07-24T14:11:09+02:00,MA,Mastercard,16,7,76,-1,https://feargreedmeter.com/top-100-most-popular-meme-stocks-today
2026-07-24T14:11:09+02:00,KEEL,Keel Infrastructure,8,6,77,5,https://feargreedmeter.com/top-100-most-popular-meme-stocks-today
2026-07-24T14:11:09+02:00,CBRS,Cerebras Systems,11,6,78,-3,https://feargreedmeter.com/top-100-most-popular-meme-stocks-today
2026-07-24T14:11:09+02:00,GEV,GE Vernova,7,6,79,-19,https://feargreedmeter.com/top-100-most-popular-meme-stocks-today
2026-07-24T14:11:09+02:00,DJT,Trump Media & Technology Group,63,6,80,3,https://feargreedmeter.com/top-100-most-popular-meme-stocks-today
2026-07-24T14:11:09+02:00,DAY,Dayforce,139,6,81,5,https://feargreedmeter.com/top-100-most-popular-meme-stocks-today
2026-07-24T14:11:09+02:00,HIMS,Hims & Hers Health,12,6,82,4,https://feargreedmeter.com/top-100-most-popular-meme-stocks-today
2026-07-24T14:11:09+02:00,OG,Onion Global,10,6,83,2,https://feargreedmeter.com/top-100-most-popular-meme-stocks-today
2026-07-24T14:11:09+02:00,OPEN,Opendoor,18,6,84,3,https://feargreedmeter.com/top-100-most-popular-meme-stocks-today
2026-07-24T14:11:09+02:00,GME,GameStop,12,6,85,3,https://feargreedmeter.com/top-100-most-popular-meme-stocks-today
2026-07-24T14:11:09+02:00,MSTR,MicroStrategy,15,6,86,-1,https://feargreedmeter.com/top-100-most-popular-meme-stocks-today
2026-07-24T14:11:09+02:00,SLS,Sellas Life Sciences,3,6,87,1,https://feargreedmeter.com/top-100-most-popular-meme-stocks-today
2026-07-24T14:11:09+02:00,BNO,United States Commodity Funds LLC - United States Brent Crude Oil Fund,7,6,88,5,https://feargreedmeter.com/top-100-most-popular-meme-stocks-today
2026-07-24T14:11:09+02:00,LITE,Lumentum,12,6,89,3,https://feargreedmeter.com/top-100-most-popular-meme-stocks-today
2026-07-24T14:11:09+02:00,ON,ON Semiconductor,12,6,90,-3,https://feargreedmeter.com/top-100-most-popular-meme-stocks-today
2026-07-24T14:11:09+02:00,STX,Seagate Technology,14,6,91,1,https://feargreedmeter.com/top-100-most-popular-meme-stocks-today
2026-07-24T14:11:09+02:00,MS,Morgan Stanley,12,6,92,5,https://feargreedmeter.com/top-100-most-popular-meme-stocks-today
2026-07-24T14:11:09+02:00,CRM,Salesforce,9,6,93,-3,https://feargreedmeter.com/top-100-most-popular-meme-stocks-today
2026-07-24T14:11:09+02:00,XOM,Exxon Mobil,30,6,94,5,https://feargreedmeter.com/top-100-most-popular-meme-stocks-today
2026-07-24T14:11:09+02:00,OXY,Occidental Petroleum,13,6,95,5,https://feargreedmeter.com/top-100-most-popular-meme-stocks-today
2026-07-24T14:11:09+02:00,GE,General Electric,15,6,96,1,https://feargreedmeter.com/top-100-most-popular-meme-stocks-today
2026-07-24T14:11:09+02:00,KO,Coca-Cola,20,6,97,5,https://feargreedmeter.com/top-100-most-popular-meme-stocks-today
2026-07-24T14:11:09+02:00,TSM,TSMC,10,6,98,-7,https://feargreedmeter.com/top-100-most-popular-meme-stocks-today
2026-07-24T14:11:09+02:00,CRWV,CoreWeave,18,5,99,-13,https://feargreedmeter.com/top-100-most-popular-meme-stocks-today
2026-07-24T14:11:09+02:00,ARM,Arm Holdings,11,5,100,4,https://feargreedmeter.com/top-100-most-popular-meme-stocks-today
2026-07-24T16:13:47+02:00,INTC,Intel,1442,355,1,324,https://feargreedmeter.com/top-100-most-popular-meme-stocks-today
2026-07-24T16:13:47+02:00,TSLA,Tesla,2129,345,2,17,https://feargreedmeter.com/top-100-most-popular-meme-stocks-today
2026-07-24T16:13:47+02:00,SPY,SPDR S&P 500 ETF Trust,1200,345,3,-24,https://feargreedmeter.com/top-100-most-popular-meme-stocks-today
2026-07-24T16:13:47+02:00,SPCX,SpaceX,1834,317,4,-22,https://feargreedmeter.com/top-100-most-popular-meme-stocks-today
2026-07-24T16:13:47+02:00,MU,Micron Technology,989,288,5,-86,https://feargreedmeter.com/top-100-most-popular-meme-stocks-today
2026-07-24T16:13:47+02:00,GOOG,Alphabet (Google),729,208,6,-383,https://feargreedmeter.com/top-100-most-popular-meme-stocks-today
2026-07-24T16:13:47+02:00,MSFT,Microsoft,401,159,7,-85,https://feargreedmeter.com/top-100-most-popular-meme-stocks-today
2026-07-24T16:13:47+02:00,GOOGL,Alphabet (Google),955,153,8,-217,https://feargreedmeter.com/top-100-most-popular-meme-stocks-today
2026-07-24T16:13:47+02:00,QQQ,Invesco QQQ ETF,373,132,9,20,https://feargreedmeter.com/top-100-most-popular-meme-stocks-today
2026-07-24T16:13:47+02:00,NVDA,NVIDIA,423,91,10,-93,https://feargreedmeter.com/top-100-most-popular-meme-stocks-today
2026-07-24T16:13:47+02:00,DTE,DTE Energy,321,90,11,25,https://feargreedmeter.com/top-100-most-popular-meme-stocks-today
2026-07-24T16:13:47+02:00,AMD,AMD,165,80,12,-12,https://feargreedmeter.com/top-100-most-popular-meme-stocks-today
2026-07-24T16:13:47+02:00,NOW,ServiceNow,150,77,13,-219,https://feargreedmeter.com/top-100-most-popular-meme-stocks-today
2026-07-24T16:13:47+02:00,META,Meta Platforms (Facebook),289,72,14,-9,https://feargreedmeter.com/top-100-most-popular-meme-stocks-today
2026-07-24T16:13:47+02:00,USO,United States Commodity Funds LLC - United States Oil Fund,138,63,15,38,https://feargreedmeter.com/top-100-most-popular-meme-stocks-today
2026-07-24T16:13:47+02:00,SNDK,Sandisk,1955,61,16,-4,https://feargreedmeter.com/top-100-most-popular-meme-stocks-today
2026-07-24T16:13:47+02:00,ORCL,Oracle,154,55,17,32,https://feargreedmeter.com/top-100-most-popular-meme-stocks-today
2026-07-24T16:13:47+02:00,AGI,Alamos Gold,69,43,18,-2,https://feargreedmeter.com/top-100-most-popular-meme-stocks-today
2026-07-24T16:13:47+02:00,FCF,First Commonwealth Financial Corp,253,43,19,-15,https://feargreedmeter.com/top-100-most-popular-meme-stocks-today
2026-07-24T16:13:47+02:00,AMZN,Amazon,102,40,20,-4,https://feargreedmeter.com/top-100-most-popular-meme-stocks-today
2026-07-24T16:13:47+02:00,IBM,IBM,154,34,21,-121,https://feargreedmeter.com/top-100-most-popular-meme-stocks-today
2026-07-24T16:13:47+02:00,YOU,CLEAR Secure,61,32,22,13,https://feargreedmeter.com/top-100-most-popular-meme-stocks-today
2026-07-24T16:13:47+02:00,EU,enCore Energy,131,32,23,-6,https://feargreedmeter.com/top-100-most-popular-meme-stocks-today
2026-07-24T16:13:47+02:00,NBIS,Nebius Group,80,31,24,-43,https://feargreedmeter.com/top-100-most-popular-meme-stocks-today
2026-07-24T16:13:47+02:00,VOO,Vanguard S&P 500 ETF,509,22,25,-5,https://feargreedmeter.com/top-100-most-popular-meme-stocks-today
2026-07-24T16:13:47+02:00,AM,Antero Midstream,165,21,26,3,https://feargreedmeter.com/top-100-most-popular-meme-stocks-today
2026-07-24T16:13:47+02:00,ALL,Allstate,196,20,27,8,https://feargreedmeter.com/top-100-most-popular-meme-stocks-today
2026-07-24T16:13:47+02:00,RDDT,Reddit,147,20,28,-79,https://feargreedmeter.com/top-100-most-popular-meme-stocks-today
2026-07-24T16:13:47+02:00,ES,Eversource Energy,60,19,29,2,https://feargreedmeter.com/top-100-most-popular-meme-stocks-today
2026-07-24T16:13:47+02:00,AAPL,Apple,77,18,30,-16,https://feargreedmeter.com/top-100-most-popular-meme-stocks-today
2026-07-24T16:13:47+02:00,IT,Gartner,195,18,31,-9,https://feargreedmeter.com/top-100-most-popular-meme-stocks-today
2026-07-24T16:13:47+02:00,WTI,W&T Offshore,51,18,32,3,https://feargreedmeter.com/top-100-most-popular-meme-stocks-today
2026-07-24T16:13:47+02:00,SMH,VanEck Vectors ETF Trust - VanEck Vectors Semiconductor ETF,50,18,33,6,https://feargreedmeter.com/top-100-most-popular-meme-stocks-today
2026-07-24T16:13:47+02:00,NFLX,Netflix,56,17,34,-8,https://feargreedmeter.com/top-100-most-popular-meme-stocks-today
2026-07-24T16:13:47+02:00,SAP,SAP,42,17,35,7,https://feargreedmeter.com/top-100-most-popular-meme-stocks-today
2026-07-24T16:13:47+02:00,VTI,Vanguard Total Stock Market ETF,78,17,36,9,https://feargreedmeter.com/top-100-most-popular-meme-stocks-today
2026-07-24T16:13:47+02:00,API,Agora.io,68,17,37,4,https://feargreedmeter.com/top-100-most-popular-meme-stocks-today
2026-07-24T16:13:47+02:00,BATL,Battalion Oil,72,17,38,12,https://feargreedmeter.com/top-100-most-popular-meme-stocks-today
2026-07-24T16:13:47+02:00,RKLB,Rocket Lab USA,27,15,39,-1,https://feargreedmeter.com/top-100-most-popular-meme-stocks-today
2026-07-24T16:13:47+02:00,ASTS,AST SpaceMobile,28,14,40,-3,https://feargreedmeter.com/top-100-most-popular-meme-stocks-today
2026-07-24T16:13:47+02:00,OKLO,Oklo,221,14,41,3,https://feargreedmeter.com/top-100-most-popular-meme-stocks-today
2026-07-24T16:13:47+02:00,SMCI,Supermicro,36,13,42,-39,https://feargreedmeter.com/top-100-most-popular-meme-stocks-today
2026-07-24T16:13:47+02:00,LINK,Interlink Electronics,16,13,43,4,https://feargreedmeter.com/top-100-most-popular-meme-stocks-today
2026-07-24T16:13:47+02:00,AVGO,Broadcom,29,12,44,-15,https://feargreedmeter.com/top-100-most-popular-meme-stocks-today
2026-07-24T16:13:47+02:00,IQ,iQIYI,26,12,45,1,https://feargreedmeter.com/top-100-most-popular-meme-stocks-today
2026-07-24T16:13:47+02:00,SOXL,Direxion Shares ETF Trust - Direxion Daily Semiconductor Bull 3X Share,20,11,46,-10,https://feargreedmeter.com/top-100-most-popular-meme-stocks-today
2026-07-24T16:13:47+02:00,JNJ,Johnson & Johnson,17,10,47,9,https://feargreedmeter.com/top-100-most-popular-meme-stocks-today
2026-07-24T16:13:47+02:00,VC,Visteon,62,10,48,6,https://feargreedmeter.com/top-100-most-popular-meme-stocks-today
2026-07-24T16:13:47+02:00,MXL,MaxLinear,25,10,49,9,https://feargreedmeter.com/top-100-most-popular-meme-stocks-today
2026-07-24T16:13:47+02:00,WEN,Wendy’s Company,63,9,50,-10,https://feargreedmeter.com/top-100-most-popular-meme-stocks-today
2026-07-24T16:13:47+02:00,FOR,Forestar Group,51,9,51,2,https://feargreedmeter.com/top-100-most-popular-meme-stocks-today
2026-07-24T16:13:47+02:00,MA,Mastercard,16,8,52,1,https://feargreedmeter.com/top-100-most-popular-meme-stocks-today
2026-07-24T16:13:47+02:00,SO,Southern Company,33,8,53,3,https://feargreedmeter.com/top-100-most-popular-meme-stocks-today
2026-07-24T16:13:47+02:00,JPM,JPMorgan Chase,6,8,54,4,https://feargreedmeter.com/top-100-most-popular-meme-stocks-today
2026-07-24T16:13:47+02:00,MRVL,Marvell Technology Group,21,8,55,-3,https://feargreedmeter.com/top-100-most-popular-meme-stocks-today
2026-07-24T16:13:47+02:00,HBM,Hudbay Minerals,23,8,56,2,https://feargreedmeter.com/top-100-most-popular-meme-stocks-today
2026-07-24T16:13:47+02:00,BE,Bloom Energy,4,8,57,-4,https://feargreedmeter.com/top-100-most-popular-meme-stocks-today
2026-07-24T16:13:47+02:00,VXUS,"Vanguard Group, Inc. - Vanguard Total International Stock ETF",17,8,58,5,https://feargreedmeter.com/top-100-most-popular-meme-stocks-today
2026-07-24T16:13:47+02:00,ANY,Sphere 3D,21,8,59,5,https://feargreedmeter.com/top-100-most-popular-meme-stocks-today
2026-07-24T16:13:47+02:00,SMR,NuScale Power,20,8,60,6,https://feargreedmeter.com/top-100-most-popular-meme-stocks-today
2026-07-24T16:13:47+02:00,WMT,Walmart,17,7,61,4,https://feargreedmeter.com/top-100-most-popular-meme-stocks-today
2026-07-24T16:13:47+02:00,ICE,Intercontinental Exchange,21,7,62,4,https://feargreedmeter.com/top-100-most-popular-meme-stocks-today
2026-07-24T16:13:47+02:00,ISRG,Intuitive Surgical,22,7,63,5,https://feargreedmeter.com/top-100-most-popular-meme-stocks-today
2026-07-24T16:13:47+02:00,ASML,ASML,12,7,64,0,https://feargreedmeter.com/top-100-most-popular-meme-stocks-today
2026-07-24T16:13:47+02:00,CC,Chemours,19,7,65,0,https://feargreedmeter.com/top-100-most-popular-meme-stocks-today
2026-07-24T16:13:47+02:00,NOK,Nokia,53,7,66,-26,https://feargreedmeter.com/top-100-most-popular-meme-stocks-today
2026-07-24T16:13:47+02:00,JUST,Goldman Sachs ETF Trust - Goldman Sachs Just Us Large Cap Equity ETF,46,7,67,4,https://feargreedmeter.com/top-100-most-popular-meme-stocks-today
2026-07-24T16:13:47+02:00,SOXX,BlackRock Institutional Trust Company N.A. - BTC iShares PHLX Semicond,3,7,68,0,https://feargreedmeter.com/top-100-most-popular-meme-stocks-today
2026-07-24T16:13:47+02:00,IWM,BlackRock Institutional Trust Company N.A. - BTC iShares Russell 2000,19,7,69,0,https://feargreedmeter.com/top-100-most-popular-meme-stocks-today
2026-07-24T16:13:47+02:00,MSTR,MicroStrategy,18,7,70,-2,https://feargreedmeter.com/top-100-most-popular-meme-stocks-today
2026-07-24T16:13:47+02:00,HOOD,Robinhood,2,7,71,2,https://feargreedmeter.com/top-100-most-popular-meme-stocks-today
2026-07-24T16:13:47+02:00,HIMS,Hims & Hers Health,13,7,72,5,https://feargreedmeter.com/top-100-most-popular-meme-stocks-today
2026-07-24T16:13:47+02:00,OS,OneStream,21,7,73,3,https://feargreedmeter.com/top-100-most-popular-meme-stocks-today
2026-07-24T16:13:47+02:00,SMA,SmartStop Self Storage REIT,55,7,74,4,https://feargreedmeter.com/top-100-most-popular-meme-stocks-today
2026-07-24T16:13:47+02:00,CBRS,Cerebras Systems,12,7,75,-2,https://feargreedmeter.com/top-100-most-popular-meme-stocks-today
2026-07-24T16:13:47+02:00,KO,Coca-Cola,22,6,76,5,https://feargreedmeter.com/top-100-most-popular-meme-stocks-today
2026-07-24T16:13:47+02:00,LMT,Lockheed Martin,8,6,77,0,https://feargreedmeter.com/top-100-most-popular-meme-stocks-today
2026-07-24T16:13:47+02:00,GE,General Electric,16,6,78,3,https://feargreedmeter.com/top-100-most-popular-meme-stocks-today
2026-07-24T16:13:47+02:00,XOM,Exxon Mobil,32,6,79,4,https://feargreedmeter.com/top-100-most-popular-meme-stocks-today
2026-07-24T16:13:47+02:00,REAL,The RealReal,66,6,80,6,https://feargreedmeter.com/top-100-most-popular-meme-stocks-today
2026-07-24T16:13:47+02:00,SLS,Sellas Life Sciences,25,6,81,-1,https://feargreedmeter.com/top-100-most-popular-meme-stocks-today
2026-07-24T16:13:47+02:00,DC,Dakota Gold,20,6,82,1,https://feargreedmeter.com/top-100-most-popular-meme-stocks-today
2026-07-24T16:13:47+02:00,DAY,Dayforce,137,6,83,5,https://feargreedmeter.com/top-100-most-popular-meme-stocks-today
2026-07-24T16:13:47+02:00,DJT,Trump Media & Technology Group,66,6,84,4,https://feargreedmeter.com/top-100-most-popular-meme-stocks-today
2026-07-24T16:13:47+02:00,ADBE,Adobe,1,5,85,2,https://feargreedmeter.com/top-100-most-popular-meme-stocks-today
2026-07-24T16:13:47+02:00,UNH,UnitedHealth,7,5,86,2,https://feargreedmeter.com/top-100-most-popular-meme-stocks-today
2026-07-24T16:13:47+02:00,CVX,Chevron,9,5,87,3,https://feargreedmeter.com/top-100-most-popular-meme-stocks-today
2026-07-24T16:13:47+02:00,CRM,Salesforce,8,5,88,-4,https://feargreedmeter.com/top-100-most-popular-meme-stocks-today
2026-07-24T16:13:47+02:00,MS,Morgan Stanley,11,5,89,4,https://feargreedmeter.com/top-100-most-popular-meme-stocks-today
2026-07-24T16:13:47+02:00,GO,Grocery Outlet,11,5,90,-3,https://feargreedmeter.com/top-100-most-popular-meme-stocks-today
2026-07-24T16:13:47+02:00,RTX,Raytheon Technologies,9,5,91,-2,https://feargreedmeter.com/top-100-most-popular-meme-stocks-today
2026-07-24T16:13:47+02:00,OR,Osisko Gold Royalties,35,5,92,-8,https://feargreedmeter.com/top-100-most-popular-meme-stocks-today
2026-07-24T16:13:47+02:00,TQQQ,ProShares Trust - ProShares UltraPro QQQ,16,5,93,2,https://feargreedmeter.com/top-100-most-popular-meme-stocks-today
2026-07-24T16:13:47+02:00,IMAX,Imax Corp,9,5,94,4,https://feargreedmeter.com/top-100-most-popular-meme-stocks-today
2026-07-24T16:13:47+02:00,RIVN,Rivian,8,5,95,4,https://feargreedmeter.com/top-100-most-popular-meme-stocks-today
2026-07-24T16:13:47+02:00,OG,Onion Global,9,5,96,0,https://feargreedmeter.com/top-100-most-popular-meme-stocks-today
2026-07-24T16:13:47+02:00,MX,Magnachip,13,5,97,5,https://feargreedmeter.com/top-100-most-popular-meme-stocks-today
2026-07-24T16:13:47+02:00,ARM,Arm Holdings,11,5,98,4,https://feargreedmeter.com/top-100-most-popular-meme-stocks-today
2026-07-24T16:13:47+02:00,KEEL,Keel Infrastructure,5,5,99,3,https://feargreedmeter.com/top-100-most-popular-meme-stocks-today
2026-07-24T16:13:47+02:00,TSM,TSMC,7,4,100,-10,https://feargreedmeter.com/top-100-most-popular-meme-stocks-today
2026-07-24T17:47:12+02:00,INTC,Intel,1484,365,1,328,https://feargreedmeter.com/top-100-most-popular-meme-stocks-today
2026-07-24T17:47:12+02:00,SPY,SPDR S&P 500 ETF Trust,1283,349,2,-38,https://feargreedmeter.com/top-100-most-popular-meme-stocks-today
2026-07-24T17:47:12+02:00,TSLA,Tesla,2037,301,3,-112,https://feargreedmeter.com/top-100-most-popular-meme-stocks-today
2026-07-24T17:47:12+02:00,SPCX,SpaceX,1730,280,4,-123,https://feargreedmeter.com/top-100-most-popular-meme-stocks-today
2026-07-24T17:47:12+02:00,MU,Micron Technology,1037,272,5,-131,https://feargreedmeter.com/top-100-most-popular-meme-stocks-today
2026-07-24T17:47:12+02:00,MSFT,Microsoft,361,150,6,-79,https://feargreedmeter.com/top-100-most-popular-meme-stocks-today
2026-07-24T17:47:12+02:00,GOOG,Alphabet (Google),602,149,7,-494,https://feargreedmeter.com/top-100-most-popular-meme-stocks-today
2026-07-24T17:47:12+02:00,GOOGL,Alphabet (Google),459,134,8,-264,https://feargreedmeter.com/top-100-most-popular-meme-stocks-today
2026-07-24T17:47:12+02:00,QQQ,Invesco QQQ ETF,363,128,9,-1,https://feargreedmeter.com/top-100-most-popular-meme-stocks-today
2026-07-24T17:47:12+02:00,DTE,DTE Energy,357,102,10,32,https://feargreedmeter.com/top-100-most-popular-meme-stocks-today
2026-07-24T17:47:12+02:00,NVDA,NVIDIA,443,96,11,-68,https://feargreedmeter.com/top-100-most-popular-meme-stocks-today
2026-07-24T17:47:12+02:00,AMD,AMD,167,80,12,4,https://feargreedmeter.com/top-100-most-popular-meme-stocks-today
2026-07-24T17:47:12+02:00,NOW,ServiceNow,127,68,13,-221,https://feargreedmeter.com/top-100-most-popular-meme-stocks-today
2026-07-24T17:47:12+02:00,SNDK,Sandisk,1961,58,14,-14,https://feargreedmeter.com/top-100-most-popular-meme-stocks-today
2026-07-24T17:47:12+02:00,USO,United States Commodity Funds LLC - United States Oil Fund,137,58,15,26,https://feargreedmeter.com/top-100-most-popular-meme-stocks-today
2026-07-24T17:47:12+02:00,ORCL,Oracle,156,57,16,30,https://feargreedmeter.com/top-100-most-popular-meme-stocks-today
2026-07-24T17:47:12+02:00,META,Meta Platforms (Facebook),271,55,17,-32,https://feargreedmeter.com/top-100-most-popular-meme-stocks-today
2026-07-24T17:47:12+02:00,AGI,Alamos Gold,62,37,18,-12,https://feargreedmeter.com/top-100-most-popular-meme-stocks-today
2026-07-24T17:47:12+02:00,AAPL,Apple,120,36,19,5,https://feargreedmeter.com/top-100-most-popular-meme-stocks-today
2026-07-24T17:47:12+02:00,AMZN,Amazon,86,34,20,-19,https://feargreedmeter.com/top-100-most-popular-meme-stocks-today
2026-07-24T17:47:12+02:00,FCF,First Commonwealth Financial Corp,233,33,21,-35,https://feargreedmeter.com/top-100-most-popular-meme-stocks-today
2026-07-24T17:47:12+02:00,IBM,IBM,74,33,22,-119,https://feargreedmeter.com/top-100-most-popular-meme-stocks-today
2026-07-24T17:47:12+02:00,NBIS,Nebius Group,88,31,23,-43,https://feargreedmeter.com/top-100-most-popular-meme-stocks-today
2026-07-24T17:47:12+02:00,EU,enCore Energy,116,29,24,-13,https://feargreedmeter.com/top-100-most-popular-meme-stocks-today
2026-07-24T17:47:12+02:00,VOO,Vanguard S&P 500 ETF,597,27,25,-6,https://feargreedmeter.com/top-100-most-popular-meme-stocks-today
2026-07-24T17:47:12+02:00,YOU,CLEAR Secure,56,26,26,11,https://feargreedmeter.com/top-100-most-popular-meme-stocks-today
2026-07-24T17:47:12+02:00,AM,Antero Midstream,178,23,27,2,https://feargreedmeter.com/top-100-most-popular-meme-stocks-today
2026-07-24T17:47:12+02:00,RKLB,Rocket Lab USA,46,22,28,7,https://feargreedmeter.com/top-100-most-popular-meme-stocks-today
2026-07-24T17:47:12+02:00,RDDT,Reddit,149,20,29,-61,https://feargreedmeter.com/top-100-most-popular-meme-stocks-today
2026-07-24T17:47:12+02:00,IT,Gartner,170,18,30,-8,https://feargreedmeter.com/top-100-most-popular-meme-stocks-today
2026-07-24T17:47:12+02:00,API,Agora.io,68,17,31,4,https://feargreedmeter.com/top-100-most-popular-meme-stocks-today
2026-07-24T17:47:12+02:00,HOOD,Robinhood,21,17,32,13,https://feargreedmeter.com/top-100-most-popular-meme-stocks-today
2026-07-24T17:47:12+02:00,ES,Eversource Energy,29,17,33,2,https://feargreedmeter.com/top-100-most-popular-meme-stocks-today
2026-07-24T17:47:12+02:00,BATL,Battalion Oil,54,16,34,9,https://feargreedmeter.com/top-100-most-popular-meme-stocks-today
2026-07-24T17:47:12+02:00,ASTS,AST SpaceMobile,31,16,35,-2,https://feargreedmeter.com/top-100-most-popular-meme-stocks-today
2026-07-24T17:47:12+02:00,VTI,Vanguard Total Stock Market ETF,84,16,36,6,https://feargreedmeter.com/top-100-most-popular-meme-stocks-today
2026-07-24T17:47:12+02:00,ALL,Allstate,64,16,37,3,https://feargreedmeter.com/top-100-most-popular-meme-stocks-today
2026-07-24T17:47:12+02:00,SAP,SAP,32,16,38,8,https://feargreedmeter.com/top-100-most-popular-meme-stocks-today
2026-07-24T17:47:12+02:00,OKLO,Oklo,235,15,39,8,https://feargreedmeter.com/top-100-most-popular-meme-stocks-today
2026-07-24T17:47:12+02:00,SMH,VanEck Vectors ETF Trust - VanEck Vectors Semiconductor ETF,48,15,40,2,https://feargreedmeter.com/top-100-most-popular-meme-stocks-today
2026-07-24T17:47:12+02:00,WTI,W&T Offshore,43,14,41,-4,https://feargreedmeter.com/top-100-most-popular-meme-stocks-today
2026-07-24T17:47:12+02:00,IQ,iQIYI,30,14,42,4,https://feargreedmeter.com/top-100-most-popular-meme-stocks-today
2026-07-24T17:47:12+02:00,NFLX,Netflix,54,14,43,-14,https://feargreedmeter.com/top-100-most-popular-meme-stocks-today
2026-07-24T17:47:12+02:00,AVGO,Broadcom,32,12,44,-16,https://feargreedmeter.com/top-100-most-popular-meme-stocks-today
2026-07-24T17:47:12+02:00,LINK,Interlink Electronics,14,11,45,0,https://feargreedmeter.com/top-100-most-popular-meme-stocks-today
2026-07-24T17:47:12+02:00,MRVL,Marvell Technology Group,34,11,46,-1,https://feargreedmeter.com/top-100-most-popular-meme-stocks-today
2026-07-24T17:47:12+02:00,VC,Visteon,62,11,47,6,https://feargreedmeter.com/top-100-most-popular-meme-stocks-today
2026-07-24T17:47:12+02:00,EDIT,Editas Medicine,5,10,48,6,https://feargreedmeter.com/top-100-most-popular-meme-stocks-today
2026-07-24T17:47:12+02:00,MXL,MaxLinear,23,10,49,9,https://feargreedmeter.com/top-100-most-popular-meme-stocks-today
2026-07-24T17:47:12+02:00,SMCI,Supermicro,29,10,50,-27,https://feargreedmeter.com/top-100-most-popular-meme-stocks-today
2026-07-24T17:47:12+02:00,HBM,Hudbay Minerals,17,9,51,3,https://feargreedmeter.com/top-100-most-popular-meme-stocks-today
2026-07-24T17:47:12+02:00,JNJ,Johnson & Johnson,16,9,52,8,https://feargreedmeter.com/top-100-most-popular-meme-stocks-today
2026-07-24T17:47:12+02:00,SMR,NuScale Power,21,8,53,6,https://feargreedmeter.com/top-100-most-popular-meme-stocks-today
2026-07-24T17:47:12+02:00,HIMS,Hims & Hers Health,14,8,54,6,https://feargreedmeter.com/top-100-most-popular-meme-stocks-today
2026-07-24T17:47:12+02:00,FOR,Forestar Group,52,8,55,2,https://feargreedmeter.com/top-100-most-popular-meme-stocks-today
2026-07-24T17:47:12+02:00,SOXL,Direxion Shares ETF Trust - Direxion Daily Semiconductor Bull 3X Share,16,8,56,-17,https://feargreedmeter.com/top-100-most-popular-meme-stocks-today
2026-07-24T17:47:12+02:00,CC,Chemours,22,8,57,4,https://feargreedmeter.com/top-100-most-popular-meme-stocks-today
2026-07-24T17:47:12+02:00,MA,Mastercard,16,8,58,0,https://feargreedmeter.com/top-100-most-popular-meme-stocks-today
2026-07-24T17:47:12+02:00,CBRS,Cerebras Systems,12,7,59,4,https://feargreedmeter.com/top-100-most-popular-meme-stocks-today
2026-07-24T17:47:12+02:00,OS,OneStream,12,7,60,2,https://feargreedmeter.com/top-100-most-popular-meme-stocks-today
2026-07-24T17:47:12+02:00,DJT,Trump Media & Technology Group,82,7,61,5,https://feargreedmeter.com/top-100-most-popular-meme-stocks-today
2026-07-24T17:47:12+02:00,CD,Chindata,21,7,62,4,https://feargreedmeter.com/top-100-most-popular-meme-stocks-today
2026-07-24T17:47:12+02:00,MSTR,MicroStrategy,17,7,63,-2,https://feargreedmeter.com/top-100-most-popular-meme-stocks-today
2026-07-24T17:47:12+02:00,VT,"Vanguard Group, Inc. - Vanguard Total World Stock ETF",21,7,64,1,https://feargreedmeter.com/top-100-most-popular-meme-stocks-today
2026-07-24T17:47:12+02:00,SOXX,BlackRock Institutional Trust Company N.A. - BTC iShares PHLX Semicond,4,7,65,0,https://feargreedmeter.com/top-100-most-popular-meme-stocks-today
2026-07-24T17:47:12+02:00,WEN,Wendy’s Company,52,7,66,-14,https://feargreedmeter.com/top-100-most-popular-meme-stocks-today
2026-07-24T17:47:12+02:00,SO,Southern Company,32,7,67,0,https://feargreedmeter.com/top-100-most-popular-meme-stocks-today
2026-07-24T17:47:12+02:00,ICE,Intercontinental Exchange,25,7,68,4,https://feargreedmeter.com/top-100-most-popular-meme-stocks-today
2026-07-24T17:47:12+02:00,SMA,SmartStop Self Storage REIT,64,6,69,2,https://feargreedmeter.com/top-100-most-popular-meme-stocks-today
2026-07-24T17:47:12+02:00,ANY,Sphere 3D,22,6,70,2,https://feargreedmeter.com/top-100-most-popular-meme-stocks-today
2026-07-24T17:47:12+02:00,SLS,Sellas Life Sciences,25,6,71,-1,https://feargreedmeter.com/top-100-most-popular-meme-stocks-today
2026-07-24T17:47:12+02:00,VXUS,"Vanguard Group, Inc. - Vanguard Total International Stock ETF",17,6,72,1,https://feargreedmeter.com/top-100-most-popular-meme-stocks-today
2026-07-24T17:47:12+02:00,JUST,Goldman Sachs ETF Trust - Goldman Sachs Just Us Large Cap Equity ETF,46,6,73,2,https://feargreedmeter.com/top-100-most-popular-meme-stocks-today
2026-07-24T17:47:12+02:00,NOK,Nokia,47,6,74,-29,https://feargreedmeter.com/top-100-most-popular-meme-stocks-today
2026-07-24T17:47:12+02:00,GO,Grocery Outlet,24,6,75,-4,https://feargreedmeter.com/top-100-most-popular-meme-stocks-today
2026-07-24T17:47:12+02:00,IBKR,Interactive Brokers,19,6,76,4,https://feargreedmeter.com/top-100-most-popular-meme-stocks-today
2026-07-24T17:47:12+02:00,NYT,New York Times,9,6,77,5,https://feargreedmeter.com/top-100-most-popular-meme-stocks-today
2026-07-24T17:47:12+02:00,ASML,ASML,12,6,78,-2,https://feargreedmeter.com/top-100-most-popular-meme-stocks-today
2026-07-24T17:47:12+02:00,JPM,JPMorgan Chase,7,6,79,-2,https://feargreedmeter.com/top-100-most-popular-meme-stocks-today
2026-07-24T17:47:12+02:00,LMT,Lockheed Martin,8,6,80,-1,https://feargreedmeter.com/top-100-most-popular-meme-stocks-today
2026-07-24T17:47:12+02:00,TSM,TSMC,12,6,81,-7,https://feargreedmeter.com/top-100-most-popular-meme-stocks-today
2026-07-24T17:47:12+02:00,FIG,Figma,9,5,82,4,https://feargreedmeter.com/top-100-most-popular-meme-stocks-today
2026-07-24T17:47:12+02:00,DAY,Dayforce,141,5,83,4,https://feargreedmeter.com/top-100-most-popular-meme-stocks-today
2026-07-24T17:47:12+02:00,ARM,Arm Holdings,11,5,84,4,https://feargreedmeter.com/top-100-most-popular-meme-stocks-today
2026-07-24T17:47:12+02:00,DC,Dakota Gold,18,5,85,0,https://feargreedmeter.com/top-100-most-popular-meme-stocks-today
2026-07-24T17:47:12+02:00,MX,Magnachip,12,5,86,5,https://feargreedmeter.com/top-100-most-popular-meme-stocks-today
2026-07-24T17:47:12+02:00,SGOV,iShares Trust - iShares 0-3 Month Treasury Bond ETF,8,5,87,-13,https://feargreedmeter.com/top-100-most-popular-meme-stocks-today
2026-07-24T17:47:12+02:00,IWM,BlackRock Institutional Trust Company N.A. - BTC iShares Russell 2000,12,5,88,-3,https://feargreedmeter.com/top-100-most-popular-meme-stocks-today
2026-07-24T17:47:12+02:00,REAL,The RealReal,65,5,89,4,https://feargreedmeter.com/top-100-most-popular-meme-stocks-today
2026-07-24T17:47:12+02:00,ISRG,Intuitive Surgical,11,5,90,2,https://feargreedmeter.com/top-100-most-popular-meme-stocks-today
2026-07-24T17:47:12+02:00,CRM,Salesforce,8,5,91,-5,https://feargreedmeter.com/top-100-most-popular-meme-stocks-today
2026-07-24T17:47:12+02:00,XOM,Exxon Mobil,31,5,92,3,https://feargreedmeter.com/top-100-most-popular-meme-stocks-today
2026-07-24T17:47:12+02:00,GE,General Electric,16,5,93,2,https://feargreedmeter.com/top-100-most-popular-meme-stocks-today
2026-07-24T17:47:12+02:00,CRWV,CoreWeave,13,4,94,-12,https://feargreedmeter.com/top-100-most-popular-meme-stocks-today
2026-07-24T17:47:12+02:00,WAY,Waystar,20,4,95,1,https://feargreedmeter.com/top-100-most-popular-meme-stocks-today
2026-07-24T17:47:12+02:00,MMA,Alta Global Group,524,4,96,4,https://feargreedmeter.com/top-100-most-popular-meme-stocks-today
2026-07-24T17:47:12+02:00,LOT,Lotus Technology,5,4,97,2,https://feargreedmeter.com/top-100-most-popular-meme-stocks-today
2026-07-24T17:47:12+02:00,ONDS,Ondas Holdings,9,4,98,-10,https://feargreedmeter.com/top-100-most-popular-meme-stocks-today
2026-07-24T17:47:12+02:00,PR,Permian Resources,6,4,99,-2,https://feargreedmeter.com/top-100-most-popular-meme-stocks-today
2026-07-24T17:47:12+02:00,CIFR,Cipher Mining,11,4,100,2,https://feargreedmeter.com/top-100-most-popular-meme-stocks-today
2026-07-24T19:15:59+02:00,INTC,Intel,1496,376,1,331,https://feargreedmeter.com/top-100-most-popular-meme-stocks-today
2026-07-24T19:15:59+02:00,SPY,SPDR S&P 500 ETF Trust,1185,342,2,-60,https://feargreedmeter.com/top-100-most-popular-meme-stocks-today
2026-07-24T19:15:59+02:00,TSLA,Tesla,1995,287,3,-171,https://feargreedmeter.com/top-100-most-popular-meme-stocks-today
2026-07-24T19:15:59+02:00,SPCX,SpaceX,1701,251,4,-187,https://feargreedmeter.com/top-100-most-popular-meme-stocks-today
2026-07-24T19:15:59+02:00,MU,Micron Technology,868,224,5,-224,https://feargreedmeter.com/top-100-most-popular-meme-stocks-today
2026-07-24T19:15:59+02:00,MSFT,Microsoft,337,146,6,-69,https://feargreedmeter.com/top-100-most-popular-meme-stocks-today
2026-07-24T19:15:59+02:00,QQQ,Invesco QQQ ETF,394,140,7,11,https://feargreedmeter.com/top-100-most-popular-meme-stocks-today
2026-07-24T19:15:59+02:00,GOOG,Alphabet (Google),527,123,8,-533,https://feargreedmeter.com/top-100-most-popular-meme-stocks-today
2026-07-24T19:15:59+02:00,NVDA,NVIDIA,469,113,9,-9,https://feargreedmeter.com/top-100-most-popular-meme-stocks-today
2026-07-24T19:15:59+02:00,GOOGL,Alphabet (Google),383,110,10,-293,https://feargreedmeter.com/top-100-most-popular-meme-stocks-today
2026-07-24T19:15:59+02:00,DTE,DTE Energy,363,102,11,35,https://feargreedmeter.com/top-100-most-popular-meme-stocks-today
2026-07-24T19:15:59+02:00,AMD,AMD,119,63,12,0,https://feargreedmeter.com/top-100-most-popular-meme-stocks-today
2026-07-24T19:15:59+02:00,NOW,ServiceNow,116,60,13,-220,https://feargreedmeter.com/top-100-most-popular-meme-stocks-today
2026-07-24T19:15:59+02:00,AAPL,Apple,176,59,14,28,https://feargreedmeter.com/top-100-most-popular-meme-stocks-today
2026-07-24T19:15:59+02:00,ORCL,Oracle,148,55,15,27,https://feargreedmeter.com/top-100-most-popular-meme-stocks-today
2026-07-24T19:15:59+02:00,USO,United States Commodity Funds LLC - United States Oil Fund,125,54,16,14,https://feargreedmeter.com/top-100-most-popular-meme-stocks-today
2026-07-24T19:15:59+02:00,META,Meta Platforms (Facebook),276,53,17,-38,https://feargreedmeter.com/top-100-most-popular-meme-stocks-today
2026-07-24T19:15:59+02:00,SNDK,Sandisk,1935,50,18,-27,https://feargreedmeter.com/top-100-most-popular-meme-stocks-today
2026-07-24T19:15:59+02:00,VOO,Vanguard S&P 500 ETF,691,38,19,9,https://feargreedmeter.com/top-100-most-popular-meme-stocks-today
2026-07-24T19:15:59+02:00,AGI,Alamos Gold,67,38,20,-14,https://feargreedmeter.com/top-100-most-popular-meme-stocks-today
2026-07-24T19:15:59+02:00,IBM,IBM,75,33,21,-124,https://feargreedmeter.com/top-100-most-popular-meme-stocks-today
2026-07-24T19:15:59+02:00,NBIS,Nebius Group,91,32,22,-37,https://feargreedmeter.com/top-100-most-popular-meme-stocks-today
2026-07-24T19:15:59+02:00,AMZN,Amazon,81,31,23,-27,https://feargreedmeter.com/top-100-most-popular-meme-stocks-today
2026-07-24T19:15:59+02:00,FCF,First Commonwealth Financial Corp,210,28,24,-48,https://feargreedmeter.com/top-100-most-popular-meme-stocks-today
2026-07-24T19:15:59+02:00,RKLB,Rocket Lab USA,51,25,25,13,https://feargreedmeter.com/top-100-most-popular-meme-stocks-today
2026-07-24T19:15:59+02:00,EU,enCore Energy,21,22,26,-24,https://feargreedmeter.com/top-100-most-popular-meme-stocks-today
2026-07-24T19:15:59+02:00,HOOD,Robinhood,29,22,27,19,https://feargreedmeter.com/top-100-most-popular-meme-stocks-today
2026-07-24T19:15:59+02:00,RDDT,Reddit,153,21,28,-35,https://feargreedmeter.com/top-100-most-popular-meme-stocks-today
2026-07-24T19:15:59+02:00,YOU,CLEAR Secure,57,21,29,-2,https://feargreedmeter.com/top-100-most-popular-meme-stocks-today
2026-07-24T19:15:59+02:00,AM,Antero Midstream,44,19,30,-5,https://feargreedmeter.com/top-100-most-popular-meme-stocks-today
2026-07-24T19:15:59+02:00,API,Agora.io,73,18,31,2,https://feargreedmeter.com/top-100-most-popular-meme-stocks-today
2026-07-24T19:15:59+02:00,VTI,Vanguard Total Stock Market ETF,101,18,32,7,https://feargreedmeter.com/top-100-most-popular-meme-stocks-today
2026-07-24T19:15:59+02:00,ES,Eversource Energy,29,18,33,0,https://feargreedmeter.com/top-100-most-popular-meme-stocks-today
2026-07-24T19:15:59+02:00,OKLO,Oklo,259,17,34,11,https://feargreedmeter.com/top-100-most-popular-meme-stocks-today
2026-07-24T19:15:59+02:00,BATL,Battalion Oil,66,17,35,9,https://feargreedmeter.com/top-100-most-popular-meme-stocks-today
2026-07-24T19:15:59+02:00,IT,Gartner,51,17,36,-9,https://feargreedmeter.com/top-100-most-popular-meme-stocks-today
2026-07-24T19:15:59+02:00,ALL,Allstate,58,16,37,-1,https://feargreedmeter.com/top-100-most-popular-meme-stocks-today
2026-07-24T19:15:59+02:00,SAP,SAP,32,15,38,8,https://feargreedmeter.com/top-100-most-popular-meme-stocks-today
2026-07-24T19:15:59+02:00,ASTS,AST SpaceMobile,27,14,39,-7,https://feargreedmeter.com/top-100-most-popular-meme-stocks-today
2026-07-24T19:15:59+02:00,NFLX,Netflix,52,14,40,-14,https://feargreedmeter.com/top-100-most-popular-meme-stocks-today
2026-07-24T19:15:59+02:00,VT,"Vanguard Group, Inc. - Vanguard Total World Stock ETF",49,13,41,8,https://feargreedmeter.com/top-100-most-popular-meme-stocks-today
2026-07-24T19:15:59+02:00,WTI,W&T Offshore,39,13,42,-7,https://feargreedmeter.com/top-100-most-popular-meme-stocks-today
2026-07-24T19:15:59+02:00,SMH,VanEck Vectors ETF Trust - VanEck Vectors Semiconductor ETF,41,12,43,-2,https://feargreedmeter.com/top-100-most-popular-meme-stocks-today
2026-07-24T19:15:59+02:00,MXL,MaxLinear,29,12,44,11,https://feargreedmeter.com/top-100-most-popular-meme-stocks-today
2026-07-24T19:15:59+02:00,LINK,Interlink Electronics,14,11,45,2,https://feargreedmeter.com/top-100-most-popular-meme-stocks-today
2026-07-24T19:15:59+02:00,MRVL,Marvell Technology Group,35,11,46,1,https://feargreedmeter.com/top-100-most-popular-meme-stocks-today
2026-07-24T19:15:59+02:00,VC,Visteon,61,11,47,6,https://feargreedmeter.com/top-100-most-popular-meme-stocks-today
2026-07-24T19:15:59+02:00,EDIT,Editas Medicine,5,10,48,6,https://feargreedmeter.com/top-100-most-popular-meme-stocks-today
2026-07-24T19:15:59+02:00,AVGO,Broadcom,28,10,49,-20,https://feargreedmeter.com/top-100-most-popular-meme-stocks-today
2026-07-24T19:15:59+02:00,JNJ,Johnson & Johnson,16,10,50,9,https://feargreedmeter.com/top-100-most-popular-meme-stocks-today
2026-07-24T19:15:59+02:00,CBRS,Cerebras Systems,15,9,51,6,https://feargreedmeter.com/top-100-most-popular-meme-stocks-today
2026-07-24T19:15:59+02:00,ONDS,Ondas Holdings,16,9,52,0,https://feargreedmeter.com/top-100-most-popular-meme-stocks-today
2026-07-24T19:15:59+02:00,FOR,Forestar Group,54,9,53,3,https://feargreedmeter.com/top-100-most-popular-meme-stocks-today
2026-07-24T19:15:59+02:00,SOXL,Direxion Shares ETF Trust - Direxion Daily Semiconductor Bull 3X Share,18,9,54,-14,https://feargreedmeter.com/top-100-most-popular-meme-stocks-today
2026-07-24T19:15:59+02:00,GO,Grocery Outlet,31,9,55,-2,https://feargreedmeter.com/top-100-most-popular-meme-stocks-today
2026-07-24T19:15:59+02:00,IQ,iQIYI,21,9,56,-4,https://feargreedmeter.com/top-100-most-popular-meme-stocks-today
2026-07-24T19:15:59+02:00,WEN,Wendy’s Company,69,9,57,-13,https://feargreedmeter.com/top-100-most-popular-meme-stocks-today
2026-07-24T19:15:59+02:00,MA,Mastercard,16,9,58,2,https://feargreedmeter.com/top-100-most-popular-meme-stocks-today
2026-07-24T19:15:59+02:00,SMR,NuScale Power,20,8,59,6,https://feargreedmeter.com/top-100-most-popular-meme-stocks-today
2026-07-24T19:15:59+02:00,HBM,Hudbay Minerals,17,8,60,1,https://feargreedmeter.com/top-100-most-popular-meme-stocks-today
2026-07-24T19:15:59+02:00,IBKR,Interactive Brokers,24,8,61,5,https://feargreedmeter.com/top-100-most-popular-meme-stocks-today
2026-07-24T19:15:59+02:00,CC,Chemours,22,8,62,4,https://feargreedmeter.com/top-100-most-popular-meme-stocks-today
2026-07-24T19:15:59+02:00,SMA,SmartStop Self Storage REIT,71,7,63,1,https://feargreedmeter.com/top-100-most-popular-meme-stocks-today
2026-07-24T19:15:59+02:00,OS,OneStream,9,7,64,2,https://feargreedmeter.com/top-100-most-popular-meme-stocks-today
2026-07-24T19:15:59+02:00,DJT,Trump Media & Technology Group,79,7,65,5,https://feargreedmeter.com/top-100-most-popular-meme-stocks-today
2026-07-24T19:15:59+02:00,CD,Chindata,20,7,66,3,https://feargreedmeter.com/top-100-most-popular-meme-stocks-today
2026-07-24T19:15:59+02:00,MSTR,MicroStrategy,17,7,67,1,https://feargreedmeter.com/top-100-most-popular-meme-stocks-today
2026-07-24T19:15:59+02:00,JUST,Goldman Sachs ETF Trust - Goldman Sachs Just Us Large Cap Equity ETF,58,7,68,2,https://feargreedmeter.com/top-100-most-popular-meme-stocks-today
2026-07-24T19:15:59+02:00,SMCI,Supermicro,17,7,69,-26,https://feargreedmeter.com/top-100-most-popular-meme-stocks-today
2026-07-24T19:15:59+02:00,ICE,Intercontinental Exchange,25,7,70,4,https://feargreedmeter.com/top-100-most-popular-meme-stocks-today
2026-07-24T19:15:59+02:00,TSM,TSMC,12,7,71,-6,https://feargreedmeter.com/top-100-most-popular-meme-stocks-today
2026-07-24T19:15:59+02:00,ANY,Sphere 3D,22,6,72,1,https://feargreedmeter.com/top-100-most-popular-meme-stocks-today
2026-07-24T19:15:59+02:00,SLS,Sellas Life Sciences,27,6,73,0,https://feargreedmeter.com/top-100-most-popular-meme-stocks-today
2026-07-24T19:15:59+02:00,NOK,Nokia,42,6,74,-28,https://feargreedmeter.com/top-100-most-popular-meme-stocks-today
2026-07-24T19:15:59+02:00,NYT,New York Times,11,6,75,5,https://feargreedmeter.com/top-100-most-popular-meme-stocks-today
2026-07-24T19:15:59+02:00,REAL,The RealReal,63,6,76,5,https://feargreedmeter.com/top-100-most-popular-meme-stocks-today
2026-07-24T19:15:59+02:00,SO,Southern Company,23,6,77,-1,https://feargreedmeter.com/top-100-most-popular-meme-stocks-today
2026-07-24T19:15:59+02:00,LLY,Eli Lilly,9,6,78,2,https://feargreedmeter.com/top-100-most-popular-meme-stocks-today
2026-07-24T19:15:59+02:00,CRWV,CoreWeave,14,5,79,-7,https://feargreedmeter.com/top-100-most-popular-meme-stocks-today
2026-07-24T19:15:59+02:00,DC,Dakota Gold,17,5,80,-1,https://feargreedmeter.com/top-100-most-popular-meme-stocks-today
2026-07-24T19:15:59+02:00,MX,Magnachip,13,5,81,5,https://feargreedmeter.com/top-100-most-popular-meme-stocks-today
2026-07-24T19:15:59+02:00,IMAX,Imax Corp,10,5,82,4,https://feargreedmeter.com/top-100-most-popular-meme-stocks-today
2026-07-24T19:15:59+02:00,IWM,BlackRock Institutional Trust Company N.A. - BTC iShares Russell 2000,14,5,83,-4,https://feargreedmeter.com/top-100-most-popular-meme-stocks-today
2026-07-24T19:15:59+02:00,SOXX,BlackRock Institutional Trust Company N.A. - BTC iShares PHLX Semicond,1,5,84,-1,https://feargreedmeter.com/top-100-most-popular-meme-stocks-today
2026-07-24T19:15:59+02:00,PLTR,Palantir,27,5,85,-10,https://feargreedmeter.com/top-100-most-popular-meme-stocks-today
2026-07-24T19:15:59+02:00,ET,Energy Transfer Partners,24,5,86,1,https://feargreedmeter.com/top-100-most-popular-meme-stocks-today
2026-07-24T19:15:59+02:00,OR,Osisko Gold Royalties,35,5,87,-5,https://feargreedmeter.com/top-100-most-popular-meme-stocks-today
2026-07-24T19:15:59+02:00,ASML,ASML,11,5,88,-2,https://feargreedmeter.com/top-100-most-popular-meme-stocks-today
2026-07-24T19:15:59+02:00,ISRG,Intuitive Surgical,11,5,89,2,https://feargreedmeter.com/top-100-most-popular-meme-stocks-today
2026-07-24T19:15:59+02:00,XOM,Exxon Mobil,34,5,90,2,https://feargreedmeter.com/top-100-most-popular-meme-stocks-today
2026-07-24T19:15:59+02:00,JPM,JPMorgan Chase,8,5,91,-4,https://feargreedmeter.com/top-100-most-popular-meme-stocks-today
2026-07-24T19:15:59+02:00,GE,General Electric,16,5,92,2,https://feargreedmeter.com/top-100-most-popular-meme-stocks-today
2026-07-24T19:15:59+02:00,AXP,American Express,15,5,93,5,https://feargreedmeter.com/top-100-most-popular-meme-stocks-today
2026-07-24T19:15:59+02:00,FRMI,Fermi Inc.,6,4,94,3,https://feargreedmeter.com/top-100-most-popular-meme-stocks-today
2026-07-24T19:15:59+02:00,BULL,Webull,10,4,95,3,https://feargreedmeter.com/top-100-most-popular-meme-stocks-today
2026-07-24T19:15:59+02:00,SMC,Summit Midstream,5,4,96,3,https://feargreedmeter.com/top-100-most-popular-meme-stocks-today
2026-07-24T19:15:59+02:00,VIVK,Vivakor,23,4,97,3,https://feargreedmeter.com/top-100-most-popular-meme-stocks-today
2026-07-24T19:15:59+02:00,MMA,Alta Global Group,524,4,98,4,https://feargreedmeter.com/top-100-most-popular-meme-stocks-today
2026-07-24T19:15:59+02:00,LOT,Lotus Technology,5,4,99,2,https://feargreedmeter.com/top-100-most-popular-meme-stocks-today
2026-07-24T19:15:59+02:00,LVWR,LiveWire Group,22,4,100,4,https://feargreedmeter.com/top-100-most-popular-meme-stocks-today
2026-07-24T20:50:41+02:00,SPY,SPDR S&P 500 ETF Trust,1201,362,1,-29,https://feargreedmeter.com/top-100-most-popular-meme-stocks-today
2026-07-24T20:50:41+02:00,INTC,Intel,1349,345,2,267,https://feargreedmeter.com/top-100-most-popular-meme-stocks-today
2026-07-24T20:50:41+02:00,TSLA,Tesla,1942,282,3,-193,https://feargreedmeter.com/top-100-most-popular-meme-stocks-today
2026-07-24T20:50:41+02:00,MU,Micron Technology,875,227,4,-212,https://feargreedmeter.com/top-100-most-popular-meme-stocks-today
2026-07-24T20:50:41+02:00,SPCX,SpaceX,1666,224,5,-206,https://feargreedmeter.com/top-100-most-popular-meme-stocks-today
2026-07-24T20:50:41+02:00,QQQ,Invesco QQQ ETF,429,154,6,27,https://feargreedmeter.com/top-100-most-popular-meme-stocks-today
2026-07-24T20:50:41+02:00,MSFT,Microsoft,388,149,7,-42,https://feargreedmeter.com/top-100-most-popular-meme-stocks-today
2026-07-24T20:50:41+02:00,GOOG,Alphabet (Google),510,108,8,-536,https://feargreedmeter.com/top-100-most-popular-meme-stocks-today
2026-07-24T20:50:41+02:00,NVDA,NVIDIA,486,106,9,-6,https://feargreedmeter.com/top-100-most-popular-meme-stocks-today
2026-07-24T20:50:41+02:00,DTE,DTE Energy,366,102,10,30,https://feargreedmeter.com/top-100-most-popular-meme-stocks-today
2026-07-24T20:50:41+02:00,GOOGL,Alphabet (Google),342,92,11,-316,https://feargreedmeter.com/top-100-most-popular-meme-stocks-today
2026-07-24T20:50:41+02:00,AAPL,Apple,188,71,12,42,https://feargreedmeter.com/top-100-most-popular-meme-stocks-today
2026-07-24T20:50:41+02:00,ORCL,Oracle,205,58,13,31,https://feargreedmeter.com/top-100-most-popular-meme-stocks-today
2026-07-24T20:50:41+02:00,AMD,AMD,109,58,14,-20,https://feargreedmeter.com/top-100-most-popular-meme-stocks-today
2026-07-24T20:50:41+02:00,SNDK,Sandisk,1947,54,15,-25,https://feargreedmeter.com/top-100-most-popular-meme-stocks-today
2026-07-24T20:50:41+02:00,META,Meta Platforms (Facebook),281,54,16,-36,https://feargreedmeter.com/top-100-most-popular-meme-stocks-today
2026-07-24T20:50:41+02:00,NOW,ServiceNow,102,53,17,-195,https://feargreedmeter.com/top-100-most-popular-meme-stocks-today
2026-07-24T20:50:41+02:00,VOO,Vanguard S&P 500 ETF,742,43,18,14,https://feargreedmeter.com/top-100-most-popular-meme-stocks-today
2026-07-24T20:50:41+02:00,AGI,Alamos Gold,127,40,19,-13,https://feargreedmeter.com/top-100-most-popular-meme-stocks-today
2026-07-24T20:50:41+02:00,NBIS,Nebius Group,107,37,20,-32,https://feargreedmeter.com/top-100-most-popular-meme-stocks-today
2026-07-24T20:50:41+02:00,USO,United States Commodity Funds LLC - United States Oil Fund,68,35,21,-21,https://feargreedmeter.com/top-100-most-popular-meme-stocks-today
2026-07-24T20:50:41+02:00,IBM,IBM,64,32,22,-109,https://feargreedmeter.com/top-100-most-popular-meme-stocks-today
2026-07-24T20:50:41+02:00,AMZN,Amazon,132,32,23,-26,https://feargreedmeter.com/top-100-most-popular-meme-stocks-today
2026-07-24T20:50:41+02:00,ASTS,AST SpaceMobile,66,29,24,11,https://feargreedmeter.com/top-100-most-popular-meme-stocks-today
2026-07-24T20:50:41+02:00,RKLB,Rocket Lab USA,62,28,25,19,https://feargreedmeter.com/top-100-most-popular-meme-stocks-today
2026-07-24T20:50:41+02:00,FCF,First Commonwealth Financial Corp,79,27,26,-54,https://feargreedmeter.com/top-100-most-popular-meme-stocks-today
2026-07-24T20:50:41+02:00,EU,enCore Energy,65,25,27,-28,https://feargreedmeter.com/top-100-most-popular-meme-stocks-today
2026-07-24T20:50:41+02:00,HOOD,Robinhood,32,24,28,22,https://feargreedmeter.com/top-100-most-popular-meme-stocks-today
2026-07-24T20:50:41+02:00,ES,Eversource Energy,36,23,29,1,https://feargreedmeter.com/top-100-most-popular-meme-stocks-today
2026-07-24T20:50:41+02:00,OKLO,Oklo,280,20,30,15,https://feargreedmeter.com/top-100-most-popular-meme-stocks-today
2026-07-24T20:50:41+02:00,RDDT,Reddit,160,20,31,-21,https://feargreedmeter.com/top-100-most-popular-meme-stocks-today
2026-07-24T20:50:41+02:00,YOU,CLEAR Secure,45,20,32,-8,https://feargreedmeter.com/top-100-most-popular-meme-stocks-today
2026-07-24T20:50:41+02:00,IT,Gartner,49,20,33,-4,https://feargreedmeter.com/top-100-most-popular-meme-stocks-today
2026-07-24T20:50:41+02:00,AM,Antero Midstream,42,19,34,-4,https://feargreedmeter.com/top-100-most-popular-meme-stocks-today
2026-07-24T20:50:41+02:00,VTI,Vanguard Total Stock Market ETF,96,18,35,5,https://feargreedmeter.com/top-100-most-popular-meme-stocks-today
2026-07-24T20:50:41+02:00,API,Agora.io,89,17,36,-1,https://feargreedmeter.com/top-100-most-popular-meme-stocks-today
2026-07-24T20:50:41+02:00,SAP,SAP,34,17,37,12,https://feargreedmeter.com/top-100-most-popular-meme-stocks-today
2026-07-24T20:50:41+02:00,VT,"Vanguard Group, Inc. - Vanguard Total World Stock ETF",59,16,38,11,https://feargreedmeter.com/top-100-most-popular-meme-stocks-today
2026-07-24T20:50:41+02:00,VC,Visteon,67,14,39,9,https://feargreedmeter.com/top-100-most-popular-meme-stocks-today
2026-07-24T20:50:41+02:00,EDIT,Editas Medicine,21,13,40,11,https://feargreedmeter.com/top-100-most-popular-meme-stocks-today
2026-07-24T20:50:41+02:00,ALL,Allstate,49,13,41,-7,https://feargreedmeter.com/top-100-most-popular-meme-stocks-today
2026-07-24T20:50:41+02:00,NFLX,Netflix,43,13,42,-12,https://feargreedmeter.com/top-100-most-popular-meme-stocks-today
2026-07-24T20:50:41+02:00,MXL,MaxLinear,32,12,43,11,https://feargreedmeter.com/top-100-most-popular-meme-stocks-today
2026-07-24T20:50:41+02:00,MRVL,Marvell Technology Group,37,12,44,2,https://feargreedmeter.com/top-100-most-popular-meme-stocks-today
2026-07-24T20:50:41+02:00,WEN,Wendy’s Company,86,12,45,-7,https://feargreedmeter.com/top-100-most-popular-meme-stocks-today
2026-07-24T20:50:41+02:00,LINK,Interlink Electronics,14,11,46,0,https://feargreedmeter.com/top-100-most-popular-meme-stocks-today
2026-07-24T20:50:41+02:00,BATL,Battalion Oil,38,11,47,-2,https://feargreedmeter.com/top-100-most-popular-meme-stocks-today
2026-07-24T20:50:41+02:00,GO,Grocery Outlet,30,11,48,1,https://feargreedmeter.com/top-100-most-popular-meme-stocks-today
2026-07-24T20:50:41+02:00,SMA,SmartStop Self Storage REIT,87,10,49,3,https://feargreedmeter.com/top-100-most-popular-meme-stocks-today
2026-07-24T20:50:41+02:00,SOXL,Direxion Shares ETF Trust - Direxion Daily Semiconductor Bull 3X Share,20,10,50,-13,https://feargreedmeter.com/top-100-most-popular-meme-stocks-today
2026-07-24T20:50:41+02:00,JUST,Goldman Sachs ETF Trust - Goldman Sachs Just Us Large Cap Equity ETF,68,10,51,6,https://feargreedmeter.com/top-100-most-popular-meme-stocks-today
2026-07-24T20:50:41+02:00,CBRS,Cerebras Systems,14,9,52,6,https://feargreedmeter.com/top-100-most-popular-meme-stocks-today
2026-07-24T20:50:41+02:00,ONDS,Ondas Holdings,17,9,53,2,https://feargreedmeter.com/top-100-most-popular-meme-stocks-today
2026-07-24T20:50:41+02:00,FOR,Forestar Group,45,9,54,2,https://feargreedmeter.com/top-100-most-popular-meme-stocks-today
2026-07-24T20:50:41+02:00,MSTR,MicroStrategy,24,9,55,3,https://feargreedmeter.com/top-100-most-popular-meme-stocks-today
2026-07-24T20:50:41+02:00,IQ,iQIYI,22,9,56,-6,https://feargreedmeter.com/top-100-most-popular-meme-stocks-today
2026-07-24T20:50:41+02:00,TSM,TSMC,25,9,57,-3,https://feargreedmeter.com/top-100-most-popular-meme-stocks-today
2026-07-24T20:50:41+02:00,JNJ,Johnson & Johnson,15,9,58,8,https://feargreedmeter.com/top-100-most-popular-meme-stocks-today
2026-07-24T20:50:41+02:00,SMR,NuScale Power,21,8,59,7,https://feargreedmeter.com/top-100-most-popular-meme-stocks-today
2026-07-24T20:50:41+02:00,CD,Chindata,24,8,60,4,https://feargreedmeter.com/top-100-most-popular-meme-stocks-today
2026-07-24T20:50:41+02:00,SMH,VanEck Vectors ETF Trust - VanEck Vectors Semiconductor ETF,13,8,61,-7,https://feargreedmeter.com/top-100-most-popular-meme-stocks-today
2026-07-24T20:50:41+02:00,IBKR,Interactive Brokers,32,8,62,4,https://feargreedmeter.com/top-100-most-popular-meme-stocks-today
2026-07-24T20:50:41+02:00,CC,Chemours,25,8,63,3,https://feargreedmeter.com/top-100-most-popular-meme-stocks-today
2026-07-24T20:50:41+02:00,MA,Mastercard,21,8,64,3,https://feargreedmeter.com/top-100-most-popular-meme-stocks-today
2026-07-24T20:50:41+02:00,OS,OneStream,6,7,65,2,https://feargreedmeter.com/top-100-most-popular-meme-stocks-today
2026-07-24T20:50:41+02:00,DJT,Trump Media & Technology Group,79,7,66,4,https://feargreedmeter.com/top-100-most-popular-meme-stocks-today
2026-07-24T20:50:41+02:00,ET,Energy Transfer Partners,26,7,67,3,https://feargreedmeter.com/top-100-most-popular-meme-stocks-today
2026-07-24T20:50:41+02:00,AVGO,Broadcom,17,7,68,-23,https://feargreedmeter.com/top-100-most-popular-meme-stocks-today
2026-07-24T20:50:41+02:00,LLY,Eli Lilly,14,7,69,6,https://feargreedmeter.com/top-100-most-popular-meme-stocks-today
2026-07-24T20:50:41+02:00,ANY,Sphere 3D,21,6,70,1,https://feargreedmeter.com/top-100-most-popular-meme-stocks-today
2026-07-24T20:50:41+02:00,SLS,Sellas Life Sciences,22,6,71,0,https://feargreedmeter.com/top-100-most-popular-meme-stocks-today
2026-07-24T20:50:41+02:00,BE,Bloom Energy,-4,6,72,-8,https://feargreedmeter.com/top-100-most-popular-meme-stocks-today
2026-07-24T20:50:41+02:00,HBM,Hudbay Minerals,19,6,73,-4,https://feargreedmeter.com/top-100-most-popular-meme-stocks-today
2026-07-24T20:50:41+02:00,OR,Osisko Gold Royalties,35,6,74,-2,https://feargreedmeter.com/top-100-most-popular-meme-stocks-today
2026-07-24T20:50:41+02:00,WTI,W&T Offshore,25,6,75,-21,https://feargreedmeter.com/top-100-most-popular-meme-stocks-today
2026-07-24T20:50:41+02:00,NYT,New York Times,11,6,76,5,https://feargreedmeter.com/top-100-most-popular-meme-stocks-today
2026-07-24T20:50:41+02:00,OTLK,Outlook Therapeutics,22,6,77,5,https://feargreedmeter.com/top-100-most-popular-meme-stocks-today
2026-07-24T20:50:41+02:00,SO,Southern Company,14,6,78,-1,https://feargreedmeter.com/top-100-most-popular-meme-stocks-today
2026-07-24T20:50:41+02:00,ICE,Intercontinental Exchange,18,6,79,2,https://feargreedmeter.com/top-100-most-popular-meme-stocks-today
2026-07-24T20:50:41+02:00,FRMI,Fermi Inc.,7,5,80,4,https://feargreedmeter.com/top-100-most-popular-meme-stocks-today
2026-07-24T20:50:41+02:00,CRWV,CoreWeave,15,5,81,-8,https://feargreedmeter.com/top-100-most-popular-meme-stocks-today
2026-07-24T20:50:41+02:00,PR,Permian Resources,10,5,82,1,https://feargreedmeter.com/top-100-most-popular-meme-stocks-today
2026-07-24T20:50:41+02:00,MX,Magnachip,13,5,83,5,https://feargreedmeter.com/top-100-most-popular-meme-stocks-today
2026-07-24T20:50:41+02:00,HIMS,Hims & Hers Health,9,5,84,-2,https://feargreedmeter.com/top-100-most-popular-meme-stocks-today
2026-07-24T20:50:41+02:00,IMAX,Imax Corp,11,5,85,4,https://feargreedmeter.com/top-100-most-popular-meme-stocks-today
2026-07-24T20:50:41+02:00,OPEN,Opendoor,16,5,86,0,https://feargreedmeter.com/top-100-most-popular-meme-stocks-today
2026-07-24T20:50:41+02:00,SGOV,iShares Trust - iShares 0-3 Month Treasury Bond ETF,10,5,87,-8,https://feargreedmeter.com/top-100-most-popular-meme-stocks-today
2026-07-24T20:50:41+02:00,IWM,BlackRock Institutional Trust Company N.A. - BTC iShares Russell 2000,16,5,88,-4,https://feargreedmeter.com/top-100-most-popular-meme-stocks-today
2026-07-24T20:50:41+02:00,TQQQ,ProShares Trust - ProShares UltraPro QQQ,10,5,89,1,https://feargreedmeter.com/top-100-most-popular-meme-stocks-today
2026-07-24T20:50:41+02:00,VXUS,"Vanguard Group, Inc. - Vanguard Total International Stock ETF",14,5,90,-1,https://feargreedmeter.com/top-100-most-popular-meme-stocks-today
2026-07-24T20:50:41+02:00,SOXX,BlackRock Institutional Trust Company N.A. - BTC iShares PHLX Semicond,3,5,91,-3,https://feargreedmeter.com/top-100-most-popular-meme-stocks-today
2026-07-24T20:50:41+02:00,NOK,Nokia,8,5,92,-30,https://feargreedmeter.com/top-100-most-popular-meme-stocks-today
2026-07-24T20:50:41+02:00,SMCI,Supermicro,11,5,93,-20,https://feargreedmeter.com/top-100-most-popular-meme-stocks-today
2026-07-24T20:50:41+02:00,REAL,The RealReal,60,5,94,4,https://feargreedmeter.com/top-100-most-popular-meme-stocks-today
2026-07-24T20:50:41+02:00,ASML,ASML,11,5,95,-3,https://feargreedmeter.com/top-100-most-popular-meme-stocks-today
2026-07-24T20:50:41+02:00,CRM,Salesforce,7,5,96,-5,https://feargreedmeter.com/top-100-most-popular-meme-stocks-today
2026-07-24T20:50:41+02:00,XOM,Exxon Mobil,32,5,97,0,https://feargreedmeter.com/top-100-most-popular-meme-stocks-today
2026-07-24T20:50:41+02:00,JPM,JPMorgan Chase,5,5,98,-5,https://feargreedmeter.com/top-100-most-popular-meme-stocks-today
2026-07-24T20:50:41+02:00,AXP,American Express,16,5,99,5,https://feargreedmeter.com/top-100-most-popular-meme-stocks-today
2026-07-24T20:50:41+02:00,KO,Coca-Cola,19,5,100,2,https://feargreedmeter.com/top-100-most-popular-meme-stocks-today
2026-07-24T22:09:22+02:00,SPY,SPDR S&P 500 ETF Trust,1230,366,1,-28,https://feargreedmeter.com/top-100-most-popular-meme-stocks-today
2026-07-24T22:09:22+02:00,INTC,Intel,1049,299,2,187,https://feargreedmeter.com/top-100-most-popular-meme-stocks-today
2026-07-24T22:09:22+02:00,MU,Micron Technology,952,242,3,-197,https://feargreedmeter.com/top-100-most-popular-meme-stocks-today
2026-07-24T22:09:22+02:00,TSLA,Tesla,1844,232,4,-266,https://feargreedmeter.com/top-100-most-popular-meme-stocks-today
2026-07-24T22:09:22+02:00,SPCX,SpaceX,1538,210,5,-177,https://feargreedmeter.com/top-100-most-popular-meme-stocks-today
2026-07-24T22:09:22+02:00,QQQ,Invesco QQQ ETF,330,154,6,23,https://feargreedmeter.com/top-100-most-popular-meme-stocks-today
2026-07-24T22:09:22+02:00,MSFT,Microsoft,472,149,7,-34,https://feargreedmeter.com/top-100-most-popular-meme-stocks-today
2026-07-24T22:09:22+02:00,NVDA,NVIDIA,522,114,8,7,https://feargreedmeter.com/top-100-most-popular-meme-stocks-today
2026-07-24T22:09:22+02:00,DTE,DTE Energy,484,105,9,37,https://feargreedmeter.com/top-100-most-popular-meme-stocks-today
2026-07-24T22:09:22+02:00,GOOG,Alphabet (Google),565,97,10,-495,https://feargreedmeter.com/top-100-most-popular-meme-stocks-today
2026-07-24T22:09:22+02:00,AAPL,Apple,194,77,11,47,https://feargreedmeter.com/top-100-most-popular-meme-stocks-today
2026-07-24T22:09:22+02:00,GOOGL,Alphabet (Google),299,74,12,-309,https://feargreedmeter.com/top-100-most-popular-meme-stocks-today
2026-07-24T22:09:22+02:00,ORCL,Oracle,275,63,13,36,https://feargreedmeter.com/top-100-most-popular-meme-stocks-today
2026-07-24T22:09:22+02:00,AMD,AMD,114,62,14,-5,https://feargreedmeter.com/top-100-most-popular-meme-stocks-today
2026-07-24T22:09:22+02:00,SNDK,Sandisk,1988,61,15,-19,https://feargreedmeter.com/top-100-most-popular-meme-stocks-today
2026-07-24T22:09:22+02:00,META,Meta Platforms (Facebook),282,58,16,-30,https://feargreedmeter.com/top-100-most-popular-meme-stocks-today
2026-07-24T22:09:22+02:00,NBIS,Nebius Group,136,51,17,-17,https://feargreedmeter.com/top-100-most-popular-meme-stocks-today
2026-07-24T22:09:22+02:00,NOW,ServiceNow,93,49,18,-182,https://feargreedmeter.com/top-100-most-popular-meme-stocks-today
2026-07-24T22:09:22+02:00,VOO,Vanguard S&P 500 ETF,765,44,19,18,https://feargreedmeter.com/top-100-most-popular-meme-stocks-today
2026-07-24T22:09:22+02:00,AMZN,Amazon,218,37,20,-18,https://feargreedmeter.com/top-100-most-popular-meme-stocks-today
2026-07-24T22:09:22+02:00,AGI,Alamos Gold,179,34,21,-18,https://feargreedmeter.com/top-100-most-popular-meme-stocks-today
2026-07-24T22:09:22+02:00,ASTS,AST SpaceMobile,62,33,22,17,https://feargreedmeter.com/top-100-most-popular-meme-stocks-today
2026-07-24T22:09:22+02:00,IBM,IBM,66,32,23,-93,https://feargreedmeter.com/top-100-most-popular-meme-stocks-today
2026-07-24T22:09:22+02:00,EU,enCore Energy,77,30,24,-22,https://feargreedmeter.com/top-100-most-popular-meme-stocks-today
2026-07-24T22:09:22+02:00,RKLB,Rocket Lab USA,66,28,25,19,https://feargreedmeter.com/top-100-most-popular-meme-stocks-today
2026-07-24T22:09:22+02:00,USO,United States Commodity Funds LLC - United States Oil Fund,58,27,26,-40,https://feargreedmeter.com/top-100-most-popular-meme-stocks-today
2026-07-24T22:09:22+02:00,FCF,First Commonwealth Financial Corp,72,25,27,-59,https://feargreedmeter.com/top-100-most-popular-meme-stocks-today
2026-07-24T22:09:22+02:00,HOOD,Robinhood,31,24,28,22,https://feargreedmeter.com/top-100-most-popular-meme-stocks-today
2026-07-24T22:09:22+02:00,ES,Eversource Energy,37,22,29,1,https://feargreedmeter.com/top-100-most-popular-meme-stocks-today
2026-07-24T22:09:22+02:00,IT,Gartner,64,22,30,-2,https://feargreedmeter.com/top-100-most-popular-meme-stocks-today
2026-07-24T22:09:22+02:00,AM,Antero Midstream,52,22,31,-1,https://feargreedmeter.com/top-100-most-popular-meme-stocks-today
2026-07-24T22:09:22+02:00,YOU,CLEAR Secure,35,21,32,-11,https://feargreedmeter.com/top-100-most-popular-meme-stocks-today
2026-07-24T22:09:22+02:00,VT,"Vanguard Group, Inc. - Vanguard Total World Stock ETF",70,20,33,16,https://feargreedmeter.com/top-100-most-popular-meme-stocks-today
2026-07-24T22:09:22+02:00,VTI,Vanguard Total Stock Market ETF,104,20,34,8,https://feargreedmeter.com/top-100-most-popular-meme-stocks-today
2026-07-24T22:09:22+02:00,RDDT,Reddit,36,20,35,-16,https://feargreedmeter.com/top-100-most-popular-meme-stocks-today
2026-07-24T22:09:22+02:00,OKLO,Oklo,281,19,36,13,https://feargreedmeter.com/top-100-most-popular-meme-stocks-today
2026-07-24T22:09:22+02:00,SAP,SAP,41,18,37,14,https://feargreedmeter.com/top-100-most-popular-meme-stocks-today
2026-07-24T22:09:22+02:00,API,Agora.io,89,18,38,-1,https://feargreedmeter.com/top-100-most-popular-meme-stocks-today
2026-07-24T22:09:22+02:00,VC,Visteon,70,16,39,11,https://feargreedmeter.com/top-100-most-popular-meme-stocks-today
2026-07-24T22:09:22+02:00,WEN,Wendy’s Company,99,14,40,-5,https://feargreedmeter.com/top-100-most-popular-meme-stocks-today
2026-07-24T22:09:22+02:00,OTLK,Outlook Therapeutics,57,14,41,13,https://feargreedmeter.com/top-100-most-popular-meme-stocks-today
2026-07-24T22:09:22+02:00,MRVL,Marvell Technology Group,52,14,42,5,https://feargreedmeter.com/top-100-most-popular-meme-stocks-today
2026-07-24T22:09:22+02:00,NFLX,Netflix,46,13,43,-5,https://feargreedmeter.com/top-100-most-popular-meme-stocks-today
2026-07-24T22:09:22+02:00,EDIT,Editas Medicine,19,13,44,11,https://feargreedmeter.com/top-100-most-popular-meme-stocks-today
2026-07-24T22:09:22+02:00,ALL,Allstate,21,11,45,-12,https://feargreedmeter.com/top-100-most-popular-meme-stocks-today
2026-07-24T22:09:22+02:00,GO,Grocery Outlet,29,11,46,2,https://feargreedmeter.com/top-100-most-popular-meme-stocks-today
2026-07-24T22:09:22+02:00,MXL,MaxLinear,27,10,47,7,https://feargreedmeter.com/top-100-most-popular-meme-stocks-today
2026-07-24T22:09:22+02:00,MSTR,MicroStrategy,25,10,48,4,https://feargreedmeter.com/top-100-most-popular-meme-stocks-today
2026-07-24T22:09:22+02:00,LINK,Interlink Electronics,13,10,49,0,https://feargreedmeter.com/top-100-most-popular-meme-stocks-today
2026-07-24T22:09:22+02:00,SMA,SmartStop Self Storage REIT,99,10,50,3,https://feargreedmeter.com/top-100-most-popular-meme-stocks-today
2026-07-24T22:09:22+02:00,MA,Mastercard,28,9,51,4,https://feargreedmeter.com/top-100-most-popular-meme-stocks-today
2026-07-24T22:09:22+02:00,TSM,TSMC,25,9,52,-3,https://feargreedmeter.com/top-100-most-popular-meme-stocks-today
2026-07-24T22:09:22+02:00,IQ,iQIYI,22,9,53,-6,https://feargreedmeter.com/top-100-most-popular-meme-stocks-today
2026-07-24T22:09:22+02:00,CC,Chemours,27,9,54,5,https://feargreedmeter.com/top-100-most-popular-meme-stocks-today
2026-07-24T22:09:22+02:00,UBER,Uber,18,9,55,8,https://feargreedmeter.com/top-100-most-popular-meme-stocks-today
2026-07-24T22:09:22+02:00,BE,Bloom Energy,-1,9,56,-4,https://feargreedmeter.com/top-100-most-popular-meme-stocks-today
2026-07-24T22:09:22+02:00,SMH,VanEck Vectors ETF Trust - VanEck Vectors Semiconductor ETF,13,9,57,-7,https://feargreedmeter.com/top-100-most-popular-meme-stocks-today
2026-07-24T22:09:22+02:00,BATL,Battalion Oil,32,9,58,-7,https://feargreedmeter.com/top-100-most-popular-meme-stocks-today
2026-07-24T22:09:22+02:00,ONDS,Ondas Holdings,17,9,59,2,https://feargreedmeter.com/top-100-most-popular-meme-stocks-today
2026-07-24T22:09:22+02:00,JNJ,Johnson & Johnson,14,8,60,7,https://feargreedmeter.com/top-100-most-popular-meme-stocks-today
2026-07-24T22:09:22+02:00,IBKR,Interactive Brokers,30,8,61,4,https://feargreedmeter.com/top-100-most-popular-meme-stocks-today
2026-07-24T22:09:22+02:00,ET,Energy Transfer Partners,28,8,62,5,https://feargreedmeter.com/top-100-most-popular-meme-stocks-today
2026-07-24T22:09:22+02:00,JUST,Goldman Sachs ETF Trust - Goldman Sachs Just Us Large Cap Equity ETF,36,8,63,4,https://feargreedmeter.com/top-100-most-popular-meme-stocks-today
2026-07-24T22:09:22+02:00,SOXL,Direxion Shares ETF Trust - Direxion Daily Semiconductor Bull 3X Share,18,8,64,-15,https://feargreedmeter.com/top-100-most-popular-meme-stocks-today
2026-07-24T22:09:22+02:00,VXUS,"Vanguard Group, Inc. - Vanguard Total International Stock ETF",20,8,65,2,https://feargreedmeter.com/top-100-most-popular-meme-stocks-today
2026-07-24T22:09:22+02:00,FOR,Forestar Group,46,8,66,0,https://feargreedmeter.com/top-100-most-popular-meme-stocks-today
2026-07-24T22:09:22+02:00,DJT,Trump Media & Technology Group,83,8,67,5,https://feargreedmeter.com/top-100-most-popular-meme-stocks-today
2026-07-24T22:09:22+02:00,OS,OneStream,9,8,68,3,https://feargreedmeter.com/top-100-most-popular-meme-stocks-today
2026-07-24T22:09:22+02:00,JPM,JPMorgan Chase,8,7,69,-3,https://feargreedmeter.com/top-100-most-popular-meme-stocks-today
2026-07-24T22:09:22+02:00,NYT,New York Times,16,7,70,6,https://feargreedmeter.com/top-100-most-popular-meme-stocks-today
2026-07-24T22:09:22+02:00,HBM,Hudbay Minerals,19,7,71,-3,https://feargreedmeter.com/top-100-most-popular-meme-stocks-today
2026-07-24T22:09:22+02:00,SOXX,BlackRock Institutional Trust Company N.A. - BTC iShares PHLX Semicond,4,7,72,-1,https://feargreedmeter.com/top-100-most-popular-meme-stocks-today
2026-07-24T22:09:22+02:00,SGOV,iShares Trust - iShares 0-3 Month Treasury Bond ETF,13,7,73,-5,https://feargreedmeter.com/top-100-most-popular-meme-stocks-today
2026-07-24T22:09:22+02:00,CD,Chindata,21,7,74,6,https://feargreedmeter.com/top-100-most-popular-meme-stocks-today
2026-07-24T22:09:22+02:00,LLY,Eli Lilly,14,6,75,5,https://feargreedmeter.com/top-100-most-popular-meme-stocks-today
2026-07-24T22:09:22+02:00,ICE,Intercontinental Exchange,19,6,76,3,https://feargreedmeter.com/top-100-most-popular-meme-stocks-today
2026-07-24T22:09:22+02:00,IP,International Paper,30,6,77,1,https://feargreedmeter.com/top-100-most-popular-meme-stocks-today
2026-07-24T22:09:22+02:00,XOM,Exxon Mobil,34,6,78,1,https://feargreedmeter.com/top-100-most-popular-meme-stocks-today
2026-07-24T22:09:22+02:00,SMCI,Supermicro,13,6,79,-15,https://feargreedmeter.com/top-100-most-popular-meme-stocks-today
2026-07-24T22:09:22+02:00,WTI,W&T Offshore,28,6,80,-21,https://feargreedmeter.com/top-100-most-popular-meme-stocks-today
2026-07-24T22:09:22+02:00,OR,Osisko Gold Royalties,39,6,81,-3,https://feargreedmeter.com/top-100-most-popular-meme-stocks-today
2026-07-24T22:09:22+02:00,SLS,Sellas Life Sciences,24,6,82,0,https://feargreedmeter.com/top-100-most-popular-meme-stocks-today
2026-07-24T22:09:22+02:00,HIMS,Hims & Hers Health,13,6,83,-1,https://feargreedmeter.com/top-100-most-popular-meme-stocks-today
2026-07-24T22:09:22+02:00,SMR,NuScale Power,17,6,84,3,https://feargreedmeter.com/top-100-most-popular-meme-stocks-today
2026-07-24T22:09:22+02:00,CRWV,CoreWeave,15,6,85,-7,https://feargreedmeter.com/top-100-most-popular-meme-stocks-today
2026-07-24T22:09:22+02:00,KO,Coca-Cola,21,5,86,2,https://feargreedmeter.com/top-100-most-popular-meme-stocks-today
2026-07-24T22:09:22+02:00,AVGO,Broadcom,11,5,87,-19,https://feargreedmeter.com/top-100-most-popular-meme-stocks-today
2026-07-24T22:09:22+02:00,AXP,American Express,17,5,88,5,https://feargreedmeter.com/top-100-most-popular-meme-stocks-today
2026-07-24T22:09:22+02:00,SO,Southern Company,11,5,89,-2,https://feargreedmeter.com/top-100-most-popular-meme-stocks-today
2026-07-24T22:09:22+02:00,CRM,Salesforce,7,5,90,-5,https://feargreedmeter.com/top-100-most-popular-meme-stocks-today
2026-07-24T22:09:22+02:00,MS,Morgan Stanley,8,5,91,2,https://feargreedmeter.com/top-100-most-popular-meme-stocks-today
2026-07-24T22:09:22+02:00,ASML,ASML,10,5,92,-2,https://feargreedmeter.com/top-100-most-popular-meme-stocks-today
2026-07-24T22:09:22+02:00,BB,BlackBerry,10,5,93,4,https://feargreedmeter.com/top-100-most-popular-meme-stocks-today
2026-07-24T22:09:22+02:00,PLTR,Palantir,16,5,94,-5,https://feargreedmeter.com/top-100-most-popular-meme-stocks-today
2026-07-24T22:09:22+02:00,KORU,Direxion Shares ETF Trust - Direxion Daily South Korea Bull 3X Shares,23,5,95,1,https://feargreedmeter.com/top-100-most-popular-meme-stocks-today
2026-07-24T22:09:22+02:00,TQQQ,ProShares Trust - ProShares UltraPro QQQ,10,5,96,2,https://feargreedmeter.com/top-100-most-popular-meme-stocks-today
2026-07-24T22:09:22+02:00,PUMP,ProPetro,16,5,97,-2,https://feargreedmeter.com/top-100-most-popular-meme-stocks-today
2026-07-24T22:09:22+02:00,IMAX,Imax Corp,11,5,98,4,https://feargreedmeter.com/top-100-most-popular-meme-stocks-today
2026-07-24T22:09:22+02:00,ANY,Sphere 3D,23,5,99,0,https://feargreedmeter.com/top-100-most-popular-meme-stocks-today
2026-07-24T22:09:22+02:00,NVTS,Navitas Semiconductor,6,5,100,4,https://feargreedmeter.com/top-100-most-popular-meme-stocks-today
2026-07-24T23:20:39+02:00,SPY,SPDR S&P 500 ETF Trust,1343,367,1,-29,https://feargreedmeter.com/top-100-most-popular-meme-stocks-today
2026-07-24T23:20:39+02:00,MU,Micron Technology,873,236,2,-184,https://feargreedmeter.com/top-100-most-popular-meme-stocks-today
2026-07-24T23:20:39+02:00,TSLA,Tesla,1805,219,3,-208,https://feargreedmeter.com/top-100-most-popular-meme-stocks-today
2026-07-24T23:20:39+02:00,SPCX,SpaceX,1503,201,4,-154,https://feargreedmeter.com/top-100-most-popular-meme-stocks-today
2026-07-24T23:20:39+02:00,INTC,Intel,593,187,5,-54,https://feargreedmeter.com/top-100-most-popular-meme-stocks-today
2026-07-24T23:20:39+02:00,QQQ,Invesco QQQ ETF,384,161,6,15,https://feargreedmeter.com/top-100-most-popular-meme-stocks-today
2026-07-24T23:20:39+02:00,MSFT,Microsoft,526,153,7,-20,https://feargreedmeter.com/top-100-most-popular-meme-stocks-today
2026-07-24T23:20:39+02:00,NVDA,NVIDIA,533,112,8,9,https://feargreedmeter.com/top-100-most-popular-meme-stocks-today
2026-07-24T23:20:39+02:00,DTE,DTE Energy,577,98,9,21,https://feargreedmeter.com/top-100-most-popular-meme-stocks-today
2026-07-24T23:20:39+02:00,GOOG,Alphabet (Google),603,90,10,-359,https://feargreedmeter.com/top-100-most-popular-meme-stocks-today
2026-07-24T23:20:39+02:00,AAPL,Apple,198,80,11,55,https://feargreedmeter.com/top-100-most-popular-meme-stocks-today
2026-07-24T23:20:39+02:00,ORCL,Oracle,342,67,12,38,https://feargreedmeter.com/top-100-most-popular-meme-stocks-today
2026-07-24T23:20:39+02:00,SNDK,Sandisk,210,63,13,-15,https://feargreedmeter.com/top-100-most-popular-meme-stocks-today
2026-07-24T23:20:39+02:00,GOOGL,Alphabet (Google),233,62,14,-217,https://feargreedmeter.com/top-100-most-popular-meme-stocks-today
2026-07-24T23:20:39+02:00,NBIS,Nebius Group,162,57,15,-3,https://feargreedmeter.com/top-100-most-popular-meme-stocks-today
2026-07-24T23:20:39+02:00,META,Meta Platforms (Facebook),248,53,16,-40,https://feargreedmeter.com/top-100-most-popular-meme-stocks-today
2026-07-24T23:20:39+02:00,AMD,AMD,75,49,17,-25,https://feargreedmeter.com/top-100-most-popular-meme-stocks-today
2026-07-24T23:20:39+02:00,VOO,Vanguard S&P 500 ETF,649,47,18,19,https://feargreedmeter.com/top-100-most-popular-meme-stocks-today
2026-07-24T23:20:39+02:00,NOW,ServiceNow,97,45,19,-124,https://feargreedmeter.com/top-100-most-popular-meme-stocks-today
2026-07-24T23:20:39+02:00,AMZN,Amazon,278,41,20,-16,https://feargreedmeter.com/top-100-most-popular-meme-stocks-today
2026-07-24T23:20:39+02:00,ASTS,AST SpaceMobile,73,37,21,21,https://feargreedmeter.com/top-100-most-popular-meme-stocks-today
2026-07-24T23:20:39+02:00,AGI,Alamos Gold,237,34,22,-26,https://feargreedmeter.com/top-100-most-popular-meme-stocks-today
2026-07-24T23:20:39+02:00,RKLB,Rocket Lab USA,640,34,23,25,https://feargreedmeter.com/top-100-most-popular-meme-stocks-today
2026-07-24T23:20:39+02:00,IBM,IBM,66,30,24,-60,https://feargreedmeter.com/top-100-most-popular-meme-stocks-today
2026-07-24T23:20:39+02:00,EU,enCore Energy,77,29,25,-24,https://feargreedmeter.com/top-100-most-popular-meme-stocks-today
2026-07-24T23:20:39+02:00,HOOD,Robinhood,41,27,26,25,https://feargreedmeter.com/top-100-most-popular-meme-stocks-today
2026-07-24T23:20:39+02:00,USO,United States Commodity Funds LLC - United States Oil Fund,53,26,27,-48,https://feargreedmeter.com/top-100-most-popular-meme-stocks-today
2026-07-24T23:20:39+02:00,RDDT,Reddit,39,22,28,-14,https://feargreedmeter.com/top-100-most-popular-meme-stocks-today
2026-07-24T23:20:39+02:00,YOU,CLEAR Secure,40,21,29,-7,https://feargreedmeter.com/top-100-most-popular-meme-stocks-today
2026-07-24T23:20:39+02:00,IT,Gartner,53,20,30,-1,https://feargreedmeter.com/top-100-most-popular-meme-stocks-today
2026-07-24T23:20:39+02:00,AM,Antero Midstream,43,20,31,-3,https://feargreedmeter.com/top-100-most-popular-meme-stocks-today
2026-07-24T23:20:39+02:00,VT,"Vanguard Group, Inc. - Vanguard Total World Stock ETF",85,20,32,16,https://feargreedmeter.com/top-100-most-popular-meme-stocks-today
2026-07-24T23:20:39+02:00,VTI,Vanguard Total Stock Market ETF,113,20,33,7,https://feargreedmeter.com/top-100-most-popular-meme-stocks-today
2026-07-24T23:20:39+02:00,ES,Eversource Energy,35,19,34,-5,https://feargreedmeter.com/top-100-most-popular-meme-stocks-today
2026-07-24T23:20:39+02:00,FCF,First Commonwealth Financial Corp,46,19,35,-56,https://feargreedmeter.com/top-100-most-popular-meme-stocks-today
2026-07-24T23:20:39+02:00,OTLK,Outlook Therapeutics,78,17,36,16,https://feargreedmeter.com/top-100-most-popular-meme-stocks-today
2026-07-24T23:20:39+02:00,API,Agora.io,94,17,37,-1,https://feargreedmeter.com/top-100-most-popular-meme-stocks-today
2026-07-24T23:20:39+02:00,WEN,Wendy’s Company,106,16,38,-2,https://feargreedmeter.com/top-100-most-popular-meme-stocks-today
2026-07-24T23:20:39+02:00,MRVL,Marvell Technology Group,66,15,39,5,https://feargreedmeter.com/top-100-most-popular-meme-stocks-today
2026-07-24T23:20:39+02:00,OKLO,Oklo,96,15,40,7,https://feargreedmeter.com/top-100-most-popular-meme-stocks-today
2026-07-24T23:20:39+02:00,VC,Visteon,52,14,41,8,https://feargreedmeter.com/top-100-most-popular-meme-stocks-today
2026-07-24T23:20:39+02:00,NFLX,Netflix,40,13,42,-4,https://feargreedmeter.com/top-100-most-popular-meme-stocks-today
2026-07-24T23:20:39+02:00,SAP,SAP,31,13,43,5,https://feargreedmeter.com/top-100-most-popular-meme-stocks-today
2026-07-24T23:20:39+02:00,UBER,Uber,24,13,44,12,https://feargreedmeter.com/top-100-most-popular-meme-stocks-today
2026-07-24T23:20:39+02:00,EDIT,Editas Medicine,18,12,45,10,https://feargreedmeter.com/top-100-most-popular-meme-stocks-today
2026-07-24T23:20:39+02:00,LINK,Interlink Electronics,15,12,46,1,https://feargreedmeter.com/top-100-most-popular-meme-stocks-today
2026-07-24T23:20:39+02:00,ALL,Allstate,20,11,47,-10,https://feargreedmeter.com/top-100-most-popular-meme-stocks-today
2026-07-24T23:20:39+02:00,MA,Mastercard,28,10,48,6,https://feargreedmeter.com/top-100-most-popular-meme-stocks-today
2026-07-24T23:20:39+02:00,GO,Grocery Outlet,30,10,49,3,https://feargreedmeter.com/top-100-most-popular-meme-stocks-today
2026-07-24T23:20:39+02:00,BE,Bloom Energy,,10,50,-2,https://feargreedmeter.com/top-100-most-popular-meme-stocks-today
2026-07-24T23:20:39+02:00,SMA,SmartStop Self Storage REIT,99,10,51,3,https://feargreedmeter.com/top-100-most-popular-meme-stocks-today
2026-07-24T23:20:39+02:00,TSM,TSMC,25,9,52,0,https://feargreedmeter.com/top-100-most-popular-meme-stocks-today
2026-07-24T23:20:39+02:00,IQ,iQIYI,19,9,53,-6,https://feargreedmeter.com/top-100-most-popular-meme-stocks-today
2026-07-24T23:20:39+02:00,CC,Chemours,28,9,54,5,https://feargreedmeter.com/top-100-most-popular-meme-stocks-today
2026-07-24T23:20:39+02:00,IBKR,Interactive Brokers,35,9,55,6,https://feargreedmeter.com/top-100-most-popular-meme-stocks-today
2026-07-24T23:20:39+02:00,JUST,Goldman Sachs ETF Trust - Goldman Sachs Just Us Large Cap Equity ETF,36,9,56,4,https://feargreedmeter.com/top-100-most-popular-meme-stocks-today
2026-07-24T23:20:39+02:00,VXUS,"Vanguard Group, Inc. - Vanguard Total International Stock ETF",22,9,57,2,https://feargreedmeter.com/top-100-most-popular-meme-stocks-today
2026-07-24T23:20:39+02:00,MSTR,MicroStrategy,23,9,58,2,https://feargreedmeter.com/top-100-most-popular-meme-stocks-today
2026-07-24T23:20:39+02:00,BATL,Battalion Oil,31,9,59,-5,https://feargreedmeter.com/top-100-most-popular-meme-stocks-today
2026-07-24T23:20:39+02:00,ONDS,Ondas Holdings,17,9,60,2,https://feargreedmeter.com/top-100-most-popular-meme-stocks-today
2026-07-24T23:20:39+02:00,JPM,JPMorgan Chase,14,8,61,-1,https://feargreedmeter.com/top-100-most-popular-meme-stocks-today
2026-07-24T23:20:39+02:00,SOXL,Direxion Shares ETF Trust - Direxion Daily Semiconductor Bull 3X Share,10,8,62,-18,https://feargreedmeter.com/top-100-most-popular-meme-stocks-today
2026-07-24T23:20:39+02:00,SGOV,iShares Trust - iShares 0-3 Month Treasury Bond ETF,15,8,63,-2,https://feargreedmeter.com/top-100-most-popular-meme-stocks-today
2026-07-24T23:20:39+02:00,FOR,Forestar Group,47,8,64,3,https://feargreedmeter.com/top-100-most-popular-meme-stocks-today
2026-07-24T23:20:39+02:00,DJT,Trump Media & Technology Group,85,8,65,5,https://feargreedmeter.com/top-100-most-popular-meme-stocks-today
2026-07-24T23:20:39+02:00,OS,OneStream,11,8,66,3,https://feargreedmeter.com/top-100-most-popular-meme-stocks-today
2026-07-24T23:20:39+02:00,CRWV,CoreWeave,27,8,67,-6,https://feargreedmeter.com/top-100-most-popular-meme-stocks-today
2026-07-24T23:20:39+02:00,JNJ,Johnson & Johnson,14,7,68,5,https://feargreedmeter.com/top-100-most-popular-meme-stocks-today
2026-07-24T23:20:39+02:00,MXL,MaxLinear,20,7,69,2,https://feargreedmeter.com/top-100-most-popular-meme-stocks-today
2026-07-24T23:20:39+02:00,NYT,New York Times,17,7,70,6,https://feargreedmeter.com/top-100-most-popular-meme-stocks-today
2026-07-24T23:20:39+02:00,OR,Osisko Gold Royalties,39,7,71,-2,https://feargreedmeter.com/top-100-most-popular-meme-stocks-today
2026-07-24T23:20:39+02:00,HBM,Hudbay Minerals,19,7,72,-2,https://feargreedmeter.com/top-100-most-popular-meme-stocks-today
2026-07-24T23:20:39+02:00,ET,Energy Transfer Partners,21,7,73,3,https://feargreedmeter.com/top-100-most-popular-meme-stocks-today
2026-07-24T23:20:39+02:00,SMH,VanEck Vectors ETF Trust - VanEck Vectors Semiconductor ETF,9,7,74,-10,https://feargreedmeter.com/top-100-most-popular-meme-stocks-today
2026-07-24T23:20:39+02:00,SOXX,BlackRock Institutional Trust Company N.A. - BTC iShares PHLX Semicond,6,7,75,-2,https://feargreedmeter.com/top-100-most-popular-meme-stocks-today
2026-07-24T23:20:39+02:00,RSP,Invesco Capital Management LLC - Invesco S&P 500 Equal Weight ETF,11,7,76,4,https://feargreedmeter.com/top-100-most-popular-meme-stocks-today
2026-07-24T23:20:39+02:00,CD,Chindata,25,7,77,5,https://feargreedmeter.com/top-100-most-popular-meme-stocks-today
2026-07-24T23:20:39+02:00,IP,International Paper,38,6,78,1,https://feargreedmeter.com/top-100-most-popular-meme-stocks-today
2026-07-24T23:20:39+02:00,XOM,Exxon Mobil,35,6,79,1,https://feargreedmeter.com/top-100-most-popular-meme-stocks-today
2026-07-24T23:20:39+02:00,WTI,W&T Offshore,26,6,80,-21,https://feargreedmeter.com/top-100-most-popular-meme-stocks-today
2026-07-24T23:20:39+02:00,PLTR,Palantir,15,6,81,1,https://feargreedmeter.com/top-100-most-popular-meme-stocks-today
2026-07-24T23:20:39+02:00,SLS,Sellas Life Sciences,26,6,82,1,https://feargreedmeter.com/top-100-most-popular-meme-stocks-today
2026-07-24T23:20:39+02:00,NVTS,Navitas Semiconductor,7,6,83,5,https://feargreedmeter.com/top-100-most-popular-meme-stocks-today
2026-07-24T23:20:39+02:00,HIMS,Hims & Hers Health,13,6,84,1,https://feargreedmeter.com/top-100-most-popular-meme-stocks-today
2026-07-24T23:20:39+02:00,KO,Coca-Cola,22,5,85,4,https://feargreedmeter.com/top-100-most-popular-meme-stocks-today
2026-07-24T23:20:39+02:00,LLY,Eli Lilly,16,5,86,4,https://feargreedmeter.com/top-100-most-popular-meme-stocks-today
2026-07-24T23:20:39+02:00,AVGO,Broadcom,10,5,87,-19,https://feargreedmeter.com/top-100-most-popular-meme-stocks-today
2026-07-24T23:20:39+02:00,AXP,American Express,16,5,88,5,https://feargreedmeter.com/top-100-most-popular-meme-stocks-today
2026-07-24T23:20:39+02:00,ICE,Intercontinental Exchange,19,5,89,2,https://feargreedmeter.com/top-100-most-popular-meme-stocks-today
2026-07-24T23:20:39+02:00,SMCI,Supermicro,14,5,90,-16,https://feargreedmeter.com/top-100-most-popular-meme-stocks-today
2026-07-24T23:20:39+02:00,LITE,Lumentum,12,5,91,-1,https://feargreedmeter.com/top-100-most-popular-meme-stocks-today
2026-07-24T23:20:39+02:00,NOK,Nokia,15,5,92,-25,https://feargreedmeter.com/top-100-most-popular-meme-stocks-today
2026-07-24T23:20:39+02:00,BB,BlackBerry,7,5,93,4,https://feargreedmeter.com/top-100-most-popular-meme-stocks-today
2026-07-24T23:20:39+02:00,PUMP,ProPetro,17,5,94,-2,https://feargreedmeter.com/top-100-most-popular-meme-stocks-today
2026-07-24T23:20:39+02:00,IMAX,Imax Corp,10,5,95,4,https://feargreedmeter.com/top-100-most-popular-meme-stocks-today
2026-07-24T23:20:39+02:00,ANY,Sphere 3D,22,5,96,0,https://feargreedmeter.com/top-100-most-popular-meme-stocks-today
2026-07-24T23:20:39+02:00,IREN,Iris Energy,10,5,97,0,https://feargreedmeter.com/top-100-most-popular-meme-stocks-today
2026-07-24T23:20:39+02:00,MX,Magnachip,13,5,98,5,https://feargreedmeter.com/top-100-most-popular-meme-stocks-today
2026-07-24T23:20:39+02:00,PR,Permian Resources,11,5,99,1,https://feargreedmeter.com/top-100-most-popular-meme-stocks-today
2026-07-24T23:20:39+02:00,LVWR,LiveWire Group,26,5,100,5,https://feargreedmeter.com/top-100-most-popular-meme-stocks-today
