data_pobrania,kod,nazwa,upvotes,mentions,rank,mention_change,source_url
2026-08-03T00:04:38+02:00,SPY,SPDR S&P 500 ETF Trust,906,97,1,12,https://feargreedmeter.com/top-100-most-popular-meme-stocks-today
2026-08-03T00:04:38+02:00,MU,Micron Technology,928,77,2,-21,https://feargreedmeter.com/top-100-most-popular-meme-stocks-today
2026-08-03T00:04:38+02:00,SPCX,SpaceX,169,45,3,-33,https://feargreedmeter.com/top-100-most-popular-meme-stocks-today
2026-08-03T00:04:38+02:00,SNDK,Sandisk,278,42,4,4,https://feargreedmeter.com/top-100-most-popular-meme-stocks-today
2026-08-03T00:04:38+02:00,NVDA,NVIDIA,551,40,5,-11,https://feargreedmeter.com/top-100-most-popular-meme-stocks-today
2026-08-03T00:04:38+02:00,QQQ,Invesco QQQ ETF,132,36,6,-5,https://feargreedmeter.com/top-100-most-popular-meme-stocks-today
2026-08-03T00:04:38+02:00,RDDT,Reddit,170,34,7,-6,https://feargreedmeter.com/top-100-most-popular-meme-stocks-today
2026-08-03T00:04:38+02:00,DTE,DTE Energy,188,31,8,2,https://feargreedmeter.com/top-100-most-popular-meme-stocks-today
2026-08-03T00:04:38+02:00,MSFT,Microsoft,389,31,9,-16,https://feargreedmeter.com/top-100-most-popular-meme-stocks-today
2026-08-03T00:04:38+02:00,API,Agora.io,97,27,10,17,https://feargreedmeter.com/top-100-most-popular-meme-stocks-today
2026-08-03T00:04:38+02:00,AMZN,Amazon,313,27,11,-4,https://feargreedmeter.com/top-100-most-popular-meme-stocks-today
2026-08-03T00:04:38+02:00,AMD,AMD,408,25,12,-17,https://feargreedmeter.com/top-100-most-popular-meme-stocks-today
2026-08-03T00:04:38+02:00,RR,Richtech Robotics,106,20,13,14,https://feargreedmeter.com/top-100-most-popular-meme-stocks-today
2026-08-03T00:04:38+02:00,AAPL,Apple,51,18,14,-3,https://feargreedmeter.com/top-100-most-popular-meme-stocks-today
2026-08-03T00:04:38+02:00,EU,enCore Energy,24,15,15,0,https://feargreedmeter.com/top-100-most-popular-meme-stocks-today
2026-08-03T00:04:38+02:00,YOU,CLEAR Secure,55,15,16,8,https://feargreedmeter.com/top-100-most-popular-meme-stocks-today
2026-08-03T00:04:38+02:00,SOXL,Direxion Shares ETF Trust - Direxion Daily Semiconductor Bull 3X Share,27,15,17,1,https://feargreedmeter.com/top-100-most-popular-meme-stocks-today
2026-08-03T00:04:38+02:00,PLTR,Palantir,27,14,18,-3,https://feargreedmeter.com/top-100-most-popular-meme-stocks-today
2026-08-03T00:04:38+02:00,GOOG,Alphabet (Google),41,14,19,-5,https://feargreedmeter.com/top-100-most-popular-meme-stocks-today
2026-08-03T00:04:38+02:00,META,Meta Platforms (Facebook),22,13,20,-2,https://feargreedmeter.com/top-100-most-popular-meme-stocks-today
2026-08-03T00:04:38+02:00,VOO,Vanguard S&P 500 ETF,57,13,21,-16,https://feargreedmeter.com/top-100-most-popular-meme-stocks-today
2026-08-03T00:04:38+02:00,IONQ,IonQ,626,12,22,11,https://feargreedmeter.com/top-100-most-popular-meme-stocks-today
2026-08-03T00:04:38+02:00,TSLA,Tesla,90,12,23,-13,https://feargreedmeter.com/top-100-most-popular-meme-stocks-today
2026-08-03T00:04:38+02:00,IT,Gartner,30,11,24,1,https://feargreedmeter.com/top-100-most-popular-meme-stocks-today
2026-08-03T00:04:38+02:00,CAKE,The Cheesecake Factory,31,10,25,9,https://feargreedmeter.com/top-100-most-popular-meme-stocks-today
2026-08-03T00:04:38+02:00,NBIS,Nebius Group,39,9,26,-7,https://feargreedmeter.com/top-100-most-popular-meme-stocks-today
2026-08-03T00:04:38+02:00,RKLB,Rocket Lab USA,12,8,27,-41,https://feargreedmeter.com/top-100-most-popular-meme-stocks-today
2026-08-03T00:04:38+02:00,FTC,First Trust Exchange-Traded Fund III - First Trust Large Capital Growt,41,8,28,7,https://feargreedmeter.com/top-100-most-popular-meme-stocks-today
2026-08-03T00:04:38+02:00,AM,Antero Midstream,363,8,29,1,https://feargreedmeter.com/top-100-most-popular-meme-stocks-today
2026-08-03T00:04:38+02:00,USO,United States Commodity Funds LLC - United States Oil Fund,17,7,30,0,https://feargreedmeter.com/top-100-most-popular-meme-stocks-today
2026-08-03T00:04:38+02:00,IBKR,Interactive Brokers,24,7,31,2,https://feargreedmeter.com/top-100-most-popular-meme-stocks-today
2026-08-03T00:04:38+02:00,IQ,iQIYI,40,7,32,2,https://feargreedmeter.com/top-100-most-popular-meme-stocks-today
2026-08-03T00:04:38+02:00,NOW,ServiceNow,22,7,33,1,https://feargreedmeter.com/top-100-most-popular-meme-stocks-today
2026-08-03T00:04:38+02:00,ES,Eversource Energy,13,7,34,-4,https://feargreedmeter.com/top-100-most-popular-meme-stocks-today
2026-08-03T00:04:38+02:00,GOOGL,Alphabet (Google),21,6,35,-9,https://feargreedmeter.com/top-100-most-popular-meme-stocks-today
2026-08-03T00:04:38+02:00,ASTS,AST SpaceMobile,16,6,36,-20,https://feargreedmeter.com/top-100-most-popular-meme-stocks-today
2026-08-03T00:04:38+02:00,SGOV,iShares Trust - iShares 0-3 Month Treasury Bond ETF,22,6,37,-6,https://feargreedmeter.com/top-100-most-popular-meme-stocks-today
2026-08-03T00:04:38+02:00,CC,Chemours,13,6,38,-3,https://feargreedmeter.com/top-100-most-popular-meme-stocks-today
2026-08-03T00:04:38+02:00,DJT,Trump Media & Technology Group,51,5,39,0,https://feargreedmeter.com/top-100-most-popular-meme-stocks-today
2026-08-03T00:04:38+02:00,GRND,Grindr,3,5,40,4,https://feargreedmeter.com/top-100-most-popular-meme-stocks-today
2026-08-03T00:04:38+02:00,MSTR,MicroStrategy,11,5,41,-2,https://feargreedmeter.com/top-100-most-popular-meme-stocks-today
2026-08-03T00:04:38+02:00,TLT,BlackRock Institutional Trust Company N.A. - BTC iShares 20+ Year Trea,7,5,42,-5,https://feargreedmeter.com/top-100-most-popular-meme-stocks-today
2026-08-03T00:04:38+02:00,BE,Bloom Energy,70,5,43,-4,https://feargreedmeter.com/top-100-most-popular-meme-stocks-today
2026-08-03T00:04:38+02:00,UI,Ubiquiti,8,5,44,2,https://feargreedmeter.com/top-100-most-popular-meme-stocks-today
2026-08-03T00:04:38+02:00,WU,Western Union,6,5,45,-5,https://feargreedmeter.com/top-100-most-popular-meme-stocks-today
2026-08-03T00:04:38+02:00,IP,International Paper,9,5,46,-16,https://feargreedmeter.com/top-100-most-popular-meme-stocks-today
2026-08-03T00:04:38+02:00,ALL,Allstate,62,5,47,1,https://feargreedmeter.com/top-100-most-popular-meme-stocks-today
2026-08-03T00:04:38+02:00,ORCL,Oracle,290,5,48,3,https://feargreedmeter.com/top-100-most-popular-meme-stocks-today
2026-08-03T00:04:38+02:00,FOR,Forestar Group,31,4,49,3,https://feargreedmeter.com/top-100-most-popular-meme-stocks-today
2026-08-03T00:04:38+02:00,AMC,AMC Entertainment,16,4,50,-4,https://feargreedmeter.com/top-100-most-popular-meme-stocks-today
2026-08-03T00:04:38+02:00,GCC,WisdomTree Commodity Services LLC - WisdomTree EnhancedContinuous Comm,164,4,51,2,https://feargreedmeter.com/top-100-most-popular-meme-stocks-today
2026-08-03T00:04:38+02:00,SOXS,Direxion Shares ETF Trust - Direxion Daily Semiconductor Bear 3X Share,8,4,52,-1,https://feargreedmeter.com/top-100-most-popular-meme-stocks-today
2026-08-03T00:04:38+02:00,UAE,BlackRock Institutional Trust Company N.A. - iShares MSCI UAE ETF,25,4,53,0,https://feargreedmeter.com/top-100-most-popular-meme-stocks-today
2026-08-03T00:04:38+02:00,VPN,Global X Funds - Global X Data Center REITs & Digital Infrastructure E,17,4,54,1,https://feargreedmeter.com/top-100-most-popular-meme-stocks-today
2026-08-03T00:04:38+02:00,WEN,Wendy’s Company,10,4,55,-3,https://feargreedmeter.com/top-100-most-popular-meme-stocks-today
2026-08-03T00:04:38+02:00,NFLX,Netflix,10,4,56,-15,https://feargreedmeter.com/top-100-most-popular-meme-stocks-today
2026-08-03T00:04:38+02:00,MA,Mastercard,10,4,57,0,https://feargreedmeter.com/top-100-most-popular-meme-stocks-today
2026-08-03T00:04:38+02:00,OS,OneStream,9,3,58,0,https://feargreedmeter.com/top-100-most-popular-meme-stocks-today
2026-08-03T00:04:38+02:00,GLP,Global Partners LP,6,3,59,-9,https://feargreedmeter.com/top-100-most-popular-meme-stocks-today
2026-08-03T00:04:38+02:00,ARR,ARMOUR Residential REIT,65,3,60,2,https://feargreedmeter.com/top-100-most-popular-meme-stocks-today
2026-08-03T00:04:38+02:00,IREN,Iris Energy,8,3,61,2,https://feargreedmeter.com/top-100-most-popular-meme-stocks-today
2026-08-03T00:04:38+02:00,UP,Wheels Up,32,3,62,0,https://feargreedmeter.com/top-100-most-popular-meme-stocks-today
2026-08-03T00:04:38+02:00,CIA,Citizens Inc,21,3,63,-1,https://feargreedmeter.com/top-100-most-popular-meme-stocks-today
2026-08-03T00:04:38+02:00,FCF,First Commonwealth Financial Corp,7,3,64,-5,https://feargreedmeter.com/top-100-most-popular-meme-stocks-today
2026-08-03T00:04:38+02:00,GME,GameStop,7,3,65,-8,https://feargreedmeter.com/top-100-most-popular-meme-stocks-today
2026-08-03T00:04:38+02:00,TQQQ,ProShares Trust - ProShares UltraPro QQQ,90,3,66,0,https://feargreedmeter.com/top-100-most-popular-meme-stocks-today
2026-08-03T00:04:38+02:00,MAGA,ETF Series Solutions Trust - Point Bridge GOP Stock Tracker ETF,32,3,67,1,https://feargreedmeter.com/top-100-most-popular-meme-stocks-today
2026-08-03T00:04:38+02:00,SOXX,BlackRock Institutional Trust Company N.A. - BTC iShares PHLX Semicond,4,3,68,2,https://feargreedmeter.com/top-100-most-popular-meme-stocks-today
2026-08-03T00:04:38+02:00,ABB,ABB,3,3,69,3,https://feargreedmeter.com/top-100-most-popular-meme-stocks-today
2026-08-03T00:04:38+02:00,ET,Energy Transfer Partners,10,3,70,0,https://feargreedmeter.com/top-100-most-popular-meme-stocks-today
2026-08-03T00:04:38+02:00,OR,Osisko Gold Royalties,25,3,71,2,https://feargreedmeter.com/top-100-most-popular-meme-stocks-today
2026-08-03T00:04:38+02:00,VRT,Vertiv Holdings,605,3,72,2,https://feargreedmeter.com/top-100-most-popular-meme-stocks-today
2026-08-03T00:04:38+02:00,SMCI,Supermicro,5,3,73,2,https://feargreedmeter.com/top-100-most-popular-meme-stocks-today
2026-08-03T00:04:38+02:00,SO,Southern Company,23,3,74,2,https://feargreedmeter.com/top-100-most-popular-meme-stocks-today
2026-08-03T00:04:38+02:00,DOW,Dow,18,3,75,2,https://feargreedmeter.com/top-100-most-popular-meme-stocks-today
2026-08-03T00:04:38+02:00,CBOE,Cboe,19,3,76,2,https://feargreedmeter.com/top-100-most-popular-meme-stocks-today
2026-08-03T00:04:38+02:00,COF,Capital One,163,3,77,3,https://feargreedmeter.com/top-100-most-popular-meme-stocks-today
2026-08-03T00:04:38+02:00,IBM,IBM,2,3,78,0,https://feargreedmeter.com/top-100-most-popular-meme-stocks-today
2026-08-03T00:04:38+02:00,MCD,McDonald,44,3,79,-1,https://feargreedmeter.com/top-100-most-popular-meme-stocks-today
2026-08-03T00:04:38+02:00,OKLO,Oklo,7,2,80,-1,https://feargreedmeter.com/top-100-most-popular-meme-stocks-today
2026-08-03T00:04:38+02:00,DC,Dakota Gold,6,2,81,-4,https://feargreedmeter.com/top-100-most-popular-meme-stocks-today
2026-08-03T00:04:38+02:00,PR,Permian Resources,73,2,82,-2,https://feargreedmeter.com/top-100-most-popular-meme-stocks-today
2026-08-03T00:04:38+02:00,RGTI,Rigetti Computing,6,2,83,1,https://feargreedmeter.com/top-100-most-popular-meme-stocks-today
2026-08-03T00:04:38+02:00,CO,Global Cord Blood,16,2,84,1,https://feargreedmeter.com/top-100-most-popular-meme-stocks-today
2026-08-03T00:04:38+02:00,OG,Onion Global,18,2,85,1,https://feargreedmeter.com/top-100-most-popular-meme-stocks-today
2026-08-03T00:04:38+02:00,AMG,Affiliated Managers Group,4,2,86,2,https://feargreedmeter.com/top-100-most-popular-meme-stocks-today
2026-08-03T00:04:38+02:00,DUOL,Duolingo,6,2,87,1,https://feargreedmeter.com/top-100-most-popular-meme-stocks-today
2026-08-03T00:04:38+02:00,LAC,Lithium Americas,-5,2,88,1,https://feargreedmeter.com/top-100-most-popular-meme-stocks-today
2026-08-03T00:04:38+02:00,HOOD,Robinhood,3,2,89,0,https://feargreedmeter.com/top-100-most-popular-meme-stocks-today
2026-08-03T00:04:38+02:00,AXTI,AXT Inc,4,2,90,0,https://feargreedmeter.com/top-100-most-popular-meme-stocks-today
2026-08-03T00:04:38+02:00,GOAT,VanEck Vectors ETF Trust - VanEck Vectors Morningstar Global Wide Moat,5,2,91,1,https://feargreedmeter.com/top-100-most-popular-meme-stocks-today
2026-08-03T00:04:38+02:00,VGT,"Vanguard Group, Inc. - Vanguard Information Technology ETF",3,2,92,1,https://feargreedmeter.com/top-100-most-popular-meme-stocks-today
2026-08-03T00:04:38+02:00,RSP,Invesco Capital Management LLC - Invesco S&P 500 Equal Weight ETF,4,2,93,-5,https://feargreedmeter.com/top-100-most-popular-meme-stocks-today
2026-08-03T00:04:38+02:00,VTI,Vanguard Total Stock Market ETF,13,2,94,-1,https://feargreedmeter.com/top-100-most-popular-meme-stocks-today
2026-08-03T00:04:38+02:00,KORU,Direxion Shares ETF Trust - Direxion Daily South Korea Bull 3X Shares,4,2,95,1,https://feargreedmeter.com/top-100-most-popular-meme-stocks-today
2026-08-03T00:04:38+02:00,VUG,"Vanguard Group, Inc. - Vanguard Growth ETF",23,2,96,-3,https://feargreedmeter.com/top-100-most-popular-meme-stocks-today
2026-08-03T00:04:38+02:00,III,Information Services Group,27,2,97,1,https://feargreedmeter.com/top-100-most-popular-meme-stocks-today
2026-08-03T00:04:38+02:00,AGI,Alamos Gold,11,2,98,-11,https://feargreedmeter.com/top-100-most-popular-meme-stocks-today
2026-08-03T00:04:38+02:00,BB,BlackBerry,9,2,99,0,https://feargreedmeter.com/top-100-most-popular-meme-stocks-today
2026-08-03T00:04:38+02:00,OI,O-I Glass,10,2,100,1,https://feargreedmeter.com/top-100-most-popular-meme-stocks-today
2026-08-03T01:07:41+02:00,SPY,SPDR S&P 500 ETF Trust,973,108,1,24,https://feargreedmeter.com/top-100-most-popular-meme-stocks-today
2026-08-03T01:07:41+02:00,MU,Micron Technology,973,82,2,2,https://feargreedmeter.com/top-100-most-popular-meme-stocks-today
2026-08-03T01:07:41+02:00,SPCX,SpaceX,169,46,3,-34,https://feargreedmeter.com/top-100-most-popular-meme-stocks-today
2026-08-03T01:07:41+02:00,NVDA,NVIDIA,565,44,4,-7,https://feargreedmeter.com/top-100-most-popular-meme-stocks-today
2026-08-03T01:07:41+02:00,SNDK,Sandisk,281,42,5,11,https://feargreedmeter.com/top-100-most-popular-meme-stocks-today
2026-08-03T01:07:41+02:00,QQQ,Invesco QQQ ETF,143,40,6,3,https://feargreedmeter.com/top-100-most-popular-meme-stocks-today
2026-08-03T01:07:41+02:00,RDDT,Reddit,177,35,7,1,https://feargreedmeter.com/top-100-most-popular-meme-stocks-today
2026-08-03T01:07:41+02:00,MSFT,Microsoft,360,32,8,-16,https://feargreedmeter.com/top-100-most-popular-meme-stocks-today
2026-08-03T01:07:41+02:00,AMD,AMD,462,29,9,-13,https://feargreedmeter.com/top-100-most-popular-meme-stocks-today
2026-08-03T01:07:41+02:00,API,Agora.io,101,26,10,14,https://feargreedmeter.com/top-100-most-popular-meme-stocks-today
2026-08-03T01:07:41+02:00,DTE,DTE Energy,186,26,11,-4,https://feargreedmeter.com/top-100-most-popular-meme-stocks-today
2026-08-03T01:07:41+02:00,AMZN,Amazon,271,25,12,-5,https://feargreedmeter.com/top-100-most-popular-meme-stocks-today
2026-08-03T01:07:41+02:00,RR,Richtech Robotics,115,21,13,15,https://feargreedmeter.com/top-100-most-popular-meme-stocks-today
2026-08-03T01:07:41+02:00,AAPL,Apple,57,19,14,1,https://feargreedmeter.com/top-100-most-popular-meme-stocks-today
2026-08-03T01:07:41+02:00,SOXL,Direxion Shares ETF Trust - Direxion Daily Semiconductor Bull 3X Share,35,18,15,2,https://feargreedmeter.com/top-100-most-popular-meme-stocks-today
2026-08-03T01:07:41+02:00,EU,enCore Energy,28,15,16,3,https://feargreedmeter.com/top-100-most-popular-meme-stocks-today
2026-08-03T01:07:41+02:00,META,Meta Platforms (Facebook),25,15,17,0,https://feargreedmeter.com/top-100-most-popular-meme-stocks-today
2026-08-03T01:07:41+02:00,PLTR,Palantir,27,15,18,0,https://feargreedmeter.com/top-100-most-popular-meme-stocks-today
2026-08-03T01:07:41+02:00,YOU,CLEAR Secure,55,14,19,6,https://feargreedmeter.com/top-100-most-popular-meme-stocks-today
2026-08-03T01:07:41+02:00,VOO,Vanguard S&P 500 ETF,58,14,20,-14,https://feargreedmeter.com/top-100-most-popular-meme-stocks-today
2026-08-03T01:07:41+02:00,GOOG,Alphabet (Google),40,14,21,-4,https://feargreedmeter.com/top-100-most-popular-meme-stocks-today
2026-08-03T01:07:41+02:00,IONQ,IonQ,634,12,22,11,https://feargreedmeter.com/top-100-most-popular-meme-stocks-today
2026-08-03T01:07:41+02:00,IT,Gartner,39,11,23,2,https://feargreedmeter.com/top-100-most-popular-meme-stocks-today
2026-08-03T01:07:41+02:00,RKLB,Rocket Lab USA,13,10,24,-44,https://feargreedmeter.com/top-100-most-popular-meme-stocks-today
2026-08-03T01:07:41+02:00,CAKE,The Cheesecake Factory,31,10,25,9,https://feargreedmeter.com/top-100-most-popular-meme-stocks-today
2026-08-03T01:07:41+02:00,NBIS,Nebius Group,37,9,26,-7,https://feargreedmeter.com/top-100-most-popular-meme-stocks-today
2026-08-03T01:07:41+02:00,TSLA,Tesla,78,9,27,-16,https://feargreedmeter.com/top-100-most-popular-meme-stocks-today
2026-08-03T01:07:41+02:00,FTC,First Trust Exchange-Traded Fund III - First Trust Large Capital Growt,41,8,28,7,https://feargreedmeter.com/top-100-most-popular-meme-stocks-today
2026-08-03T01:07:41+02:00,AM,Antero Midstream,370,8,29,2,https://feargreedmeter.com/top-100-most-popular-meme-stocks-today
2026-08-03T01:07:41+02:00,IBKR,Interactive Brokers,25,8,30,1,https://feargreedmeter.com/top-100-most-popular-meme-stocks-today
2026-08-03T01:07:41+02:00,CC,Chemours,15,8,31,-3,https://feargreedmeter.com/top-100-most-popular-meme-stocks-today
2026-08-03T01:07:41+02:00,IQ,iQIYI,40,7,32,2,https://feargreedmeter.com/top-100-most-popular-meme-stocks-today
2026-08-03T01:07:41+02:00,NOW,ServiceNow,24,7,33,3,https://feargreedmeter.com/top-100-most-popular-meme-stocks-today
2026-08-03T01:07:41+02:00,DJT,Trump Media & Technology Group,55,6,34,1,https://feargreedmeter.com/top-100-most-popular-meme-stocks-today
2026-08-03T01:07:41+02:00,GOOGL,Alphabet (Google),21,6,35,-8,https://feargreedmeter.com/top-100-most-popular-meme-stocks-today
2026-08-03T01:07:41+02:00,ASTS,AST SpaceMobile,16,6,36,-18,https://feargreedmeter.com/top-100-most-popular-meme-stocks-today
2026-08-03T01:07:41+02:00,SGOV,iShares Trust - iShares 0-3 Month Treasury Bond ETF,26,6,37,-3,https://feargreedmeter.com/top-100-most-popular-meme-stocks-today
2026-08-03T01:07:41+02:00,USO,United States Commodity Funds LLC - United States Oil Fund,16,6,38,4,https://feargreedmeter.com/top-100-most-popular-meme-stocks-today
2026-08-03T01:07:41+02:00,BE,Bloom Energy,75,6,39,0,https://feargreedmeter.com/top-100-most-popular-meme-stocks-today
2026-08-03T01:07:41+02:00,WTI,W&T Offshore,32,6,40,4,https://feargreedmeter.com/top-100-most-popular-meme-stocks-today
2026-08-03T01:07:41+02:00,ES,Eversource Energy,12,6,41,-6,https://feargreedmeter.com/top-100-most-popular-meme-stocks-today
2026-08-03T01:07:41+02:00,ORCL,Oracle,297,6,42,4,https://feargreedmeter.com/top-100-most-popular-meme-stocks-today
2026-08-03T01:07:41+02:00,GRND,Grindr,3,5,43,4,https://feargreedmeter.com/top-100-most-popular-meme-stocks-today
2026-08-03T01:07:41+02:00,MSTR,MicroStrategy,11,5,44,-1,https://feargreedmeter.com/top-100-most-popular-meme-stocks-today
2026-08-03T01:07:41+02:00,TLT,BlackRock Institutional Trust Company N.A. - BTC iShares 20+ Year Trea,7,5,45,-4,https://feargreedmeter.com/top-100-most-popular-meme-stocks-today
2026-08-03T01:07:41+02:00,WU,Western Union,6,5,46,-6,https://feargreedmeter.com/top-100-most-popular-meme-stocks-today
2026-08-03T01:07:41+02:00,DOW,Dow,20,5,47,4,https://feargreedmeter.com/top-100-most-popular-meme-stocks-today
2026-08-03T01:07:41+02:00,NFLX,Netflix,11,5,48,-14,https://feargreedmeter.com/top-100-most-popular-meme-stocks-today
2026-08-03T01:07:41+02:00,MA,Mastercard,9,5,49,0,https://feargreedmeter.com/top-100-most-popular-meme-stocks-today
2026-08-03T01:07:41+02:00,IREN,Iris Energy,18,4,50,3,https://feargreedmeter.com/top-100-most-popular-meme-stocks-today
2026-08-03T01:07:41+02:00,FOR,Forestar Group,31,4,51,3,https://feargreedmeter.com/top-100-most-popular-meme-stocks-today
2026-08-03T01:07:41+02:00,GCC,WisdomTree Commodity Services LLC - WisdomTree EnhancedContinuous Comm,164,4,52,2,https://feargreedmeter.com/top-100-most-popular-meme-stocks-today
2026-08-03T01:07:41+02:00,SOXS,Direxion Shares ETF Trust - Direxion Daily Semiconductor Bear 3X Share,8,4,53,-2,https://feargreedmeter.com/top-100-most-popular-meme-stocks-today
2026-08-03T01:07:41+02:00,UAE,BlackRock Institutional Trust Company N.A. - iShares MSCI UAE ETF,25,4,54,1,https://feargreedmeter.com/top-100-most-popular-meme-stocks-today
2026-08-03T01:07:41+02:00,ET,Energy Transfer Partners,10,4,55,1,https://feargreedmeter.com/top-100-most-popular-meme-stocks-today
2026-08-03T01:07:41+02:00,OR,Osisko Gold Royalties,30,4,56,2,https://feargreedmeter.com/top-100-most-popular-meme-stocks-today
2026-08-03T01:07:41+02:00,UI,Ubiquiti,6,4,57,0,https://feargreedmeter.com/top-100-most-popular-meme-stocks-today
2026-08-03T01:07:41+02:00,SMCI,Supermicro,6,4,58,3,https://feargreedmeter.com/top-100-most-popular-meme-stocks-today
2026-08-03T01:07:41+02:00,WEN,Wendy’s Company,8,4,59,-3,https://feargreedmeter.com/top-100-most-popular-meme-stocks-today
2026-08-03T01:07:41+02:00,IP,International Paper,9,4,60,-19,https://feargreedmeter.com/top-100-most-popular-meme-stocks-today
2026-08-03T01:07:41+02:00,ALL,Allstate,42,4,61,0,https://feargreedmeter.com/top-100-most-popular-meme-stocks-today
2026-08-03T01:07:41+02:00,OS,OneStream,9,3,62,-1,https://feargreedmeter.com/top-100-most-popular-meme-stocks-today
2026-08-03T01:07:41+02:00,DC,Dakota Gold,16,3,63,-4,https://feargreedmeter.com/top-100-most-popular-meme-stocks-today
2026-08-03T01:07:41+02:00,GLP,Global Partners LP,7,3,64,-10,https://feargreedmeter.com/top-100-most-popular-meme-stocks-today
2026-08-03T01:07:41+02:00,ARR,ARMOUR Residential REIT,63,3,65,2,https://feargreedmeter.com/top-100-most-popular-meme-stocks-today
2026-08-03T01:07:41+02:00,UP,Wheels Up,31,3,66,0,https://feargreedmeter.com/top-100-most-popular-meme-stocks-today
2026-08-03T01:07:41+02:00,HOOD,Robinhood,4,3,67,1,https://feargreedmeter.com/top-100-most-popular-meme-stocks-today
2026-08-03T01:07:41+02:00,CIA,Citizens Inc,21,3,68,-1,https://feargreedmeter.com/top-100-most-popular-meme-stocks-today
2026-08-03T01:07:41+02:00,AMC,AMC Entertainment,14,3,69,-5,https://feargreedmeter.com/top-100-most-popular-meme-stocks-today
2026-08-03T01:07:41+02:00,GME,GameStop,7,3,70,-8,https://feargreedmeter.com/top-100-most-popular-meme-stocks-today
2026-08-03T01:07:41+02:00,TQQQ,ProShares Trust - ProShares UltraPro QQQ,95,3,71,-1,https://feargreedmeter.com/top-100-most-popular-meme-stocks-today
2026-08-03T01:07:41+02:00,MAGA,ETF Series Solutions Trust - Point Bridge GOP Stock Tracker ETF,33,3,72,1,https://feargreedmeter.com/top-100-most-popular-meme-stocks-today
2026-08-03T01:07:41+02:00,SOXX,BlackRock Institutional Trust Company N.A. - BTC iShares PHLX Semicond,4,3,73,2,https://feargreedmeter.com/top-100-most-popular-meme-stocks-today
2026-08-03T01:07:41+02:00,VPN,Global X Funds - Global X Data Center REITs & Digital Infrastructure E,5,3,74,0,https://feargreedmeter.com/top-100-most-popular-meme-stocks-today
2026-08-03T01:07:41+02:00,ABB,ABB,3,3,75,3,https://feargreedmeter.com/top-100-most-popular-meme-stocks-today
2026-08-03T01:07:41+02:00,VRT,Vertiv Holdings,613,3,76,2,https://feargreedmeter.com/top-100-most-popular-meme-stocks-today
2026-08-03T01:07:41+02:00,JPM,JPMorgan Chase,150,3,77,-10,https://feargreedmeter.com/top-100-most-popular-meme-stocks-today
2026-08-03T01:07:41+02:00,GL,Globe Life,6,3,78,1,https://feargreedmeter.com/top-100-most-popular-meme-stocks-today
2026-08-03T01:07:41+02:00,CBOE,Cboe,19,3,79,2,https://feargreedmeter.com/top-100-most-popular-meme-stocks-today
2026-08-03T01:07:41+02:00,COF,Capital One,163,3,80,3,https://feargreedmeter.com/top-100-most-popular-meme-stocks-today
2026-08-03T01:07:41+02:00,IBM,IBM,2,3,81,0,https://feargreedmeter.com/top-100-most-popular-meme-stocks-today
2026-08-03T01:07:41+02:00,OKLO,Oklo,7,2,82,0,https://feargreedmeter.com/top-100-most-popular-meme-stocks-today
2026-08-03T01:07:41+02:00,PR,Permian Resources,72,2,83,-2,https://feargreedmeter.com/top-100-most-popular-meme-stocks-today
2026-08-03T01:07:41+02:00,RGTI,Rigetti Computing,6,2,84,1,https://feargreedmeter.com/top-100-most-popular-meme-stocks-today
2026-08-03T01:07:41+02:00,CO,Global Cord Blood,14,2,85,1,https://feargreedmeter.com/top-100-most-popular-meme-stocks-today
2026-08-03T01:07:41+02:00,OG,Onion Global,21,2,86,1,https://feargreedmeter.com/top-100-most-popular-meme-stocks-today
2026-08-03T01:07:41+02:00,AMG,Affiliated Managers Group,4,2,87,2,https://feargreedmeter.com/top-100-most-popular-meme-stocks-today
2026-08-03T01:07:41+02:00,DUOL,Duolingo,6,2,88,1,https://feargreedmeter.com/top-100-most-popular-meme-stocks-today
2026-08-03T01:07:41+02:00,LAC,Lithium Americas,-6,2,89,1,https://feargreedmeter.com/top-100-most-popular-meme-stocks-today
2026-08-03T01:07:41+02:00,OPEN,Opendoor,6,2,90,1,https://feargreedmeter.com/top-100-most-popular-meme-stocks-today
2026-08-03T01:07:41+02:00,AXTI,AXT Inc,4,2,91,1,https://feargreedmeter.com/top-100-most-popular-meme-stocks-today
2026-08-03T01:07:41+02:00,FCF,First Commonwealth Financial Corp,4,2,92,-5,https://feargreedmeter.com/top-100-most-popular-meme-stocks-today
2026-08-03T01:07:41+02:00,GOAT,VanEck Vectors ETF Trust - VanEck Vectors Morningstar Global Wide Moat,5,2,93,1,https://feargreedmeter.com/top-100-most-popular-meme-stocks-today
2026-08-03T01:07:41+02:00,VGT,"Vanguard Group, Inc. - Vanguard Information Technology ETF",3,2,94,1,https://feargreedmeter.com/top-100-most-popular-meme-stocks-today
2026-08-03T01:07:41+02:00,RSP,Invesco Capital Management LLC - Invesco S&P 500 Equal Weight ETF,4,2,95,-5,https://feargreedmeter.com/top-100-most-popular-meme-stocks-today
2026-08-03T01:07:41+02:00,VTI,Vanguard Total Stock Market ETF,13,2,96,0,https://feargreedmeter.com/top-100-most-popular-meme-stocks-today
2026-08-03T01:07:41+02:00,IG,Principal Exchange-Traded Funds - Principal Investment Grade Corporate,5,2,97,1,https://feargreedmeter.com/top-100-most-popular-meme-stocks-today
2026-08-03T01:07:41+02:00,KORU,Direxion Shares ETF Trust - Direxion Daily South Korea Bull 3X Shares,4,2,98,1,https://feargreedmeter.com/top-100-most-popular-meme-stocks-today
2026-08-03T01:07:41+02:00,VUG,"Vanguard Group, Inc. - Vanguard Growth ETF",23,2,99,-3,https://feargreedmeter.com/top-100-most-popular-meme-stocks-today
2026-08-03T01:07:41+02:00,III,Information Services Group,26,2,100,1,https://feargreedmeter.com/top-100-most-popular-meme-stocks-today
2026-08-03T02:11:10+02:00,SPY,SPDR S&P 500 ETF Trust,1038,107,1,36,https://feargreedmeter.com/top-100-most-popular-meme-stocks-today
2026-08-03T02:11:10+02:00,MU,Micron Technology,394,89,2,11,https://feargreedmeter.com/top-100-most-popular-meme-stocks-today
2026-08-03T02:11:10+02:00,SPCX,SpaceX,192,49,3,-23,https://feargreedmeter.com/top-100-most-popular-meme-stocks-today
2026-08-03T02:11:10+02:00,SNDK,Sandisk,301,47,4,18,https://feargreedmeter.com/top-100-most-popular-meme-stocks-today
2026-08-03T02:11:10+02:00,QQQ,Invesco QQQ ETF,145,40,5,4,https://feargreedmeter.com/top-100-most-popular-meme-stocks-today
2026-08-03T02:11:10+02:00,NVDA,NVIDIA,579,40,6,-6,https://feargreedmeter.com/top-100-most-popular-meme-stocks-today
2026-08-03T02:11:10+02:00,RDDT,Reddit,198,36,7,3,https://feargreedmeter.com/top-100-most-popular-meme-stocks-today
2026-08-03T02:11:10+02:00,AMD,AMD,557,33,8,-5,https://feargreedmeter.com/top-100-most-popular-meme-stocks-today
2026-08-03T02:11:10+02:00,MSFT,Microsoft,372,32,9,-13,https://feargreedmeter.com/top-100-most-popular-meme-stocks-today
2026-08-03T02:11:10+02:00,DTE,DTE Energy,190,27,10,-8,https://feargreedmeter.com/top-100-most-popular-meme-stocks-today
2026-08-03T02:11:10+02:00,API,Agora.io,96,25,11,13,https://feargreedmeter.com/top-100-most-popular-meme-stocks-today
2026-08-03T02:11:10+02:00,RR,Richtech Robotics,112,23,12,18,https://feargreedmeter.com/top-100-most-popular-meme-stocks-today
2026-08-03T02:11:10+02:00,SOXL,Direxion Shares ETF Trust - Direxion Daily Semiconductor Bull 3X Share,48,22,13,5,https://feargreedmeter.com/top-100-most-popular-meme-stocks-today
2026-08-03T02:11:10+02:00,AMZN,Amazon,271,22,14,-8,https://feargreedmeter.com/top-100-most-popular-meme-stocks-today
2026-08-03T02:11:10+02:00,AAPL,Apple,54,19,15,2,https://feargreedmeter.com/top-100-most-popular-meme-stocks-today
2026-08-03T02:11:10+02:00,VOO,Vanguard S&P 500 ETF,95,18,16,-9,https://feargreedmeter.com/top-100-most-popular-meme-stocks-today
2026-08-03T02:11:10+02:00,EU,enCore Energy,28,15,17,3,https://feargreedmeter.com/top-100-most-popular-meme-stocks-today
2026-08-03T02:11:10+02:00,META,Meta Platforms (Facebook),24,15,18,1,https://feargreedmeter.com/top-100-most-popular-meme-stocks-today
2026-08-03T02:11:10+02:00,YOU,CLEAR Secure,46,13,19,4,https://feargreedmeter.com/top-100-most-popular-meme-stocks-today
2026-08-03T02:11:10+02:00,PLTR,Palantir,28,13,20,-3,https://feargreedmeter.com/top-100-most-popular-meme-stocks-today
2026-08-03T02:11:10+02:00,GOOG,Alphabet (Google),37,12,21,-6,https://feargreedmeter.com/top-100-most-popular-meme-stocks-today
2026-08-03T02:11:10+02:00,RKLB,Rocket Lab USA,15,10,22,-44,https://feargreedmeter.com/top-100-most-popular-meme-stocks-today
2026-08-03T02:11:10+02:00,IP,International Paper,39,10,23,-13,https://feargreedmeter.com/top-100-most-popular-meme-stocks-today
2026-08-03T02:11:10+02:00,TSLA,Tesla,82,10,24,-11,https://feargreedmeter.com/top-100-most-popular-meme-stocks-today
2026-08-03T02:11:10+02:00,NBIS,Nebius Group,39,9,25,-7,https://feargreedmeter.com/top-100-most-popular-meme-stocks-today
2026-08-03T02:11:10+02:00,IONQ,IonQ,27,9,26,8,https://feargreedmeter.com/top-100-most-popular-meme-stocks-today
2026-08-03T02:11:10+02:00,IT,Gartner,36,9,27,-1,https://feargreedmeter.com/top-100-most-popular-meme-stocks-today
2026-08-03T02:11:10+02:00,FTC,First Trust Exchange-Traded Fund III - First Trust Large Capital Growt,45,8,28,7,https://feargreedmeter.com/top-100-most-popular-meme-stocks-today
2026-08-03T02:11:10+02:00,IBKR,Interactive Brokers,26,8,29,2,https://feargreedmeter.com/top-100-most-popular-meme-stocks-today
2026-08-03T02:11:10+02:00,CC,Chemours,15,8,30,-3,https://feargreedmeter.com/top-100-most-popular-meme-stocks-today
2026-08-03T02:11:10+02:00,CAKE,The Cheesecake Factory,12,7,31,4,https://feargreedmeter.com/top-100-most-popular-meme-stocks-today
2026-08-03T02:11:10+02:00,SGOV,iShares Trust - iShares 0-3 Month Treasury Bond ETF,37,7,32,-2,https://feargreedmeter.com/top-100-most-popular-meme-stocks-today
2026-08-03T02:11:10+02:00,AM,Antero Midstream,370,7,33,3,https://feargreedmeter.com/top-100-most-popular-meme-stocks-today
2026-08-03T02:11:10+02:00,BE,Bloom Energy,73,7,34,2,https://feargreedmeter.com/top-100-most-popular-meme-stocks-today
2026-08-03T02:11:10+02:00,IQ,iQIYI,42,7,35,2,https://feargreedmeter.com/top-100-most-popular-meme-stocks-today
2026-08-03T02:11:10+02:00,NOW,ServiceNow,25,7,36,4,https://feargreedmeter.com/top-100-most-popular-meme-stocks-today
2026-08-03T02:11:10+02:00,GOOGL,Alphabet (Google),20,6,37,-6,https://feargreedmeter.com/top-100-most-popular-meme-stocks-today
2026-08-03T02:11:10+02:00,ASTS,AST SpaceMobile,15,6,38,-16,https://feargreedmeter.com/top-100-most-popular-meme-stocks-today
2026-08-03T02:11:10+02:00,USO,United States Commodity Funds LLC - United States Oil Fund,17,6,39,4,https://feargreedmeter.com/top-100-most-popular-meme-stocks-today
2026-08-03T02:11:10+02:00,WTI,W&T Offshore,33,6,40,4,https://feargreedmeter.com/top-100-most-popular-meme-stocks-today
2026-08-03T02:11:10+02:00,WEN,Wendy’s Company,22,6,41,-2,https://feargreedmeter.com/top-100-most-popular-meme-stocks-today
2026-08-03T02:11:10+02:00,ES,Eversource Energy,12,6,42,-6,https://feargreedmeter.com/top-100-most-popular-meme-stocks-today
2026-08-03T02:11:10+02:00,ORCL,Oracle,311,6,43,4,https://feargreedmeter.com/top-100-most-popular-meme-stocks-today
2026-08-03T02:11:10+02:00,DJT,Trump Media & Technology Group,55,5,44,0,https://feargreedmeter.com/top-100-most-popular-meme-stocks-today
2026-08-03T02:11:10+02:00,GRND,Grindr,3,5,45,4,https://feargreedmeter.com/top-100-most-popular-meme-stocks-today
2026-08-03T02:11:10+02:00,MSTR,MicroStrategy,11,5,46,-1,https://feargreedmeter.com/top-100-most-popular-meme-stocks-today
2026-08-03T02:11:10+02:00,SOXS,Direxion Shares ETF Trust - Direxion Daily Semiconductor Bear 3X Share,9,5,47,-1,https://feargreedmeter.com/top-100-most-popular-meme-stocks-today
2026-08-03T02:11:10+02:00,TLT,BlackRock Institutional Trust Company N.A. - BTC iShares 20+ Year Trea,7,5,48,-4,https://feargreedmeter.com/top-100-most-popular-meme-stocks-today
2026-08-03T02:11:10+02:00,UAE,BlackRock Institutional Trust Company N.A. - iShares MSCI UAE ETF,32,5,49,3,https://feargreedmeter.com/top-100-most-popular-meme-stocks-today
2026-08-03T02:11:10+02:00,OR,Osisko Gold Royalties,28,5,50,4,https://feargreedmeter.com/top-100-most-popular-meme-stocks-today
2026-08-03T02:11:10+02:00,WU,Western Union,6,5,51,-6,https://feargreedmeter.com/top-100-most-popular-meme-stocks-today
2026-08-03T02:11:10+02:00,DOW,Dow,20,5,52,4,https://feargreedmeter.com/top-100-most-popular-meme-stocks-today
2026-08-03T02:11:10+02:00,MA,Mastercard,11,5,53,1,https://feargreedmeter.com/top-100-most-popular-meme-stocks-today
2026-08-03T02:11:10+02:00,CD,Chindata,12,4,54,1,https://feargreedmeter.com/top-100-most-popular-meme-stocks-today
2026-08-03T02:11:10+02:00,IREN,Iris Energy,16,4,55,3,https://feargreedmeter.com/top-100-most-popular-meme-stocks-today
2026-08-03T02:11:10+02:00,FOR,Forestar Group,31,4,56,3,https://feargreedmeter.com/top-100-most-popular-meme-stocks-today
2026-08-03T02:11:10+02:00,MAGA,ETF Series Solutions Trust - Point Bridge GOP Stock Tracker ETF,36,4,57,2,https://feargreedmeter.com/top-100-most-popular-meme-stocks-today
2026-08-03T02:11:10+02:00,ET,Energy Transfer Partners,11,4,58,1,https://feargreedmeter.com/top-100-most-popular-meme-stocks-today
2026-08-03T02:11:10+02:00,UI,Ubiquiti,6,4,59,0,https://feargreedmeter.com/top-100-most-popular-meme-stocks-today
2026-08-03T02:11:10+02:00,SMCI,Supermicro,6,4,60,3,https://feargreedmeter.com/top-100-most-popular-meme-stocks-today
2026-08-03T02:11:10+02:00,ALL,Allstate,46,4,61,-1,https://feargreedmeter.com/top-100-most-popular-meme-stocks-today
2026-08-03T02:11:10+02:00,NFLX,Netflix,10,4,62,-15,https://feargreedmeter.com/top-100-most-popular-meme-stocks-today
2026-08-03T02:11:10+02:00,DC,Dakota Gold,14,3,63,-4,https://feargreedmeter.com/top-100-most-popular-meme-stocks-today
2026-08-03T02:11:10+02:00,PR,Permian Resources,73,3,64,-1,https://feargreedmeter.com/top-100-most-popular-meme-stocks-today
2026-08-03T02:11:10+02:00,GLP,Global Partners LP,7,3,65,-10,https://feargreedmeter.com/top-100-most-popular-meme-stocks-today
2026-08-03T02:11:10+02:00,ARR,ARMOUR Residential REIT,60,3,66,2,https://feargreedmeter.com/top-100-most-popular-meme-stocks-today
2026-08-03T02:11:10+02:00,UP,Wheels Up,31,3,67,0,https://feargreedmeter.com/top-100-most-popular-meme-stocks-today
2026-08-03T02:11:10+02:00,HOOD,Robinhood,5,3,68,2,https://feargreedmeter.com/top-100-most-popular-meme-stocks-today
2026-08-03T02:11:10+02:00,CIA,Citizens Inc,21,3,69,-1,https://feargreedmeter.com/top-100-most-popular-meme-stocks-today
2026-08-03T02:11:10+02:00,OPEN,Opendoor,10,3,70,2,https://feargreedmeter.com/top-100-most-popular-meme-stocks-today
2026-08-03T02:11:10+02:00,GCC,WisdomTree Commodity Services LLC - WisdomTree EnhancedContinuous Comm,165,3,71,0,https://feargreedmeter.com/top-100-most-popular-meme-stocks-today
2026-08-03T02:11:10+02:00,TQQQ,ProShares Trust - ProShares UltraPro QQQ,95,3,72,0,https://feargreedmeter.com/top-100-most-popular-meme-stocks-today
2026-08-03T02:11:10+02:00,VTI,Vanguard Total Stock Market ETF,13,3,73,2,https://feargreedmeter.com/top-100-most-popular-meme-stocks-today
2026-08-03T02:11:10+02:00,UCO,ProShares Trust - ProShares Ultra Bloomberg Crude Oil,6,3,74,3,https://feargreedmeter.com/top-100-most-popular-meme-stocks-today
2026-08-03T02:11:10+02:00,ABB,ABB,3,3,75,3,https://feargreedmeter.com/top-100-most-popular-meme-stocks-today
2026-08-03T02:11:10+02:00,GL,Globe Life,6,3,76,0,https://feargreedmeter.com/top-100-most-popular-meme-stocks-today
2026-08-03T02:11:10+02:00,IBM,IBM,2,3,77,1,https://feargreedmeter.com/top-100-most-popular-meme-stocks-today
2026-08-03T02:11:10+02:00,OS,OneStream,5,2,78,-2,https://feargreedmeter.com/top-100-most-popular-meme-stocks-today
2026-08-03T02:11:10+02:00,OKLO,Oklo,7,2,79,1,https://feargreedmeter.com/top-100-most-popular-meme-stocks-today
2026-08-03T02:11:10+02:00,RGTI,Rigetti Computing,6,2,80,1,https://feargreedmeter.com/top-100-most-popular-meme-stocks-today
2026-08-03T02:11:10+02:00,TIL,Instil Bio,15,2,81,-1,https://feargreedmeter.com/top-100-most-popular-meme-stocks-today
2026-08-03T02:11:10+02:00,CO,Global Cord Blood,15,2,82,1,https://feargreedmeter.com/top-100-most-popular-meme-stocks-today
2026-08-03T02:11:10+02:00,OG,Onion Global,23,2,83,1,https://feargreedmeter.com/top-100-most-popular-meme-stocks-today
2026-08-03T02:11:10+02:00,AMG,Affiliated Managers Group,4,2,84,2,https://feargreedmeter.com/top-100-most-popular-meme-stocks-today
2026-08-03T02:11:10+02:00,DUOL,Duolingo,6,2,85,1,https://feargreedmeter.com/top-100-most-popular-meme-stocks-today
2026-08-03T02:11:10+02:00,AXTI,AXT Inc,4,2,86,1,https://feargreedmeter.com/top-100-most-popular-meme-stocks-today
2026-08-03T02:11:10+02:00,FCF,First Commonwealth Financial Corp,4,2,87,-6,https://feargreedmeter.com/top-100-most-popular-meme-stocks-today
2026-08-03T02:11:10+02:00,GOAT,VanEck Vectors ETF Trust - VanEck Vectors Morningstar Global Wide Moat,5,2,88,1,https://feargreedmeter.com/top-100-most-popular-meme-stocks-today
2026-08-03T02:11:10+02:00,VGT,"Vanguard Group, Inc. - Vanguard Information Technology ETF",3,2,89,1,https://feargreedmeter.com/top-100-most-popular-meme-stocks-today
2026-08-03T02:11:10+02:00,RSP,Invesco Capital Management LLC - Invesco S&P 500 Equal Weight ETF,4,2,90,-5,https://feargreedmeter.com/top-100-most-popular-meme-stocks-today
2026-08-03T02:11:10+02:00,SMB,VanEck Vectors ETF Trust - VanEck Vectors Short Muni ETF,13,2,91,1,https://feargreedmeter.com/top-100-most-popular-meme-stocks-today
2026-08-03T02:11:10+02:00,VT,"Vanguard Group, Inc. - Vanguard Total World Stock ETF",11,2,92,1,https://feargreedmeter.com/top-100-most-popular-meme-stocks-today
2026-08-03T02:11:10+02:00,SOXX,BlackRock Institutional Trust Company N.A. - BTC iShares PHLX Semicond,2,2,93,1,https://feargreedmeter.com/top-100-most-popular-meme-stocks-today
2026-08-03T02:11:10+02:00,KORU,Direxion Shares ETF Trust - Direxion Daily South Korea Bull 3X Shares,4,2,94,1,https://feargreedmeter.com/top-100-most-popular-meme-stocks-today
2026-08-03T02:11:10+02:00,VPN,Global X Funds - Global X Data Center REITs & Digital Infrastructure E,3,2,95,-2,https://feargreedmeter.com/top-100-most-popular-meme-stocks-today
2026-08-03T02:11:10+02:00,VUG,"Vanguard Group, Inc. - Vanguard Growth ETF",22,2,96,-2,https://feargreedmeter.com/top-100-most-popular-meme-stocks-today
2026-08-03T02:11:10+02:00,III,Information Services Group,34,2,97,1,https://feargreedmeter.com/top-100-most-popular-meme-stocks-today
2026-08-03T02:11:10+02:00,AGI,Alamos Gold,11,2,98,-11,https://feargreedmeter.com/top-100-most-popular-meme-stocks-today
2026-08-03T02:11:10+02:00,BB,BlackBerry,9,2,99,0,https://feargreedmeter.com/top-100-most-popular-meme-stocks-today
2026-08-03T02:11:10+02:00,SE,Sea (Garena),6,2,100,1,https://feargreedmeter.com/top-100-most-popular-meme-stocks-today
2026-08-03T05:56:01+02:00,SPY,SPDR S&P 500 ETF Trust,427,117,1,50,https://feargreedmeter.com/top-100-most-popular-meme-stocks-today
2026-08-03T05:56:01+02:00,MU,Micron Technology,458,112,2,38,https://feargreedmeter.com/top-100-most-popular-meme-stocks-today
2026-08-03T05:56:01+02:00,SNDK,Sandisk,187,57,3,31,https://feargreedmeter.com/top-100-most-popular-meme-stocks-today
2026-08-03T05:56:01+02:00,RDDT,Reddit,262,52,4,25,https://feargreedmeter.com/top-100-most-popular-meme-stocks-today
2026-08-03T05:56:01+02:00,SPCX,SpaceX,207,52,5,-13,https://feargreedmeter.com/top-100-most-popular-meme-stocks-today
2026-08-03T05:56:01+02:00,NVDA,NVIDIA,418,50,6,14,https://feargreedmeter.com/top-100-most-popular-meme-stocks-today
2026-08-03T05:56:01+02:00,AMD,AMD,620,42,7,6,https://feargreedmeter.com/top-100-most-popular-meme-stocks-today
2026-08-03T05:56:01+02:00,QQQ,Invesco QQQ ETF,108,41,8,15,https://feargreedmeter.com/top-100-most-popular-meme-stocks-today
2026-08-03T05:56:01+02:00,MSFT,Microsoft,426,41,9,-1,https://feargreedmeter.com/top-100-most-popular-meme-stocks-today
2026-08-03T05:56:01+02:00,SOXL,Direxion Shares ETF Trust - Direxion Daily Semiconductor Bull 3X Share,79,35,10,18,https://feargreedmeter.com/top-100-most-popular-meme-stocks-today
2026-08-03T05:56:01+02:00,DTE,DTE Energy,220,32,11,-6,https://feargreedmeter.com/top-100-most-popular-meme-stocks-today
2026-08-03T05:56:01+02:00,AMZN,Amazon,315,31,12,1,https://feargreedmeter.com/top-100-most-popular-meme-stocks-today
2026-08-03T05:56:01+02:00,API,Agora.io,118,28,13,9,https://feargreedmeter.com/top-100-most-popular-meme-stocks-today
2026-08-03T05:56:01+02:00,META,Meta Platforms (Facebook),63,27,14,13,https://feargreedmeter.com/top-100-most-popular-meme-stocks-today
2026-08-03T05:56:01+02:00,AAPL,Apple,87,25,15,10,https://feargreedmeter.com/top-100-most-popular-meme-stocks-today
2026-08-03T05:56:01+02:00,RR,Richtech Robotics,122,22,16,16,https://feargreedmeter.com/top-100-most-popular-meme-stocks-today
2026-08-03T05:56:01+02:00,VOO,Vanguard S&P 500 ETF,111,21,17,-1,https://feargreedmeter.com/top-100-most-popular-meme-stocks-today
2026-08-03T05:56:01+02:00,GOOG,Alphabet (Google),62,19,18,3,https://feargreedmeter.com/top-100-most-popular-meme-stocks-today
2026-08-03T05:56:01+02:00,NBIS,Nebius Group,56,16,19,2,https://feargreedmeter.com/top-100-most-popular-meme-stocks-today
2026-08-03T05:56:01+02:00,PLTR,Palantir,36,15,20,-1,https://feargreedmeter.com/top-100-most-popular-meme-stocks-today
2026-08-03T05:56:01+02:00,IP,International Paper,78,15,21,-5,https://feargreedmeter.com/top-100-most-popular-meme-stocks-today
2026-08-03T05:56:01+02:00,EU,enCore Energy,24,14,22,2,https://feargreedmeter.com/top-100-most-popular-meme-stocks-today
2026-08-03T05:56:01+02:00,YOU,CLEAR Secure,47,14,23,5,https://feargreedmeter.com/top-100-most-popular-meme-stocks-today
2026-08-03T05:56:01+02:00,GOOGL,Alphabet (Google),33,11,24,3,https://feargreedmeter.com/top-100-most-popular-meme-stocks-today
2026-08-03T05:56:01+02:00,USO,United States Commodity Funds LLC - United States Oil Fund,31,11,25,9,https://feargreedmeter.com/top-100-most-popular-meme-stocks-today
2026-08-03T05:56:01+02:00,SOXX,BlackRock Institutional Trust Company N.A. - BTC iShares PHLX Semicond,12,9,26,8,https://feargreedmeter.com/top-100-most-popular-meme-stocks-today
2026-08-03T05:56:01+02:00,IT,Gartner,37,9,27,-3,https://feargreedmeter.com/top-100-most-popular-meme-stocks-today
2026-08-03T05:56:01+02:00,IONQ,IonQ,9,8,28,1,https://feargreedmeter.com/top-100-most-popular-meme-stocks-today
2026-08-03T05:56:01+02:00,SGOV,iShares Trust - iShares 0-3 Month Treasury Bond ETF,35,8,29,1,https://feargreedmeter.com/top-100-most-popular-meme-stocks-today
2026-08-03T05:56:01+02:00,CC,Chemours,9,8,30,-5,https://feargreedmeter.com/top-100-most-popular-meme-stocks-today
2026-08-03T05:56:01+02:00,TSLA,Tesla,86,8,31,-9,https://feargreedmeter.com/top-100-most-popular-meme-stocks-today
2026-08-03T05:56:01+02:00,AAOI,Applied Optoelectronics,161,7,32,0,https://feargreedmeter.com/top-100-most-popular-meme-stocks-today
2026-08-03T05:56:01+02:00,SOXS,Direxion Shares ETF Trust - Direxion Daily Semiconductor Bear 3X Share,10,7,33,1,https://feargreedmeter.com/top-100-most-popular-meme-stocks-today
2026-08-03T05:56:01+02:00,IQ,iQIYI,44,7,34,3,https://feargreedmeter.com/top-100-most-popular-meme-stocks-today
2026-08-03T05:56:01+02:00,ES,Eversource Energy,13,7,35,-1,https://feargreedmeter.com/top-100-most-popular-meme-stocks-today
2026-08-03T05:56:01+02:00,RKLB,Rocket Lab USA,8,6,36,-50,https://feargreedmeter.com/top-100-most-popular-meme-stocks-today
2026-08-03T05:56:01+02:00,OPEN,Opendoor,14,6,37,6,https://feargreedmeter.com/top-100-most-popular-meme-stocks-today
2026-08-03T05:56:01+02:00,TQQQ,ProShares Trust - ProShares UltraPro QQQ,102,6,38,4,https://feargreedmeter.com/top-100-most-popular-meme-stocks-today
2026-08-03T05:56:01+02:00,BE,Bloom Energy,88,6,39,1,https://feargreedmeter.com/top-100-most-popular-meme-stocks-today
2026-08-03T05:56:01+02:00,WEN,Wendy’s Company,25,6,40,1,https://feargreedmeter.com/top-100-most-popular-meme-stocks-today
2026-08-03T05:56:01+02:00,NOW,ServiceNow,22,6,41,3,https://feargreedmeter.com/top-100-most-popular-meme-stocks-today
2026-08-03T05:56:01+02:00,ORCL,Oracle,331,6,42,2,https://feargreedmeter.com/top-100-most-popular-meme-stocks-today
2026-08-03T05:56:01+02:00,DJT,Trump Media & Technology Group,22,5,43,0,https://feargreedmeter.com/top-100-most-popular-meme-stocks-today
2026-08-03T05:56:01+02:00,GRND,Grindr,3,5,44,4,https://feargreedmeter.com/top-100-most-popular-meme-stocks-today
2026-08-03T05:56:01+02:00,GLP,Global Partners LP,13,5,45,-8,https://feargreedmeter.com/top-100-most-popular-meme-stocks-today
2026-08-03T05:56:01+02:00,FOR,Forestar Group,32,5,46,4,https://feargreedmeter.com/top-100-most-popular-meme-stocks-today
2026-08-03T05:56:01+02:00,MSTR,MicroStrategy,15,5,47,-3,https://feargreedmeter.com/top-100-most-popular-meme-stocks-today
2026-08-03T05:56:01+02:00,CAKE,The Cheesecake Factory,13,5,48,-1,https://feargreedmeter.com/top-100-most-popular-meme-stocks-today
2026-08-03T05:56:01+02:00,FTC,First Trust Exchange-Traded Fund III - First Trust Large Capital Growt,39,5,49,3,https://feargreedmeter.com/top-100-most-popular-meme-stocks-today
2026-08-03T05:56:01+02:00,TLT,BlackRock Institutional Trust Company N.A. - BTC iShares 20+ Year Trea,4,5,50,-5,https://feargreedmeter.com/top-100-most-popular-meme-stocks-today
2026-08-03T05:56:01+02:00,VTI,Vanguard Total Stock Market ETF,15,5,51,4,https://feargreedmeter.com/top-100-most-popular-meme-stocks-today
2026-08-03T05:56:01+02:00,AM,Antero Midstream,7,5,52,-2,https://feargreedmeter.com/top-100-most-popular-meme-stocks-today
2026-08-03T05:56:01+02:00,ET,Energy Transfer Partners,13,5,53,1,https://feargreedmeter.com/top-100-most-popular-meme-stocks-today
2026-08-03T05:56:01+02:00,OR,Osisko Gold Royalties,32,5,54,4,https://feargreedmeter.com/top-100-most-popular-meme-stocks-today
2026-08-03T05:56:01+02:00,IBKR,Interactive Brokers,26,5,55,-3,https://feargreedmeter.com/top-100-most-popular-meme-stocks-today
2026-08-03T05:56:01+02:00,WTI,W&T Offshore,30,5,56,4,https://feargreedmeter.com/top-100-most-popular-meme-stocks-today
2026-08-03T05:56:01+02:00,ALL,Allstate,46,5,57,1,https://feargreedmeter.com/top-100-most-popular-meme-stocks-today
2026-08-03T05:56:01+02:00,NFLX,Netflix,10,5,58,-4,https://feargreedmeter.com/top-100-most-popular-meme-stocks-today
2026-08-03T05:56:01+02:00,DC,Dakota Gold,40,4,59,-1,https://feargreedmeter.com/top-100-most-popular-meme-stocks-today
2026-08-03T05:56:01+02:00,IREN,Iris Energy,41,4,60,2,https://feargreedmeter.com/top-100-most-popular-meme-stocks-today
2026-08-03T05:56:01+02:00,UCO,ProShares Trust - ProShares Ultra Bloomberg Crude Oil,13,4,61,3,https://feargreedmeter.com/top-100-most-popular-meme-stocks-today
2026-08-03T05:56:01+02:00,SMCI,Supermicro,7,4,62,3,https://feargreedmeter.com/top-100-most-popular-meme-stocks-today
2026-08-03T05:56:01+02:00,ASML,ASML,16,4,63,0,https://feargreedmeter.com/top-100-most-popular-meme-stocks-today
2026-08-03T05:56:01+02:00,INTC,Intel,10,4,64,-1,https://feargreedmeter.com/top-100-most-popular-meme-stocks-today
2026-08-03T05:56:01+02:00,OKLO,Oklo,7,3,65,2,https://feargreedmeter.com/top-100-most-popular-meme-stocks-today
2026-08-03T05:56:01+02:00,LINK,Interlink Electronics,4,3,66,0,https://feargreedmeter.com/top-100-most-popular-meme-stocks-today
2026-08-03T05:56:01+02:00,PR,Permian Resources,82,3,67,0,https://feargreedmeter.com/top-100-most-popular-meme-stocks-today
2026-08-03T05:56:01+02:00,ARR,ARMOUR Residential REIT,61,3,68,2,https://feargreedmeter.com/top-100-most-popular-meme-stocks-today
2026-08-03T05:56:01+02:00,TIL,Instil Bio,20,3,69,1,https://feargreedmeter.com/top-100-most-popular-meme-stocks-today
2026-08-03T05:56:01+02:00,CD,Chindata,11,3,70,2,https://feargreedmeter.com/top-100-most-popular-meme-stocks-today
2026-08-03T05:56:01+02:00,OG,Onion Global,35,3,71,2,https://feargreedmeter.com/top-100-most-popular-meme-stocks-today
2026-08-03T05:56:01+02:00,APP,AppLovin,14,3,72,2,https://feargreedmeter.com/top-100-most-popular-meme-stocks-today
2026-08-03T05:56:01+02:00,UP,Wheels Up,30,3,73,0,https://feargreedmeter.com/top-100-most-popular-meme-stocks-today
2026-08-03T05:56:01+02:00,ASTS,AST SpaceMobile,8,3,74,-18,https://feargreedmeter.com/top-100-most-popular-meme-stocks-today
2026-08-03T05:56:01+02:00,CIA,Citizens Inc,21,3,75,0,https://feargreedmeter.com/top-100-most-popular-meme-stocks-today
2026-08-03T05:56:01+02:00,GCC,WisdomTree Commodity Services LLC - WisdomTree EnhancedContinuous Comm,170,3,76,2,https://feargreedmeter.com/top-100-most-popular-meme-stocks-today
2026-08-03T05:56:01+02:00,MAGA,ETF Series Solutions Trust - Point Bridge GOP Stock Tracker ETF,38,3,77,2,https://feargreedmeter.com/top-100-most-popular-meme-stocks-today
2026-08-03T05:56:01+02:00,UAE,BlackRock Institutional Trust Company N.A. - iShares MSCI UAE ETF,25,3,78,1,https://feargreedmeter.com/top-100-most-popular-meme-stocks-today
2026-08-03T05:56:01+02:00,ABB,ABB,6,3,79,3,https://feargreedmeter.com/top-100-most-popular-meme-stocks-today
2026-08-03T05:56:01+02:00,UI,Ubiquiti,5,3,80,-2,https://feargreedmeter.com/top-100-most-popular-meme-stocks-today
2026-08-03T05:56:01+02:00,ON,ON Semiconductor,7,3,81,2,https://feargreedmeter.com/top-100-most-popular-meme-stocks-today
2026-08-03T05:56:01+02:00,JPM,JPMorgan Chase,35,3,82,-10,https://feargreedmeter.com/top-100-most-popular-meme-stocks-today
2026-08-03T05:56:01+02:00,WU,Western Union,4,3,83,-10,https://feargreedmeter.com/top-100-most-popular-meme-stocks-today
2026-08-03T05:56:01+02:00,DOW,Dow,13,3,84,1,https://feargreedmeter.com/top-100-most-popular-meme-stocks-today
2026-08-03T05:56:01+02:00,MA,Mastercard,3,3,85,-2,https://feargreedmeter.com/top-100-most-popular-meme-stocks-today
2026-08-03T05:56:01+02:00,CRWV,CoreWeave,310,2,86,-2,https://feargreedmeter.com/top-100-most-popular-meme-stocks-today
2026-08-03T05:56:01+02:00,WS,Worthington Steel,8,2,87,1,https://feargreedmeter.com/top-100-most-popular-meme-stocks-today
2026-08-03T05:56:01+02:00,DAY,Dayforce,13,2,88,1,https://feargreedmeter.com/top-100-most-popular-meme-stocks-today
2026-08-03T05:56:01+02:00,SMR,NuScale Power,26,2,89,-1,https://feargreedmeter.com/top-100-most-popular-meme-stocks-today
2026-08-03T05:56:01+02:00,CO,Global Cord Blood,14,2,90,1,https://feargreedmeter.com/top-100-most-popular-meme-stocks-today
2026-08-03T05:56:01+02:00,AMG,Affiliated Managers Group,4,2,91,2,https://feargreedmeter.com/top-100-most-popular-meme-stocks-today
2026-08-03T05:56:01+02:00,DUOL,Duolingo,6,2,92,1,https://feargreedmeter.com/top-100-most-popular-meme-stocks-today
2026-08-03T05:56:01+02:00,HOOD,Robinhood,4,2,93,0,https://feargreedmeter.com/top-100-most-popular-meme-stocks-today
2026-08-03T05:56:01+02:00,GOAT,VanEck Vectors ETF Trust - VanEck Vectors Morningstar Global Wide Moat,5,2,94,1,https://feargreedmeter.com/top-100-most-popular-meme-stocks-today
2026-08-03T05:56:01+02:00,VGT,"Vanguard Group, Inc. - Vanguard Information Technology ETF",3,2,95,1,https://feargreedmeter.com/top-100-most-popular-meme-stocks-today
2026-08-03T05:56:01+02:00,RSP,Invesco Capital Management LLC - Invesco S&P 500 Equal Weight ETF,4,2,96,-5,https://feargreedmeter.com/top-100-most-popular-meme-stocks-today
2026-08-03T05:56:01+02:00,SMB,VanEck Vectors ETF Trust - VanEck Vectors Short Muni ETF,15,2,97,1,https://feargreedmeter.com/top-100-most-popular-meme-stocks-today
2026-08-03T05:56:01+02:00,VT,"Vanguard Group, Inc. - Vanguard Total World Stock ETF",11,2,98,1,https://feargreedmeter.com/top-100-most-popular-meme-stocks-today
2026-08-03T05:56:01+02:00,IG,Principal Exchange-Traded Funds - Principal Investment Grade Corporate,6,2,99,1,https://feargreedmeter.com/top-100-most-popular-meme-stocks-today
2026-08-03T05:56:01+02:00,SMH,VanEck Vectors ETF Trust - VanEck Vectors Semiconductor ETF,4,2,100,1,https://feargreedmeter.com/top-100-most-popular-meme-stocks-today
2026-08-03T09:31:41+02:00,SPY,SPDR S&P 500 ETF Trust,458,119,1,46,https://feargreedmeter.com/top-100-most-popular-meme-stocks-today
2026-08-03T09:31:41+02:00,MU,Micron Technology,478,109,2,26,https://feargreedmeter.com/top-100-most-popular-meme-stocks-today
2026-08-03T09:31:41+02:00,RDDT,Reddit,327,57,3,30,https://feargreedmeter.com/top-100-most-popular-meme-stocks-today
2026-08-03T09:31:41+02:00,SNDK,Sandisk,207,56,4,28,https://feargreedmeter.com/top-100-most-popular-meme-stocks-today
2026-08-03T09:31:41+02:00,SPCX,SpaceX,221,55,5,-5,https://feargreedmeter.com/top-100-most-popular-meme-stocks-today
2026-08-03T09:31:41+02:00,NVDA,NVIDIA,480,49,6,15,https://feargreedmeter.com/top-100-most-popular-meme-stocks-today
2026-08-03T09:31:41+02:00,AMD,AMD,714,42,7,6,https://feargreedmeter.com/top-100-most-popular-meme-stocks-today
2026-08-03T09:31:41+02:00,QQQ,Invesco QQQ ETF,118,39,8,10,https://feargreedmeter.com/top-100-most-popular-meme-stocks-today
2026-08-03T09:31:41+02:00,MSFT,Microsoft,438,38,9,-2,https://feargreedmeter.com/top-100-most-popular-meme-stocks-today
2026-08-03T09:31:41+02:00,SOXL,Direxion Shares ETF Trust - Direxion Daily Semiconductor Bull 3X Share,85,37,10,18,https://feargreedmeter.com/top-100-most-popular-meme-stocks-today
2026-08-03T09:31:41+02:00,AMZN,Amazon,372,33,11,5,https://feargreedmeter.com/top-100-most-popular-meme-stocks-today
2026-08-03T09:31:41+02:00,DTE,DTE Energy,237,30,12,-5,https://feargreedmeter.com/top-100-most-popular-meme-stocks-today
2026-08-03T09:31:41+02:00,META,Meta Platforms (Facebook),66,28,13,12,https://feargreedmeter.com/top-100-most-popular-meme-stocks-today
2026-08-03T09:31:41+02:00,API,Agora.io,139,28,14,10,https://feargreedmeter.com/top-100-most-popular-meme-stocks-today
2026-08-03T09:31:41+02:00,AAPL,Apple,129,25,15,9,https://feargreedmeter.com/top-100-most-popular-meme-stocks-today
2026-08-03T09:31:41+02:00,RR,Richtech Robotics,132,21,16,16,https://feargreedmeter.com/top-100-most-popular-meme-stocks-today
2026-08-03T09:31:41+02:00,IP,International Paper,113,19,17,3,https://feargreedmeter.com/top-100-most-popular-meme-stocks-today
2026-08-03T09:31:41+02:00,VOO,Vanguard S&P 500 ETF,110,19,18,-3,https://feargreedmeter.com/top-100-most-popular-meme-stocks-today
2026-08-03T09:31:41+02:00,EU,enCore Energy,36,18,19,7,https://feargreedmeter.com/top-100-most-popular-meme-stocks-today
2026-08-03T09:31:41+02:00,PLTR,Palantir,40,17,20,2,https://feargreedmeter.com/top-100-most-popular-meme-stocks-today
2026-08-03T09:31:41+02:00,GOOG,Alphabet (Google),60,15,21,-4,https://feargreedmeter.com/top-100-most-popular-meme-stocks-today
2026-08-03T09:31:41+02:00,NBIS,Nebius Group,51,15,22,-1,https://feargreedmeter.com/top-100-most-popular-meme-stocks-today
2026-08-03T09:31:41+02:00,SNAP,Snap,97,13,23,8,https://feargreedmeter.com/top-100-most-popular-meme-stocks-today
2026-08-03T09:31:41+02:00,USO,United States Commodity Funds LLC - United States Oil Fund,35,13,24,10,https://feargreedmeter.com/top-100-most-popular-meme-stocks-today
2026-08-03T09:31:41+02:00,TSLA,Tesla,95,12,25,-1,https://feargreedmeter.com/top-100-most-popular-meme-stocks-today
2026-08-03T09:31:41+02:00,YOU,CLEAR Secure,33,12,26,0,https://feargreedmeter.com/top-100-most-popular-meme-stocks-today
2026-08-03T09:31:41+02:00,SOXX,BlackRock Institutional Trust Company N.A. - BTC iShares PHLX Semicond,18,10,27,9,https://feargreedmeter.com/top-100-most-popular-meme-stocks-today
2026-08-03T09:31:41+02:00,CC,Chemours,7,9,28,-4,https://feargreedmeter.com/top-100-most-popular-meme-stocks-today
2026-08-03T09:31:41+02:00,GOOGL,Alphabet (Google),27,9,29,1,https://feargreedmeter.com/top-100-most-popular-meme-stocks-today
2026-08-03T09:31:41+02:00,IT,Gartner,21,8,30,-7,https://feargreedmeter.com/top-100-most-popular-meme-stocks-today
2026-08-03T09:31:41+02:00,IQ,iQIYI,35,8,31,3,https://feargreedmeter.com/top-100-most-popular-meme-stocks-today
2026-08-03T09:31:41+02:00,AM,Antero Midstream,10,8,32,2,https://feargreedmeter.com/top-100-most-popular-meme-stocks-today
2026-08-03T09:31:41+02:00,SGOV,iShares Trust - iShares 0-3 Month Treasury Bond ETF,38,8,33,0,https://feargreedmeter.com/top-100-most-popular-meme-stocks-today
2026-08-03T09:31:41+02:00,IONQ,IonQ,10,8,34,1,https://feargreedmeter.com/top-100-most-popular-meme-stocks-today
2026-08-03T09:31:41+02:00,ORCL,Oracle,374,7,35,3,https://feargreedmeter.com/top-100-most-popular-meme-stocks-today
2026-08-03T09:31:41+02:00,TQQQ,ProShares Trust - ProShares UltraPro QQQ,103,7,36,5,https://feargreedmeter.com/top-100-most-popular-meme-stocks-today
2026-08-03T09:31:41+02:00,RKLB,Rocket Lab USA,9,7,37,-47,https://feargreedmeter.com/top-100-most-popular-meme-stocks-today
2026-08-03T09:31:41+02:00,AAOI,Applied Optoelectronics,162,7,38,1,https://feargreedmeter.com/top-100-most-popular-meme-stocks-today
2026-08-03T09:31:41+02:00,ALL,Allstate,56,6,39,2,https://feargreedmeter.com/top-100-most-popular-meme-stocks-today
2026-08-03T09:31:41+02:00,ES,Eversource Energy,14,6,40,-2,https://feargreedmeter.com/top-100-most-popular-meme-stocks-today
2026-08-03T09:31:41+02:00,ASML,ASML,20,6,41,4,https://feargreedmeter.com/top-100-most-popular-meme-stocks-today
2026-08-03T09:31:41+02:00,WEN,Wendy’s Company,24,6,42,1,https://feargreedmeter.com/top-100-most-popular-meme-stocks-today
2026-08-03T09:31:41+02:00,ET,Energy Transfer Partners,21,6,43,2,https://feargreedmeter.com/top-100-most-popular-meme-stocks-today
2026-08-03T09:31:41+02:00,BE,Bloom Energy,96,6,44,2,https://feargreedmeter.com/top-100-most-popular-meme-stocks-today
2026-08-03T09:31:41+02:00,SOXS,Direxion Shares ETF Trust - Direxion Daily Semiconductor Bear 3X Share,9,6,45,-1,https://feargreedmeter.com/top-100-most-popular-meme-stocks-today
2026-08-03T09:31:41+02:00,OPEN,Opendoor,35,6,46,5,https://feargreedmeter.com/top-100-most-popular-meme-stocks-today
2026-08-03T09:31:41+02:00,GRND,Grindr,5,6,47,5,https://feargreedmeter.com/top-100-most-popular-meme-stocks-today
2026-08-03T09:31:41+02:00,DJT,Trump Media & Technology Group,32,6,48,1,https://feargreedmeter.com/top-100-most-popular-meme-stocks-today
2026-08-03T09:31:41+02:00,INTC,Intel,13,5,49,0,https://feargreedmeter.com/top-100-most-popular-meme-stocks-today
2026-08-03T09:31:41+02:00,NOW,ServiceNow,4,5,50,1,https://feargreedmeter.com/top-100-most-popular-meme-stocks-today
2026-08-03T09:31:41+02:00,IBKR,Interactive Brokers,23,5,51,-1,https://feargreedmeter.com/top-100-most-popular-meme-stocks-today
2026-08-03T09:31:41+02:00,TLT,BlackRock Institutional Trust Company N.A. - BTC iShares 20+ Year Trea,4,5,52,-5,https://feargreedmeter.com/top-100-most-popular-meme-stocks-today
2026-08-03T09:31:41+02:00,FTC,First Trust Exchange-Traded Fund III - First Trust Large Capital Growt,38,5,53,3,https://feargreedmeter.com/top-100-most-popular-meme-stocks-today
2026-08-03T09:31:41+02:00,MSTR,MicroStrategy,15,5,54,-4,https://feargreedmeter.com/top-100-most-popular-meme-stocks-today
2026-08-03T09:31:41+02:00,FOR,Forestar Group,32,5,55,4,https://feargreedmeter.com/top-100-most-popular-meme-stocks-today
2026-08-03T09:31:41+02:00,APP,AppLovin,21,5,56,4,https://feargreedmeter.com/top-100-most-popular-meme-stocks-today
2026-08-03T09:31:41+02:00,GLP,Global Partners LP,18,5,57,-8,https://feargreedmeter.com/top-100-most-popular-meme-stocks-today
2026-08-03T09:31:41+02:00,PR,Permian Resources,93,5,58,2,https://feargreedmeter.com/top-100-most-popular-meme-stocks-today
2026-08-03T09:31:41+02:00,NFLX,Netflix,4,4,59,2,https://feargreedmeter.com/top-100-most-popular-meme-stocks-today
2026-08-03T09:31:41+02:00,SMCI,Supermicro,6,4,60,3,https://feargreedmeter.com/top-100-most-popular-meme-stocks-today
2026-08-03T09:31:41+02:00,WTI,W&T Offshore,27,4,61,2,https://feargreedmeter.com/top-100-most-popular-meme-stocks-today
2026-08-03T09:31:41+02:00,OR,Osisko Gold Royalties,15,4,62,3,https://feargreedmeter.com/top-100-most-popular-meme-stocks-today
2026-08-03T09:31:41+02:00,AGI,Alamos Gold,13,4,63,-4,https://feargreedmeter.com/top-100-most-popular-meme-stocks-today
2026-08-03T09:31:41+02:00,EWY,BlackRock Institutional Trust Company N.A. - iShares MSCI South Korea,12,4,64,3,https://feargreedmeter.com/top-100-most-popular-meme-stocks-today
2026-08-03T09:31:41+02:00,VTI,Vanguard Total Stock Market ETF,9,4,65,3,https://feargreedmeter.com/top-100-most-popular-meme-stocks-today
2026-08-03T09:31:41+02:00,ASTS,AST SpaceMobile,13,4,66,-15,https://feargreedmeter.com/top-100-most-popular-meme-stocks-today
2026-08-03T09:31:41+02:00,ARR,ARMOUR Residential REIT,62,4,67,3,https://feargreedmeter.com/top-100-most-popular-meme-stocks-today
2026-08-03T09:31:41+02:00,DC,Dakota Gold,44,4,68,1,https://feargreedmeter.com/top-100-most-popular-meme-stocks-today
2026-08-03T09:31:41+02:00,OS,OneStream,10,4,69,2,https://feargreedmeter.com/top-100-most-popular-meme-stocks-today
2026-08-03T09:31:41+02:00,MA,Mastercard,3,3,70,-1,https://feargreedmeter.com/top-100-most-popular-meme-stocks-today
2026-08-03T09:31:41+02:00,AVGO,Broadcom,352,3,71,-1,https://feargreedmeter.com/top-100-most-popular-meme-stocks-today
2026-08-03T09:31:41+02:00,WU,Western Union,4,3,72,-9,https://feargreedmeter.com/top-100-most-popular-meme-stocks-today
2026-08-03T09:31:41+02:00,JPM,JPMorgan Chase,39,3,73,-6,https://feargreedmeter.com/top-100-most-popular-meme-stocks-today
2026-08-03T09:31:41+02:00,ON,ON Semiconductor,7,3,74,2,https://feargreedmeter.com/top-100-most-popular-meme-stocks-today
2026-08-03T09:31:41+02:00,ABB,ABB,3,3,75,3,https://feargreedmeter.com/top-100-most-popular-meme-stocks-today
2026-08-03T09:31:41+02:00,MAGA,ETF Series Solutions Trust - Point Bridge GOP Stock Tracker ETF,39,3,76,2,https://feargreedmeter.com/top-100-most-popular-meme-stocks-today
2026-08-03T09:31:41+02:00,IG,Principal Exchange-Traded Funds - Principal Investment Grade Corporate,12,3,77,2,https://feargreedmeter.com/top-100-most-popular-meme-stocks-today
2026-08-03T09:31:41+02:00,UCO,ProShares Trust - ProShares Ultra Bloomberg Crude Oil,13,3,78,2,https://feargreedmeter.com/top-100-most-popular-meme-stocks-today
2026-08-03T09:31:41+02:00,CAKE,The Cheesecake Factory,11,3,79,-5,https://feargreedmeter.com/top-100-most-popular-meme-stocks-today
2026-08-03T09:31:41+02:00,CIA,Citizens Inc,21,3,80,0,https://feargreedmeter.com/top-100-most-popular-meme-stocks-today
2026-08-03T09:31:41+02:00,HOOD,Robinhood,6,3,81,1,https://feargreedmeter.com/top-100-most-popular-meme-stocks-today
2026-08-03T09:31:41+02:00,UP,Wheels Up,20,3,82,0,https://feargreedmeter.com/top-100-most-popular-meme-stocks-today
2026-08-03T09:31:41+02:00,IREN,Iris Energy,42,3,83,0,https://feargreedmeter.com/top-100-most-popular-meme-stocks-today
2026-08-03T09:31:41+02:00,CD,Chindata,14,3,84,1,https://feargreedmeter.com/top-100-most-popular-meme-stocks-today
2026-08-03T09:31:41+02:00,TIL,Instil Bio,20,3,85,1,https://feargreedmeter.com/top-100-most-popular-meme-stocks-today
2026-08-03T09:31:41+02:00,SMR,NuScale Power,29,3,86,0,https://feargreedmeter.com/top-100-most-popular-meme-stocks-today
2026-08-03T09:31:41+02:00,LINK,Interlink Electronics,4,3,87,2,https://feargreedmeter.com/top-100-most-popular-meme-stocks-today
2026-08-03T09:31:41+02:00,TSM,TSMC,9,2,88,1,https://feargreedmeter.com/top-100-most-popular-meme-stocks-today
2026-08-03T09:31:41+02:00,DIS,Walt Disney,14,2,89,1,https://feargreedmeter.com/top-100-most-popular-meme-stocks-today
2026-08-03T09:31:41+02:00,LLY,Eli Lilly,16,2,90,1,https://feargreedmeter.com/top-100-most-popular-meme-stocks-today
2026-08-03T09:31:41+02:00,DOW,Dow,3,2,91,-2,https://feargreedmeter.com/top-100-most-popular-meme-stocks-today
2026-08-03T09:31:41+02:00,GL,Globe Life,5,2,92,-1,https://feargreedmeter.com/top-100-most-popular-meme-stocks-today
2026-08-03T09:31:41+02:00,CVX,Chevron,5,2,93,1,https://feargreedmeter.com/top-100-most-popular-meme-stocks-today
2026-08-03T09:31:41+02:00,DDOG,Datadog,3,2,94,1,https://feargreedmeter.com/top-100-most-popular-meme-stocks-today
2026-08-03T09:31:41+02:00,VRT,Vertiv Holdings,14,2,95,1,https://feargreedmeter.com/top-100-most-popular-meme-stocks-today
2026-08-03T09:31:41+02:00,SHOP,Shopify,4,2,96,1,https://feargreedmeter.com/top-100-most-popular-meme-stocks-today
2026-08-03T09:31:41+02:00,ST,Sensata Technologies,6,2,97,1,https://feargreedmeter.com/top-100-most-popular-meme-stocks-today
2026-08-03T09:31:41+02:00,OI,O-I Glass,16,2,98,-2,https://feargreedmeter.com/top-100-most-popular-meme-stocks-today
2026-08-03T09:31:41+02:00,BB,BlackBerry,10,2,99,0,https://feargreedmeter.com/top-100-most-popular-meme-stocks-today
2026-08-03T09:31:41+02:00,III,Information Services Group,49,2,100,1,https://feargreedmeter.com/top-100-most-popular-meme-stocks-today
2026-08-03T12:56:11+02:00,MU,Micron Technology,626,151,1,71,https://feargreedmeter.com/top-100-most-popular-meme-stocks-today
2026-08-03T12:56:11+02:00,SPY,SPDR S&P 500 ETF Trust,472,120,2,46,https://feargreedmeter.com/top-100-most-popular-meme-stocks-today
2026-08-03T12:56:11+02:00,RDDT,Reddit,420,76,3,53,https://feargreedmeter.com/top-100-most-popular-meme-stocks-today
2026-08-03T12:56:11+02:00,SNDK,Sandisk,258,74,4,45,https://feargreedmeter.com/top-100-most-popular-meme-stocks-today
2026-08-03T12:56:11+02:00,SPCX,SpaceX,201,59,5,-4,https://feargreedmeter.com/top-100-most-popular-meme-stocks-today
2026-08-03T12:56:11+02:00,NVDA,NVIDIA,475,49,6,17,https://feargreedmeter.com/top-100-most-popular-meme-stocks-today
2026-08-03T12:56:11+02:00,AMD,AMD,725,44,7,7,https://feargreedmeter.com/top-100-most-popular-meme-stocks-today
2026-08-03T12:56:11+02:00,MSFT,Microsoft,484,42,8,-1,https://feargreedmeter.com/top-100-most-popular-meme-stocks-today
2026-08-03T12:56:11+02:00,SOXL,Direxion Shares ETF Trust - Direxion Daily Semiconductor Bull 3X Share,97,41,9,21,https://feargreedmeter.com/top-100-most-popular-meme-stocks-today
2026-08-03T12:56:11+02:00,QQQ,Invesco QQQ ETF,111,33,10,-1,https://feargreedmeter.com/top-100-most-popular-meme-stocks-today
2026-08-03T12:56:11+02:00,AMZN,Amazon,378,32,11,2,https://feargreedmeter.com/top-100-most-popular-meme-stocks-today
2026-08-03T12:56:11+02:00,DTE,DTE Energy,254,30,12,-5,https://feargreedmeter.com/top-100-most-popular-meme-stocks-today
2026-08-03T12:56:11+02:00,META,Meta Platforms (Facebook),67,29,13,14,https://feargreedmeter.com/top-100-most-popular-meme-stocks-today
2026-08-03T12:56:11+02:00,API,Agora.io,156,28,14,9,https://feargreedmeter.com/top-100-most-popular-meme-stocks-today
2026-08-03T12:56:11+02:00,AAPL,Apple,128,27,15,12,https://feargreedmeter.com/top-100-most-popular-meme-stocks-today
2026-08-03T12:56:11+02:00,PLTR,Palantir,58,27,16,13,https://feargreedmeter.com/top-100-most-popular-meme-stocks-today
2026-08-03T12:56:11+02:00,RR,Richtech Robotics,146,23,17,17,https://feargreedmeter.com/top-100-most-popular-meme-stocks-today
2026-08-03T12:56:11+02:00,IP,International Paper,118,20,18,5,https://feargreedmeter.com/top-100-most-popular-meme-stocks-today
2026-08-03T12:56:11+02:00,SNAP,Snap,164,17,19,14,https://feargreedmeter.com/top-100-most-popular-meme-stocks-today
2026-08-03T12:56:11+02:00,VOO,Vanguard S&P 500 ETF,108,17,20,-6,https://feargreedmeter.com/top-100-most-popular-meme-stocks-today
2026-08-03T12:56:11+02:00,EU,enCore Energy,41,17,21,6,https://feargreedmeter.com/top-100-most-popular-meme-stocks-today
2026-08-03T12:56:11+02:00,GOOG,Alphabet (Google),47,15,22,-5,https://feargreedmeter.com/top-100-most-popular-meme-stocks-today
2026-08-03T12:56:11+02:00,NBIS,Nebius Group,53,15,23,-2,https://feargreedmeter.com/top-100-most-popular-meme-stocks-today
2026-08-03T12:56:11+02:00,TSLA,Tesla,97,13,24,0,https://feargreedmeter.com/top-100-most-popular-meme-stocks-today
2026-08-03T12:56:11+02:00,USO,United States Commodity Funds LLC - United States Oil Fund,33,13,25,10,https://feargreedmeter.com/top-100-most-popular-meme-stocks-today
2026-08-03T12:56:11+02:00,YOU,CLEAR Secure,32,11,26,-2,https://feargreedmeter.com/top-100-most-popular-meme-stocks-today
2026-08-03T12:56:11+02:00,ES,Eversource Energy,48,10,27,4,https://feargreedmeter.com/top-100-most-popular-meme-stocks-today
2026-08-03T12:56:11+02:00,SOXX,BlackRock Institutional Trust Company N.A. - BTC iShares PHLX Semicond,15,10,28,9,https://feargreedmeter.com/top-100-most-popular-meme-stocks-today
2026-08-03T12:56:11+02:00,GOOGL,Alphabet (Google),30,10,29,1,https://feargreedmeter.com/top-100-most-popular-meme-stocks-today
2026-08-03T12:56:11+02:00,IQ,iQIYI,38,9,30,4,https://feargreedmeter.com/top-100-most-popular-meme-stocks-today
2026-08-03T12:56:11+02:00,CC,Chemours,11,9,31,-4,https://feargreedmeter.com/top-100-most-popular-meme-stocks-today
2026-08-03T12:56:11+02:00,GRND,Grindr,13,9,32,8,https://feargreedmeter.com/top-100-most-popular-meme-stocks-today
2026-08-03T12:56:11+02:00,WEN,Wendy’s Company,31,8,33,3,https://feargreedmeter.com/top-100-most-popular-meme-stocks-today
2026-08-03T12:56:11+02:00,AM,Antero Midstream,12,8,34,1,https://feargreedmeter.com/top-100-most-popular-meme-stocks-today
2026-08-03T12:56:11+02:00,SGOV,iShares Trust - iShares 0-3 Month Treasury Bond ETF,38,8,35,2,https://feargreedmeter.com/top-100-most-popular-meme-stocks-today
2026-08-03T12:56:11+02:00,IONQ,IonQ,11,8,36,-1,https://feargreedmeter.com/top-100-most-popular-meme-stocks-today
2026-08-03T12:56:11+02:00,ASML,ASML,37,7,37,5,https://feargreedmeter.com/top-100-most-popular-meme-stocks-today
2026-08-03T12:56:11+02:00,IBKR,Interactive Brokers,29,7,38,0,https://feargreedmeter.com/top-100-most-popular-meme-stocks-today
2026-08-03T12:56:11+02:00,TQQQ,ProShares Trust - ProShares UltraPro QQQ,102,7,39,5,https://feargreedmeter.com/top-100-most-popular-meme-stocks-today
2026-08-03T12:56:11+02:00,SOXS,Direxion Shares ETF Trust - Direxion Daily Semiconductor Bear 3X Share,10,7,40,0,https://feargreedmeter.com/top-100-most-popular-meme-stocks-today
2026-08-03T12:56:11+02:00,AAOI,Applied Optoelectronics,160,7,41,0,https://feargreedmeter.com/top-100-most-popular-meme-stocks-today
2026-08-03T12:56:11+02:00,INTC,Intel,17,6,42,1,https://feargreedmeter.com/top-100-most-popular-meme-stocks-today
2026-08-03T12:56:11+02:00,ORCL,Oracle,392,6,43,2,https://feargreedmeter.com/top-100-most-popular-meme-stocks-today
2026-08-03T12:56:11+02:00,NFLX,Netflix,11,6,44,3,https://feargreedmeter.com/top-100-most-popular-meme-stocks-today
2026-08-03T12:56:11+02:00,IT,Gartner,22,6,45,-8,https://feargreedmeter.com/top-100-most-popular-meme-stocks-today
2026-08-03T12:56:11+02:00,SMCI,Supermicro,8,6,46,5,https://feargreedmeter.com/top-100-most-popular-meme-stocks-today
2026-08-03T12:56:11+02:00,ET,Energy Transfer Partners,26,6,47,2,https://feargreedmeter.com/top-100-most-popular-meme-stocks-today
2026-08-03T12:56:11+02:00,BE,Bloom Energy,99,6,48,2,https://feargreedmeter.com/top-100-most-popular-meme-stocks-today
2026-08-03T12:56:11+02:00,OPEN,Opendoor,38,6,49,5,https://feargreedmeter.com/top-100-most-popular-meme-stocks-today
2026-08-03T12:56:11+02:00,RKLB,Rocket Lab USA,9,6,50,-49,https://feargreedmeter.com/top-100-most-popular-meme-stocks-today
2026-08-03T12:56:11+02:00,GLP,Global Partners LP,21,6,51,-7,https://feargreedmeter.com/top-100-most-popular-meme-stocks-today
2026-08-03T12:56:11+02:00,ALL,Allstate,23,5,52,0,https://feargreedmeter.com/top-100-most-popular-meme-stocks-today
2026-08-03T12:56:11+02:00,NOW,ServiceNow,4,5,53,1,https://feargreedmeter.com/top-100-most-popular-meme-stocks-today
2026-08-03T12:56:11+02:00,TLT,BlackRock Institutional Trust Company N.A. - BTC iShares 20+ Year Trea,4,5,54,-4,https://feargreedmeter.com/top-100-most-popular-meme-stocks-today
2026-08-03T12:56:11+02:00,MSTR,MicroStrategy,16,5,55,-4,https://feargreedmeter.com/top-100-most-popular-meme-stocks-today
2026-08-03T12:56:11+02:00,ASTS,AST SpaceMobile,11,5,56,-13,https://feargreedmeter.com/top-100-most-popular-meme-stocks-today
2026-08-03T12:56:11+02:00,APP,AppLovin,29,5,57,4,https://feargreedmeter.com/top-100-most-popular-meme-stocks-today
2026-08-03T12:56:11+02:00,PR,Permian Resources,96,5,58,2,https://feargreedmeter.com/top-100-most-popular-meme-stocks-today
2026-08-03T12:56:11+02:00,DJT,Trump Media & Technology Group,21,5,59,-1,https://feargreedmeter.com/top-100-most-popular-meme-stocks-today
2026-08-03T12:56:11+02:00,OS,OneStream,11,5,60,3,https://feargreedmeter.com/top-100-most-popular-meme-stocks-today
2026-08-03T12:56:11+02:00,WU,Western Union,3,4,61,-8,https://feargreedmeter.com/top-100-most-popular-meme-stocks-today
2026-08-03T12:56:11+02:00,WTI,W&T Offshore,27,4,62,1,https://feargreedmeter.com/top-100-most-popular-meme-stocks-today
2026-08-03T12:56:11+02:00,OR,Osisko Gold Royalties,12,4,63,3,https://feargreedmeter.com/top-100-most-popular-meme-stocks-today
2026-08-03T12:56:11+02:00,AGI,Alamos Gold,13,4,64,-2,https://feargreedmeter.com/top-100-most-popular-meme-stocks-today
2026-08-03T12:56:11+02:00,EWY,BlackRock Institutional Trust Company N.A. - iShares MSCI South Korea,13,4,65,3,https://feargreedmeter.com/top-100-most-popular-meme-stocks-today
2026-08-03T12:56:11+02:00,VTI,Vanguard Total Stock Market ETF,8,4,66,3,https://feargreedmeter.com/top-100-most-popular-meme-stocks-today
2026-08-03T12:56:11+02:00,FOR,Forestar Group,25,4,67,3,https://feargreedmeter.com/top-100-most-popular-meme-stocks-today
2026-08-03T12:56:11+02:00,CD,Chindata,16,4,68,2,https://feargreedmeter.com/top-100-most-popular-meme-stocks-today
2026-08-03T12:56:11+02:00,ARR,ARMOUR Residential REIT,66,4,69,3,https://feargreedmeter.com/top-100-most-popular-meme-stocks-today
2026-08-03T12:56:11+02:00,MA,Mastercard,3,3,70,-1,https://feargreedmeter.com/top-100-most-popular-meme-stocks-today
2026-08-03T12:56:11+02:00,AVGO,Broadcom,371,3,71,-1,https://feargreedmeter.com/top-100-most-popular-meme-stocks-today
2026-08-03T12:56:11+02:00,JPM,JPMorgan Chase,43,3,72,-4,https://feargreedmeter.com/top-100-most-popular-meme-stocks-today
2026-08-03T12:56:11+02:00,ABB,ABB,5,3,73,3,https://feargreedmeter.com/top-100-most-popular-meme-stocks-today
2026-08-03T12:56:11+02:00,SMH,VanEck Vectors ETF Trust - VanEck Vectors Semiconductor ETF,5,3,74,2,https://feargreedmeter.com/top-100-most-popular-meme-stocks-today
2026-08-03T12:56:11+02:00,MAGA,ETF Series Solutions Trust - Point Bridge GOP Stock Tracker ETF,38,3,75,2,https://feargreedmeter.com/top-100-most-popular-meme-stocks-today
2026-08-03T12:56:11+02:00,IG,Principal Exchange-Traded Funds - Principal Investment Grade Corporate,16,3,76,2,https://feargreedmeter.com/top-100-most-popular-meme-stocks-today
2026-08-03T12:56:11+02:00,UCO,ProShares Trust - ProShares Ultra Bloomberg Crude Oil,12,3,77,2,https://feargreedmeter.com/top-100-most-popular-meme-stocks-today
2026-08-03T12:56:11+02:00,VT,"Vanguard Group, Inc. - Vanguard Total World Stock ETF",17,3,78,2,https://feargreedmeter.com/top-100-most-popular-meme-stocks-today
2026-08-03T12:56:11+02:00,FTC,First Trust Exchange-Traded Fund III - First Trust Large Capital Growt,16,3,79,-1,https://feargreedmeter.com/top-100-most-popular-meme-stocks-today
2026-08-03T12:56:11+02:00,CAKE,The Cheesecake Factory,10,3,80,-5,https://feargreedmeter.com/top-100-most-popular-meme-stocks-today
2026-08-03T12:56:11+02:00,CIA,Citizens Inc,21,3,81,0,https://feargreedmeter.com/top-100-most-popular-meme-stocks-today
2026-08-03T12:56:11+02:00,HOOD,Robinhood,6,3,82,1,https://feargreedmeter.com/top-100-most-popular-meme-stocks-today
2026-08-03T12:56:11+02:00,UP,Wheels Up,20,3,83,0,https://feargreedmeter.com/top-100-most-popular-meme-stocks-today
2026-08-03T12:56:11+02:00,TIL,Instil Bio,20,3,84,2,https://feargreedmeter.com/top-100-most-popular-meme-stocks-today
2026-08-03T12:56:11+02:00,DC,Dakota Gold,47,3,85,0,https://feargreedmeter.com/top-100-most-popular-meme-stocks-today
2026-08-03T12:56:11+02:00,LINK,Interlink Electronics,4,3,86,2,https://feargreedmeter.com/top-100-most-popular-meme-stocks-today
2026-08-03T12:56:11+02:00,TSM,TSMC,10,2,87,1,https://feargreedmeter.com/top-100-most-popular-meme-stocks-today
2026-08-03T12:56:11+02:00,DIS,Walt Disney,16,2,88,1,https://feargreedmeter.com/top-100-most-popular-meme-stocks-today
2026-08-03T12:56:11+02:00,LLY,Eli Lilly,6,2,89,0,https://feargreedmeter.com/top-100-most-popular-meme-stocks-today
2026-08-03T12:56:11+02:00,DOW,Dow,4,2,90,-2,https://feargreedmeter.com/top-100-most-popular-meme-stocks-today
2026-08-03T12:56:11+02:00,GL,Globe Life,5,2,91,-1,https://feargreedmeter.com/top-100-most-popular-meme-stocks-today
2026-08-03T12:56:11+02:00,WDC,Western Digital,7,2,92,1,https://feargreedmeter.com/top-100-most-popular-meme-stocks-today
2026-08-03T12:56:11+02:00,CVX,Chevron,5,2,93,1,https://feargreedmeter.com/top-100-most-popular-meme-stocks-today
2026-08-03T12:56:11+02:00,ON,ON Semiconductor,6,2,94,1,https://feargreedmeter.com/top-100-most-popular-meme-stocks-today
2026-08-03T12:56:11+02:00,MRVL,Marvell Technology Group,10,2,95,0,https://feargreedmeter.com/top-100-most-popular-meme-stocks-today
2026-08-03T12:56:11+02:00,LULU,lululemon athletica,3,2,96,-1,https://feargreedmeter.com/top-100-most-popular-meme-stocks-today
2026-08-03T12:56:11+02:00,DDOG,Datadog,3,2,97,1,https://feargreedmeter.com/top-100-most-popular-meme-stocks-today
2026-08-03T12:56:11+02:00,VRT,Vertiv Holdings,14,2,98,1,https://feargreedmeter.com/top-100-most-popular-meme-stocks-today
2026-08-03T12:56:11+02:00,BYND,Beyond Meat,11,2,99,1,https://feargreedmeter.com/top-100-most-popular-meme-stocks-today
2026-08-03T12:56:11+02:00,UBER,Uber,10,2,100,1,https://feargreedmeter.com/top-100-most-popular-meme-stocks-today
2026-08-03T15:43:14+02:00,MU,Micron Technology,1060,237,1,159,https://feargreedmeter.com/top-100-most-popular-meme-stocks-today
2026-08-03T15:43:14+02:00,SPY,SPDR S&P 500 ETF Trust,608,158,2,87,https://feargreedmeter.com/top-100-most-popular-meme-stocks-today
2026-08-03T15:43:14+02:00,SNDK,Sandisk,346,94,3,64,https://feargreedmeter.com/top-100-most-popular-meme-stocks-today
2026-08-03T15:43:14+02:00,RDDT,Reddit,469,87,4,66,https://feargreedmeter.com/top-100-most-popular-meme-stocks-today
2026-08-03T15:43:14+02:00,SPCX,SpaceX,263,78,5,19,https://feargreedmeter.com/top-100-most-popular-meme-stocks-today
2026-08-03T15:43:14+02:00,NVDA,NVIDIA,158,63,6,28,https://feargreedmeter.com/top-100-most-popular-meme-stocks-today
2026-08-03T15:43:14+02:00,MSFT,Microsoft,222,61,7,12,https://feargreedmeter.com/top-100-most-popular-meme-stocks-today
2026-08-03T15:43:14+02:00,AMD,AMD,323,61,8,23,https://feargreedmeter.com/top-100-most-popular-meme-stocks-today
2026-08-03T15:43:14+02:00,SOXL,Direxion Shares ETF Trust - Direxion Daily Semiconductor Bull 3X Share,106,44,9,24,https://feargreedmeter.com/top-100-most-popular-meme-stocks-today
2026-08-03T15:43:14+02:00,PLTR,Palantir,103,38,10,29,https://feargreedmeter.com/top-100-most-popular-meme-stocks-today
2026-08-03T15:43:14+02:00,QQQ,Invesco QQQ ETF,100,37,11,2,https://feargreedmeter.com/top-100-most-popular-meme-stocks-today
2026-08-03T15:43:14+02:00,AMZN,Amazon,92,36,12,2,https://feargreedmeter.com/top-100-most-popular-meme-stocks-today
2026-08-03T15:43:14+02:00,META,Meta Platforms (Facebook),130,36,13,24,https://feargreedmeter.com/top-100-most-popular-meme-stocks-today
2026-08-03T15:43:14+02:00,AAPL,Apple,139,35,14,20,https://feargreedmeter.com/top-100-most-popular-meme-stocks-today
2026-08-03T15:43:14+02:00,API,Agora.io,170,29,15,8,https://feargreedmeter.com/top-100-most-popular-meme-stocks-today
2026-08-03T15:43:14+02:00,DTE,DTE Energy,244,28,16,-11,https://feargreedmeter.com/top-100-most-popular-meme-stocks-today
2026-08-03T15:43:14+02:00,RR,Richtech Robotics,156,23,17,16,https://feargreedmeter.com/top-100-most-popular-meme-stocks-today
2026-08-03T15:43:14+02:00,IP,International Paper,140,21,18,6,https://feargreedmeter.com/top-100-most-popular-meme-stocks-today
2026-08-03T15:43:14+02:00,SNAP,Snap,240,21,19,18,https://feargreedmeter.com/top-100-most-popular-meme-stocks-today
2026-08-03T15:43:14+02:00,CD,Chindata,60,21,20,20,https://feargreedmeter.com/top-100-most-popular-meme-stocks-today
2026-08-03T15:43:14+02:00,NBIS,Nebius Group,71,20,21,3,https://feargreedmeter.com/top-100-most-popular-meme-stocks-today
2026-08-03T15:43:14+02:00,GOOG,Alphabet (Google),97,18,22,-2,https://feargreedmeter.com/top-100-most-popular-meme-stocks-today
2026-08-03T15:43:14+02:00,GOOGL,Alphabet (Google),56,17,23,6,https://feargreedmeter.com/top-100-most-popular-meme-stocks-today
2026-08-03T15:43:14+02:00,SGOV,iShares Trust - iShares 0-3 Month Treasury Bond ETF,58,16,24,14,https://feargreedmeter.com/top-100-most-popular-meme-stocks-today
2026-08-03T15:43:14+02:00,VOO,Vanguard S&P 500 ETF,90,15,25,-9,https://feargreedmeter.com/top-100-most-popular-meme-stocks-today
2026-08-03T15:43:14+02:00,TSLA,Tesla,86,14,26,4,https://feargreedmeter.com/top-100-most-popular-meme-stocks-today
2026-08-03T15:43:14+02:00,AM,Antero Midstream,36,14,27,7,https://feargreedmeter.com/top-100-most-popular-meme-stocks-today
2026-08-03T15:43:14+02:00,USO,United States Commodity Funds LLC - United States Oil Fund,34,14,28,12,https://feargreedmeter.com/top-100-most-popular-meme-stocks-today
2026-08-03T15:43:14+02:00,EU,enCore Energy,40,14,29,1,https://feargreedmeter.com/top-100-most-popular-meme-stocks-today
2026-08-03T15:43:14+02:00,NOW,ServiceNow,37,12,30,7,https://feargreedmeter.com/top-100-most-popular-meme-stocks-today
2026-08-03T15:43:14+02:00,ASTS,AST SpaceMobile,55,12,31,-5,https://feargreedmeter.com/top-100-most-popular-meme-stocks-today
2026-08-03T15:43:14+02:00,RKLB,Rocket Lab USA,63,12,32,-43,https://feargreedmeter.com/top-100-most-popular-meme-stocks-today
2026-08-03T15:43:14+02:00,GRND,Grindr,22,12,33,11,https://feargreedmeter.com/top-100-most-popular-meme-stocks-today
2026-08-03T15:43:14+02:00,ES,Eversource Energy,47,11,34,5,https://feargreedmeter.com/top-100-most-popular-meme-stocks-today
2026-08-03T15:43:14+02:00,SOXX,BlackRock Institutional Trust Company N.A. - BTC iShares PHLX Semicond,16,10,35,9,https://feargreedmeter.com/top-100-most-popular-meme-stocks-today
2026-08-03T15:43:14+02:00,IQ,iQIYI,37,9,36,4,https://feargreedmeter.com/top-100-most-popular-meme-stocks-today
2026-08-03T15:43:14+02:00,SOXS,Direxion Shares ETF Trust - Direxion Daily Semiconductor Bear 3X Share,15,9,37,2,https://feargreedmeter.com/top-100-most-popular-meme-stocks-today
2026-08-03T15:43:14+02:00,YOU,CLEAR Secure,31,9,38,-4,https://feargreedmeter.com/top-100-most-popular-meme-stocks-today
2026-08-03T15:43:14+02:00,WU,Western Union,9,8,39,0,https://feargreedmeter.com/top-100-most-popular-meme-stocks-today
2026-08-03T15:43:14+02:00,WEN,Wendy’s Company,35,8,40,3,https://feargreedmeter.com/top-100-most-popular-meme-stocks-today
2026-08-03T15:43:14+02:00,CC,Chemours,8,8,41,-3,https://feargreedmeter.com/top-100-most-popular-meme-stocks-today
2026-08-03T15:43:14+02:00,FCF,First Commonwealth Financial Corp,21,8,42,1,https://feargreedmeter.com/top-100-most-popular-meme-stocks-today
2026-08-03T15:43:14+02:00,INTC,Intel,22,7,43,2,https://feargreedmeter.com/top-100-most-popular-meme-stocks-today
2026-08-03T15:43:14+02:00,IT,Gartner,26,7,44,-7,https://feargreedmeter.com/top-100-most-popular-meme-stocks-today
2026-08-03T15:43:14+02:00,ASML,ASML,32,7,45,4,https://feargreedmeter.com/top-100-most-popular-meme-stocks-today
2026-08-03T15:43:14+02:00,TQQQ,ProShares Trust - ProShares UltraPro QQQ,103,7,46,5,https://feargreedmeter.com/top-100-most-popular-meme-stocks-today
2026-08-03T15:43:14+02:00,HOOD,Robinhood,21,7,47,5,https://feargreedmeter.com/top-100-most-popular-meme-stocks-today
2026-08-03T15:43:14+02:00,FOR,Forestar Group,39,7,48,6,https://feargreedmeter.com/top-100-most-popular-meme-stocks-today
2026-08-03T15:43:14+02:00,AAOI,Applied Optoelectronics,163,7,49,2,https://feargreedmeter.com/top-100-most-popular-meme-stocks-today
2026-08-03T15:43:14+02:00,NFLX,Netflix,11,6,50,2,https://feargreedmeter.com/top-100-most-popular-meme-stocks-today
2026-08-03T15:43:14+02:00,SMCI,Supermicro,8,6,51,5,https://feargreedmeter.com/top-100-most-popular-meme-stocks-today
2026-08-03T15:43:14+02:00,OR,Osisko Gold Royalties,18,6,52,5,https://feargreedmeter.com/top-100-most-popular-meme-stocks-today
2026-08-03T15:43:14+02:00,ET,Energy Transfer Partners,34,6,53,3,https://feargreedmeter.com/top-100-most-popular-meme-stocks-today
2026-08-03T15:43:14+02:00,OPEN,Opendoor,40,6,54,5,https://feargreedmeter.com/top-100-most-popular-meme-stocks-today
2026-08-03T15:43:14+02:00,IONQ,IonQ,12,6,55,-4,https://feargreedmeter.com/top-100-most-popular-meme-stocks-today
2026-08-03T15:43:14+02:00,GLP,Global Partners LP,23,6,56,-7,https://feargreedmeter.com/top-100-most-popular-meme-stocks-today
2026-08-03T15:43:14+02:00,WDC,Western Digital,17,5,57,4,https://feargreedmeter.com/top-100-most-popular-meme-stocks-today
2026-08-03T15:43:14+02:00,IBKR,Interactive Brokers,20,5,58,-2,https://feargreedmeter.com/top-100-most-popular-meme-stocks-today
2026-08-03T15:43:14+02:00,BE,Bloom Energy,103,5,59,0,https://feargreedmeter.com/top-100-most-popular-meme-stocks-today
2026-08-03T15:43:14+02:00,TLT,BlackRock Institutional Trust Company N.A. - BTC iShares 20+ Year Trea,4,5,60,-4,https://feargreedmeter.com/top-100-most-popular-meme-stocks-today
2026-08-03T15:43:14+02:00,APP,AppLovin,35,5,61,4,https://feargreedmeter.com/top-100-most-popular-meme-stocks-today
2026-08-03T15:43:14+02:00,PR,Permian Resources,4,5,62,3,https://feargreedmeter.com/top-100-most-popular-meme-stocks-today
2026-08-03T15:43:14+02:00,DC,Dakota Gold,45,5,63,2,https://feargreedmeter.com/top-100-most-popular-meme-stocks-today
2026-08-03T15:43:14+02:00,DJT,Trump Media & Technology Group,21,5,64,-1,https://feargreedmeter.com/top-100-most-popular-meme-stocks-today
2026-08-03T15:43:14+02:00,OS,OneStream,11,5,65,3,https://feargreedmeter.com/top-100-most-popular-meme-stocks-today
2026-08-03T15:43:14+02:00,ORCL,Oracle,6,4,66,-3,https://feargreedmeter.com/top-100-most-popular-meme-stocks-today
2026-08-03T15:43:14+02:00,ALL,Allstate,13,4,67,-1,https://feargreedmeter.com/top-100-most-popular-meme-stocks-today
2026-08-03T15:43:14+02:00,DOW,Dow,7,4,68,1,https://feargreedmeter.com/top-100-most-popular-meme-stocks-today
2026-08-03T15:43:14+02:00,SO,Southern Company,12,4,69,1,https://feargreedmeter.com/top-100-most-popular-meme-stocks-today
2026-08-03T15:43:14+02:00,MRVL,Marvell Technology Group,21,4,70,2,https://feargreedmeter.com/top-100-most-popular-meme-stocks-today
2026-08-03T15:43:14+02:00,WTI,W&T Offshore,26,4,71,2,https://feargreedmeter.com/top-100-most-popular-meme-stocks-today
2026-08-03T15:43:14+02:00,SCHD,Schwab Strategic Trust - CSIM Schwab US Dividend Equity ETF,27,4,72,2,https://feargreedmeter.com/top-100-most-popular-meme-stocks-today
2026-08-03T15:43:14+02:00,EWY,BlackRock Institutional Trust Company N.A. - iShares MSCI South Korea,12,4,73,3,https://feargreedmeter.com/top-100-most-popular-meme-stocks-today
2026-08-03T15:43:14+02:00,VTI,Vanguard Total Stock Market ETF,9,4,74,3,https://feargreedmeter.com/top-100-most-popular-meme-stocks-today
2026-08-03T15:43:14+02:00,MSTR,MicroStrategy,17,4,75,-5,https://feargreedmeter.com/top-100-most-popular-meme-stocks-today
2026-08-03T15:43:14+02:00,AMC,AMC Entertainment,8,4,76,-7,https://feargreedmeter.com/top-100-most-popular-meme-stocks-today
2026-08-03T15:43:14+02:00,CIA,Citizens Inc,23,4,77,1,https://feargreedmeter.com/top-100-most-popular-meme-stocks-today
2026-08-03T15:43:14+02:00,TIL,Instil Bio,23,4,78,3,https://feargreedmeter.com/top-100-most-popular-meme-stocks-today
2026-08-03T15:43:14+02:00,LINK,Interlink Electronics,5,4,79,3,https://feargreedmeter.com/top-100-most-popular-meme-stocks-today
2026-08-03T15:43:14+02:00,DIS,Walt Disney,17,3,80,2,https://feargreedmeter.com/top-100-most-popular-meme-stocks-today
2026-08-03T15:43:14+02:00,LLY,Eli Lilly,9,3,81,1,https://feargreedmeter.com/top-100-most-popular-meme-stocks-today
2026-08-03T15:43:14+02:00,AVGO,Broadcom,26,3,82,-2,https://feargreedmeter.com/top-100-most-popular-meme-stocks-today
2026-08-03T15:43:14+02:00,JPM,JPMorgan Chase,39,3,83,-4,https://feargreedmeter.com/top-100-most-popular-meme-stocks-today
2026-08-03T15:43:14+02:00,CRM,Salesforce,27,3,84,0,https://feargreedmeter.com/top-100-most-popular-meme-stocks-today
2026-08-03T15:43:14+02:00,ON,ON Semiconductor,4,3,85,2,https://feargreedmeter.com/top-100-most-popular-meme-stocks-today
2026-08-03T15:43:14+02:00,DDOG,Datadog,4,3,86,2,https://feargreedmeter.com/top-100-most-popular-meme-stocks-today
2026-08-03T15:43:14+02:00,HBM,Hudbay Minerals,6,3,87,-6,https://feargreedmeter.com/top-100-most-popular-meme-stocks-today
2026-08-03T15:43:14+02:00,AGI,Alamos Gold,11,3,88,-4,https://feargreedmeter.com/top-100-most-popular-meme-stocks-today
2026-08-03T15:43:14+02:00,SMH,VanEck Vectors ETF Trust - VanEck Vectors Semiconductor ETF,7,3,89,2,https://feargreedmeter.com/top-100-most-popular-meme-stocks-today
2026-08-03T15:43:14+02:00,MAGA,ETF Series Solutions Trust - Point Bridge GOP Stock Tracker ETF,33,3,90,0,https://feargreedmeter.com/top-100-most-popular-meme-stocks-today
2026-08-03T15:43:14+02:00,IG,Principal Exchange-Traded Funds - Principal Investment Grade Corporate,20,3,91,2,https://feargreedmeter.com/top-100-most-popular-meme-stocks-today
2026-08-03T15:43:14+02:00,UCO,ProShares Trust - ProShares Ultra Bloomberg Crude Oil,14,3,92,2,https://feargreedmeter.com/top-100-most-popular-meme-stocks-today
2026-08-03T15:43:14+02:00,VT,"Vanguard Group, Inc. - Vanguard Total World Stock ETF",17,3,93,2,https://feargreedmeter.com/top-100-most-popular-meme-stocks-today
2026-08-03T15:43:14+02:00,GME,GameStop,-1,3,94,-4,https://feargreedmeter.com/top-100-most-popular-meme-stocks-today
2026-08-03T15:43:14+02:00,UP,Wheels Up,20,3,95,1,https://feargreedmeter.com/top-100-most-popular-meme-stocks-today
2026-08-03T15:43:14+02:00,IREN,Iris Energy,41,3,96,-1,https://feargreedmeter.com/top-100-most-popular-meme-stocks-today
2026-08-03T15:43:14+02:00,MA,Mastercard,2,2,97,-1,https://feargreedmeter.com/top-100-most-popular-meme-stocks-today
2026-08-03T15:43:14+02:00,TSM,TSMC,10,2,98,1,https://feargreedmeter.com/top-100-most-popular-meme-stocks-today
2026-08-03T15:43:14+02:00,GL,Globe Life,5,2,99,-1,https://feargreedmeter.com/top-100-most-popular-meme-stocks-today
2026-08-03T15:43:14+02:00,CVX,Chevron,5,2,100,1,https://feargreedmeter.com/top-100-most-popular-meme-stocks-today
2026-08-03T18:09:12+02:00,MU,Micron Technology,1561,376,1,289,https://feargreedmeter.com/top-100-most-popular-meme-stocks-today
2026-08-03T18:09:12+02:00,SPY,SPDR S&P 500 ETF Trust,861,242,2,167,https://feargreedmeter.com/top-100-most-popular-meme-stocks-today
2026-08-03T18:09:12+02:00,MSFT,Microsoft,656,156,3,110,https://feargreedmeter.com/top-100-most-popular-meme-stocks-today
2026-08-03T18:09:12+02:00,SNDK,Sandisk,364,125,4,90,https://feargreedmeter.com/top-100-most-popular-meme-stocks-today
2026-08-03T18:09:12+02:00,SPCX,SpaceX,371,114,5,77,https://feargreedmeter.com/top-100-most-popular-meme-stocks-today
2026-08-03T18:09:12+02:00,RDDT,Reddit,535,110,6,92,https://feargreedmeter.com/top-100-most-popular-meme-stocks-today
2026-08-03T18:09:12+02:00,NVDA,NVIDIA,260,97,7,63,https://feargreedmeter.com/top-100-most-popular-meme-stocks-today
2026-08-03T18:09:12+02:00,META,Meta Platforms (Facebook),416,79,8,70,https://feargreedmeter.com/top-100-most-popular-meme-stocks-today
2026-08-03T18:09:12+02:00,AMD,AMD,314,66,9,34,https://feargreedmeter.com/top-100-most-popular-meme-stocks-today
2026-08-03T18:09:12+02:00,QQQ,Invesco QQQ ETF,137,64,10,33,https://feargreedmeter.com/top-100-most-popular-meme-stocks-today
2026-08-03T18:09:12+02:00,AAPL,Apple,206,61,11,47,https://feargreedmeter.com/top-100-most-popular-meme-stocks-today
2026-08-03T18:09:12+02:00,AMZN,Amazon,192,54,12,22,https://feargreedmeter.com/top-100-most-popular-meme-stocks-today
2026-08-03T18:09:12+02:00,GOOGL,Alphabet (Google),131,48,13,39,https://feargreedmeter.com/top-100-most-popular-meme-stocks-today
2026-08-03T18:09:12+02:00,PLTR,Palantir,111,45,14,37,https://feargreedmeter.com/top-100-most-popular-meme-stocks-today
2026-08-03T18:09:12+02:00,SOXL,Direxion Shares ETF Trust - Direxion Daily Semiconductor Bull 3X Share,117,44,15,22,https://feargreedmeter.com/top-100-most-popular-meme-stocks-today
2026-08-03T18:09:12+02:00,NBIS,Nebius Group,116,39,16,28,https://feargreedmeter.com/top-100-most-popular-meme-stocks-today
2026-08-03T18:09:12+02:00,GOOG,Alphabet (Google),348,37,17,20,https://feargreedmeter.com/top-100-most-popular-meme-stocks-today
2026-08-03T18:09:12+02:00,CD,Chindata,101,37,18,36,https://feargreedmeter.com/top-100-most-popular-meme-stocks-today
2026-08-03T18:09:12+02:00,DTE,DTE Energy,82,33,19,-5,https://feargreedmeter.com/top-100-most-popular-meme-stocks-today
2026-08-03T18:09:12+02:00,RR,Richtech Robotics,66,25,20,15,https://feargreedmeter.com/top-100-most-popular-meme-stocks-today
2026-08-03T18:09:12+02:00,TSLA,Tesla,94,24,21,14,https://feargreedmeter.com/top-100-most-popular-meme-stocks-today
2026-08-03T18:09:12+02:00,IP,International Paper,151,24,22,9,https://feargreedmeter.com/top-100-most-popular-meme-stocks-today
2026-08-03T18:09:12+02:00,SNAP,Snap,275,21,23,19,https://feargreedmeter.com/top-100-most-popular-meme-stocks-today
2026-08-03T18:09:12+02:00,API,Agora.io,88,20,24,-10,https://feargreedmeter.com/top-100-most-popular-meme-stocks-today
2026-08-03T18:09:12+02:00,RKLB,Rocket Lab USA,88,18,25,-9,https://feargreedmeter.com/top-100-most-popular-meme-stocks-today
2026-08-03T18:09:12+02:00,NOW,ServiceNow,42,17,26,11,https://feargreedmeter.com/top-100-most-popular-meme-stocks-today
2026-08-03T18:09:12+02:00,VOO,Vanguard S&P 500 ETF,95,17,27,-4,https://feargreedmeter.com/top-100-most-popular-meme-stocks-today
2026-08-03T18:09:12+02:00,SGOV,iShares Trust - iShares 0-3 Month Treasury Bond ETF,79,17,28,14,https://feargreedmeter.com/top-100-most-popular-meme-stocks-today
2026-08-03T18:09:12+02:00,ES,Eversource Energy,34,16,29,12,https://feargreedmeter.com/top-100-most-popular-meme-stocks-today
2026-08-03T18:09:12+02:00,ASTS,AST SpaceMobile,61,16,30,2,https://feargreedmeter.com/top-100-most-popular-meme-stocks-today
2026-08-03T18:09:12+02:00,AM,Antero Midstream,41,14,31,6,https://feargreedmeter.com/top-100-most-popular-meme-stocks-today
2026-08-03T18:09:12+02:00,SOXX,BlackRock Institutional Trust Company N.A. - BTC iShares PHLX Semicond,31,14,32,12,https://feargreedmeter.com/top-100-most-popular-meme-stocks-today
2026-08-03T18:09:12+02:00,AAOI,Applied Optoelectronics,172,14,33,11,https://feargreedmeter.com/top-100-most-popular-meme-stocks-today
2026-08-03T18:09:12+02:00,NFLX,Netflix,20,13,34,8,https://feargreedmeter.com/top-100-most-popular-meme-stocks-today
2026-08-03T18:09:12+02:00,USO,United States Commodity Funds LLC - United States Oil Fund,35,13,35,9,https://feargreedmeter.com/top-100-most-popular-meme-stocks-today
2026-08-03T18:09:12+02:00,HOOD,Robinhood,35,13,36,11,https://feargreedmeter.com/top-100-most-popular-meme-stocks-today
2026-08-03T18:09:12+02:00,INTC,Intel,29,11,37,9,https://feargreedmeter.com/top-100-most-popular-meme-stocks-today
2026-08-03T18:09:12+02:00,IT,Gartner,41,11,38,-3,https://feargreedmeter.com/top-100-most-popular-meme-stocks-today
2026-08-03T18:09:12+02:00,EU,enCore Energy,23,11,39,-6,https://feargreedmeter.com/top-100-most-popular-meme-stocks-today
2026-08-03T18:09:12+02:00,ORCL,Oracle,19,10,40,3,https://feargreedmeter.com/top-100-most-popular-meme-stocks-today
2026-08-03T18:09:12+02:00,WEN,Wendy’s Company,38,10,41,7,https://feargreedmeter.com/top-100-most-popular-meme-stocks-today
2026-08-03T18:09:12+02:00,FCF,First Commonwealth Financial Corp,30,10,42,4,https://feargreedmeter.com/top-100-most-popular-meme-stocks-today
2026-08-03T18:09:12+02:00,YOU,CLEAR Secure,31,10,43,-6,https://feargreedmeter.com/top-100-most-popular-meme-stocks-today
2026-08-03T18:09:12+02:00,IONQ,IonQ,19,10,44,0,https://feargreedmeter.com/top-100-most-popular-meme-stocks-today
2026-08-03T18:09:12+02:00,GRND,Grindr,14,10,45,9,https://feargreedmeter.com/top-100-most-popular-meme-stocks-today
2026-08-03T18:09:12+02:00,CRWV,CoreWeave,17,10,46,9,https://feargreedmeter.com/top-100-most-popular-meme-stocks-today
2026-08-03T18:09:12+02:00,IQ,iQIYI,40,9,47,5,https://feargreedmeter.com/top-100-most-popular-meme-stocks-today
2026-08-03T18:09:12+02:00,CC,Chemours,12,9,48,-1,https://feargreedmeter.com/top-100-most-popular-meme-stocks-today
2026-08-03T18:09:12+02:00,TQQQ,ProShares Trust - ProShares UltraPro QQQ,106,9,49,7,https://feargreedmeter.com/top-100-most-popular-meme-stocks-today
2026-08-03T18:09:12+02:00,WDC,Western Digital,21,8,50,7,https://feargreedmeter.com/top-100-most-popular-meme-stocks-today
2026-08-03T18:09:12+02:00,ASML,ASML,33,8,51,6,https://feargreedmeter.com/top-100-most-popular-meme-stocks-today
2026-08-03T18:09:12+02:00,BE,Bloom Energy,14,8,52,1,https://feargreedmeter.com/top-100-most-popular-meme-stocks-today
2026-08-03T18:09:12+02:00,FOR,Forestar Group,37,8,53,7,https://feargreedmeter.com/top-100-most-popular-meme-stocks-today
2026-08-03T18:09:12+02:00,AVGO,Broadcom,32,7,54,2,https://feargreedmeter.com/top-100-most-popular-meme-stocks-today
2026-08-03T18:09:12+02:00,OR,Osisko Gold Royalties,19,7,55,5,https://feargreedmeter.com/top-100-most-popular-meme-stocks-today
2026-08-03T18:09:12+02:00,ET,Energy Transfer Partners,36,7,56,3,https://feargreedmeter.com/top-100-most-popular-meme-stocks-today
2026-08-03T18:09:12+02:00,SMH,VanEck Vectors ETF Trust - VanEck Vectors Semiconductor ETF,11,7,57,6,https://feargreedmeter.com/top-100-most-popular-meme-stocks-today
2026-08-03T18:09:12+02:00,SOXS,Direxion Shares ETF Trust - Direxion Daily Semiconductor Bear 3X Share,12,7,58,-2,https://feargreedmeter.com/top-100-most-popular-meme-stocks-today
2026-08-03T18:09:12+02:00,AMC,AMC Entertainment,11,7,59,-4,https://feargreedmeter.com/top-100-most-popular-meme-stocks-today
2026-08-03T18:09:12+02:00,OPEN,Opendoor,44,7,60,6,https://feargreedmeter.com/top-100-most-popular-meme-stocks-today
2026-08-03T18:09:12+02:00,ALL,Allstate,13,6,61,-1,https://feargreedmeter.com/top-100-most-popular-meme-stocks-today
2026-08-03T18:09:12+02:00,WU,Western Union,7,6,62,-1,https://feargreedmeter.com/top-100-most-popular-meme-stocks-today
2026-08-03T18:09:12+02:00,SMCI,Supermicro,8,6,63,4,https://feargreedmeter.com/top-100-most-popular-meme-stocks-today
2026-08-03T18:09:12+02:00,HBM,Hudbay Minerals,13,6,64,0,https://feargreedmeter.com/top-100-most-popular-meme-stocks-today
2026-08-03T18:09:12+02:00,CAKE,The Cheesecake Factory,91,6,65,-2,https://feargreedmeter.com/top-100-most-popular-meme-stocks-today
2026-08-03T18:09:12+02:00,MSTR,MicroStrategy,19,6,66,-4,https://feargreedmeter.com/top-100-most-popular-meme-stocks-today
2026-08-03T18:09:12+02:00,APP,AppLovin,36,6,67,5,https://feargreedmeter.com/top-100-most-popular-meme-stocks-today
2026-08-03T18:09:12+02:00,DOW,Dow,8,5,68,2,https://feargreedmeter.com/top-100-most-popular-meme-stocks-today
2026-08-03T18:09:12+02:00,SO,Southern Company,12,5,69,3,https://feargreedmeter.com/top-100-most-popular-meme-stocks-today
2026-08-03T18:09:12+02:00,BABA,Alibaba,9,5,70,4,https://feargreedmeter.com/top-100-most-popular-meme-stocks-today
2026-08-03T18:09:12+02:00,ON,ON Semiconductor,16,5,71,4,https://feargreedmeter.com/top-100-most-popular-meme-stocks-today
2026-08-03T18:09:12+02:00,FSLR,First Solar,11,5,72,5,https://feargreedmeter.com/top-100-most-popular-meme-stocks-today
2026-08-03T18:09:12+02:00,EWY,BlackRock Institutional Trust Company N.A. - iShares MSCI South Korea,13,5,73,4,https://feargreedmeter.com/top-100-most-popular-meme-stocks-today
2026-08-03T18:09:12+02:00,IG,Principal Exchange-Traded Funds - Principal Investment Grade Corporate,22,5,74,4,https://feargreedmeter.com/top-100-most-popular-meme-stocks-today
2026-08-03T18:09:12+02:00,TLT,BlackRock Institutional Trust Company N.A. - BTC iShares 20+ Year Trea,3,5,75,-6,https://feargreedmeter.com/top-100-most-popular-meme-stocks-today
2026-08-03T18:09:12+02:00,MVIS,Microvision,6,5,76,5,https://feargreedmeter.com/top-100-most-popular-meme-stocks-today
2026-08-03T18:09:12+02:00,IREN,Iris Energy,43,5,77,1,https://feargreedmeter.com/top-100-most-popular-meme-stocks-today
2026-08-03T18:09:12+02:00,TIL,Instil Bio,32,5,78,4,https://feargreedmeter.com/top-100-most-popular-meme-stocks-today
2026-08-03T18:09:12+02:00,GLP,Global Partners LP,23,5,79,-4,https://feargreedmeter.com/top-100-most-popular-meme-stocks-today
2026-08-03T18:09:12+02:00,PR,Permian Resources,4,5,80,2,https://feargreedmeter.com/top-100-most-popular-meme-stocks-today
2026-08-03T18:09:12+02:00,DJT,Trump Media & Technology Group,22,5,81,-3,https://feargreedmeter.com/top-100-most-popular-meme-stocks-today
2026-08-03T18:09:12+02:00,OS,OneStream,14,5,82,3,https://feargreedmeter.com/top-100-most-popular-meme-stocks-today
2026-08-03T18:09:12+02:00,DIS,Walt Disney,21,4,83,3,https://feargreedmeter.com/top-100-most-popular-meme-stocks-today
2026-08-03T18:09:12+02:00,LLY,Eli Lilly,12,4,84,2,https://feargreedmeter.com/top-100-most-popular-meme-stocks-today
2026-08-03T18:09:12+02:00,MRVL,Marvell Technology Group,22,4,85,2,https://feargreedmeter.com/top-100-most-popular-meme-stocks-today
2026-08-03T18:09:12+02:00,WTI,W&T Offshore,27,4,86,3,https://feargreedmeter.com/top-100-most-popular-meme-stocks-today
2026-08-03T18:09:12+02:00,IBKR,Interactive Brokers,5,4,87,-4,https://feargreedmeter.com/top-100-most-popular-meme-stocks-today
2026-08-03T18:09:12+02:00,SCHD,Schwab Strategic Trust - CSIM Schwab US Dividend Equity ETF,27,4,88,2,https://feargreedmeter.com/top-100-most-popular-meme-stocks-today
2026-08-03T18:09:12+02:00,MAGA,ETF Series Solutions Trust - Point Bridge GOP Stock Tracker ETF,87,4,89,1,https://feargreedmeter.com/top-100-most-popular-meme-stocks-today
2026-08-03T18:09:12+02:00,DFNS,IronNet,6,4,90,4,https://feargreedmeter.com/top-100-most-popular-meme-stocks-today
2026-08-03T18:09:12+02:00,UP,Wheels Up,8,4,91,2,https://feargreedmeter.com/top-100-most-popular-meme-stocks-today
2026-08-03T18:09:12+02:00,DC,Dakota Gold,42,4,92,0,https://feargreedmeter.com/top-100-most-popular-meme-stocks-today
2026-08-03T18:09:12+02:00,LINK,Interlink Electronics,5,4,93,3,https://feargreedmeter.com/top-100-most-popular-meme-stocks-today
2026-08-03T18:09:12+02:00,MA,Mastercard,3,3,94,-1,https://feargreedmeter.com/top-100-most-popular-meme-stocks-today
2026-08-03T18:09:12+02:00,TSM,TSMC,14,3,95,2,https://feargreedmeter.com/top-100-most-popular-meme-stocks-today
2026-08-03T18:09:12+02:00,NVO,Novo Nordisk,11,3,96,2,https://feargreedmeter.com/top-100-most-popular-meme-stocks-today
2026-08-03T18:09:12+02:00,CRM,Salesforce,27,3,97,1,https://feargreedmeter.com/top-100-most-popular-meme-stocks-today
2026-08-03T18:09:12+02:00,STX,Seagate Technology,24,3,98,2,https://feargreedmeter.com/top-100-most-popular-meme-stocks-today
2026-08-03T18:09:12+02:00,OI,O-I Glass,17,3,99,0,https://feargreedmeter.com/top-100-most-popular-meme-stocks-today
2026-08-03T18:09:12+02:00,AGI,Alamos Gold,11,3,100,-4,https://feargreedmeter.com/top-100-most-popular-meme-stocks-today
2026-08-03T20:04:33+02:00,MU,Micron Technology,1833,467,1,380,https://feargreedmeter.com/top-100-most-popular-meme-stocks-today
2026-08-03T20:04:33+02:00,SPY,SPDR S&P 500 ETF Trust,1066,303,2,231,https://feargreedmeter.com/top-100-most-popular-meme-stocks-today
2026-08-03T20:04:33+02:00,MSFT,Microsoft,861,181,3,140,https://feargreedmeter.com/top-100-most-popular-meme-stocks-today
2026-08-03T20:04:33+02:00,SNDK,Sandisk,403,148,4,108,https://feargreedmeter.com/top-100-most-popular-meme-stocks-today
2026-08-03T20:04:33+02:00,SPCX,SpaceX,379,125,5,86,https://feargreedmeter.com/top-100-most-popular-meme-stocks-today
2026-08-03T20:04:33+02:00,NVDA,NVIDIA,323,114,6,85,https://feargreedmeter.com/top-100-most-popular-meme-stocks-today
2026-08-03T20:04:33+02:00,RDDT,Reddit,533,113,7,88,https://feargreedmeter.com/top-100-most-popular-meme-stocks-today
2026-08-03T20:04:33+02:00,META,Meta Platforms (Facebook),493,88,8,78,https://feargreedmeter.com/top-100-most-popular-meme-stocks-today
2026-08-03T20:04:33+02:00,QQQ,Invesco QQQ ETF,186,84,9,52,https://feargreedmeter.com/top-100-most-popular-meme-stocks-today
2026-08-03T20:04:33+02:00,AMD,AMD,340,78,10,48,https://feargreedmeter.com/top-100-most-popular-meme-stocks-today
2026-08-03T20:04:33+02:00,AAPL,Apple,225,69,11,57,https://feargreedmeter.com/top-100-most-popular-meme-stocks-today
2026-08-03T20:04:33+02:00,NBIS,Nebius Group,146,56,12,45,https://feargreedmeter.com/top-100-most-popular-meme-stocks-today
2026-08-03T20:04:33+02:00,GOOGL,Alphabet (Google),151,56,13,49,https://feargreedmeter.com/top-100-most-popular-meme-stocks-today
2026-08-03T20:04:33+02:00,PLTR,Palantir,126,55,14,44,https://feargreedmeter.com/top-100-most-popular-meme-stocks-today
2026-08-03T20:04:33+02:00,AMZN,Amazon,227,54,15,24,https://feargreedmeter.com/top-100-most-popular-meme-stocks-today
2026-08-03T20:04:33+02:00,SOXL,Direxion Shares ETF Trust - Direxion Daily Semiconductor Bull 3X Share,120,47,16,25,https://feargreedmeter.com/top-100-most-popular-meme-stocks-today
2026-08-03T20:04:33+02:00,CD,Chindata,120,45,17,44,https://feargreedmeter.com/top-100-most-popular-meme-stocks-today
2026-08-03T20:04:33+02:00,GOOG,Alphabet (Google),418,44,18,30,https://feargreedmeter.com/top-100-most-popular-meme-stocks-today
2026-08-03T20:04:33+02:00,DTE,DTE Energy,84,33,19,-5,https://feargreedmeter.com/top-100-most-popular-meme-stocks-today
2026-08-03T20:04:33+02:00,SNAP,Snap,299,28,20,26,https://feargreedmeter.com/top-100-most-popular-meme-stocks-today
2026-08-03T20:04:33+02:00,IP,International Paper,150,26,21,12,https://feargreedmeter.com/top-100-most-popular-meme-stocks-today
2026-08-03T20:04:33+02:00,TSLA,Tesla,84,23,22,13,https://feargreedmeter.com/top-100-most-popular-meme-stocks-today
2026-08-03T20:04:33+02:00,RR,Richtech Robotics,68,22,23,12,https://feargreedmeter.com/top-100-most-popular-meme-stocks-today
2026-08-03T20:04:33+02:00,VOO,Vanguard S&P 500 ETF,108,21,24,5,https://feargreedmeter.com/top-100-most-popular-meme-stocks-today
2026-08-03T20:04:33+02:00,API,Agora.io,85,19,25,-15,https://feargreedmeter.com/top-100-most-popular-meme-stocks-today
2026-08-03T20:04:33+02:00,RKLB,Rocket Lab USA,129,19,26,3,https://feargreedmeter.com/top-100-most-popular-meme-stocks-today
2026-08-03T20:04:33+02:00,ASTS,AST SpaceMobile,62,18,27,8,https://feargreedmeter.com/top-100-most-popular-meme-stocks-today
2026-08-03T20:04:33+02:00,SGOV,iShares Trust - iShares 0-3 Month Treasury Bond ETF,88,17,28,14,https://feargreedmeter.com/top-100-most-popular-meme-stocks-today
2026-08-03T20:04:33+02:00,AAOI,Applied Optoelectronics,177,16,29,13,https://feargreedmeter.com/top-100-most-popular-meme-stocks-today
2026-08-03T20:04:33+02:00,SOXX,BlackRock Institutional Trust Company N.A. - BTC iShares PHLX Semicond,37,16,30,15,https://feargreedmeter.com/top-100-most-popular-meme-stocks-today
2026-08-03T20:04:33+02:00,NOW,ServiceNow,48,16,31,8,https://feargreedmeter.com/top-100-most-popular-meme-stocks-today
2026-08-03T20:04:33+02:00,ORCL,Oracle,29,16,32,10,https://feargreedmeter.com/top-100-most-popular-meme-stocks-today
2026-08-03T20:04:33+02:00,USO,United States Commodity Funds LLC - United States Oil Fund,38,15,33,11,https://feargreedmeter.com/top-100-most-popular-meme-stocks-today
2026-08-03T20:04:33+02:00,AM,Antero Midstream,50,15,34,9,https://feargreedmeter.com/top-100-most-popular-meme-stocks-today
2026-08-03T20:04:33+02:00,IT,Gartner,45,14,35,0,https://feargreedmeter.com/top-100-most-popular-meme-stocks-today
2026-08-03T20:04:33+02:00,ES,Eversource Energy,38,14,36,9,https://feargreedmeter.com/top-100-most-popular-meme-stocks-today
2026-08-03T20:04:33+02:00,HOOD,Robinhood,34,13,37,11,https://feargreedmeter.com/top-100-most-popular-meme-stocks-today
2026-08-03T20:04:33+02:00,NFLX,Netflix,22,13,38,8,https://feargreedmeter.com/top-100-most-popular-meme-stocks-today
2026-08-03T20:04:33+02:00,BE,Bloom Energy,18,12,39,6,https://feargreedmeter.com/top-100-most-popular-meme-stocks-today
2026-08-03T20:04:33+02:00,CC,Chemours,13,12,40,3,https://feargreedmeter.com/top-100-most-popular-meme-stocks-today
2026-08-03T20:04:33+02:00,EU,enCore Energy,23,11,41,-5,https://feargreedmeter.com/top-100-most-popular-meme-stocks-today
2026-08-03T20:04:33+02:00,IONQ,IonQ,15,11,42,0,https://feargreedmeter.com/top-100-most-popular-meme-stocks-today
2026-08-03T20:04:33+02:00,YOU,CLEAR Secure,20,11,43,-5,https://feargreedmeter.com/top-100-most-popular-meme-stocks-today
2026-08-03T20:04:33+02:00,TQQQ,ProShares Trust - ProShares UltraPro QQQ,110,11,44,9,https://feargreedmeter.com/top-100-most-popular-meme-stocks-today
2026-08-03T20:04:33+02:00,WDC,Western Digital,26,11,45,10,https://feargreedmeter.com/top-100-most-popular-meme-stocks-today
2026-08-03T20:04:33+02:00,INTC,Intel,27,11,46,9,https://feargreedmeter.com/top-100-most-popular-meme-stocks-today
2026-08-03T20:04:33+02:00,CRWV,CoreWeave,17,10,47,9,https://feargreedmeter.com/top-100-most-popular-meme-stocks-today
2026-08-03T20:04:33+02:00,GRND,Grindr,15,10,48,8,https://feargreedmeter.com/top-100-most-popular-meme-stocks-today
2026-08-03T20:04:33+02:00,FOR,Forestar Group,43,10,49,7,https://feargreedmeter.com/top-100-most-popular-meme-stocks-today
2026-08-03T20:04:33+02:00,FCF,First Commonwealth Financial Corp,28,10,50,6,https://feargreedmeter.com/top-100-most-popular-meme-stocks-today
2026-08-03T20:04:33+02:00,OPEN,Opendoor,53,9,51,8,https://feargreedmeter.com/top-100-most-popular-meme-stocks-today
2026-08-03T20:04:33+02:00,SOXS,Direxion Shares ETF Trust - Direxion Daily Semiconductor Bear 3X Share,15,9,52,0,https://feargreedmeter.com/top-100-most-popular-meme-stocks-today
2026-08-03T20:04:33+02:00,IQ,iQIYI,49,9,53,5,https://feargreedmeter.com/top-100-most-popular-meme-stocks-today
2026-08-03T20:04:33+02:00,ALL,Allstate,17,9,54,3,https://feargreedmeter.com/top-100-most-popular-meme-stocks-today
2026-08-03T20:04:33+02:00,AVGO,Broadcom,34,9,55,8,https://feargreedmeter.com/top-100-most-popular-meme-stocks-today
2026-08-03T20:04:33+02:00,DJT,Trump Media & Technology Group,38,8,56,1,https://feargreedmeter.com/top-100-most-popular-meme-stocks-today
2026-08-03T20:04:33+02:00,SMH,VanEck Vectors ETF Trust - VanEck Vectors Semiconductor ETF,14,8,57,7,https://feargreedmeter.com/top-100-most-popular-meme-stocks-today
2026-08-03T20:04:33+02:00,WEN,Wendy’s Company,38,8,58,4,https://feargreedmeter.com/top-100-most-popular-meme-stocks-today
2026-08-03T20:04:33+02:00,ASML,ASML,35,8,59,7,https://feargreedmeter.com/top-100-most-popular-meme-stocks-today
2026-08-03T20:04:33+02:00,AMC,AMC Entertainment,11,7,60,-3,https://feargreedmeter.com/top-100-most-popular-meme-stocks-today
2026-08-03T20:04:33+02:00,CAKE,The Cheesecake Factory,151,7,61,-1,https://feargreedmeter.com/top-100-most-popular-meme-stocks-today
2026-08-03T20:04:33+02:00,IG,Principal Exchange-Traded Funds - Principal Investment Grade Corporate,30,7,62,6,https://feargreedmeter.com/top-100-most-popular-meme-stocks-today
2026-08-03T20:04:33+02:00,ET,Energy Transfer Partners,34,7,63,4,https://feargreedmeter.com/top-100-most-popular-meme-stocks-today
2026-08-03T20:04:33+02:00,HBM,Hudbay Minerals,-3,7,64,4,https://feargreedmeter.com/top-100-most-popular-meme-stocks-today
2026-08-03T20:04:33+02:00,OR,Osisko Gold Royalties,20,7,65,5,https://feargreedmeter.com/top-100-most-popular-meme-stocks-today
2026-08-03T20:04:33+02:00,ON,ON Semiconductor,19,7,66,6,https://feargreedmeter.com/top-100-most-popular-meme-stocks-today
2026-08-03T20:04:33+02:00,DFNS,IronNet,9,6,67,6,https://feargreedmeter.com/top-100-most-popular-meme-stocks-today
2026-08-03T20:04:33+02:00,MSTR,MicroStrategy,19,6,68,-3,https://feargreedmeter.com/top-100-most-popular-meme-stocks-today
2026-08-03T20:04:33+02:00,TLT,BlackRock Institutional Trust Company N.A. - BTC iShares 20+ Year Trea,6,6,69,0,https://feargreedmeter.com/top-100-most-popular-meme-stocks-today
2026-08-03T20:04:33+02:00,SMCI,Supermicro,8,6,70,4,https://feargreedmeter.com/top-100-most-popular-meme-stocks-today
2026-08-03T20:04:33+02:00,WU,Western Union,7,6,71,-2,https://feargreedmeter.com/top-100-most-popular-meme-stocks-today
2026-08-03T20:04:33+02:00,SO,Southern Company,14,6,72,4,https://feargreedmeter.com/top-100-most-popular-meme-stocks-today
2026-08-03T20:04:33+02:00,LLY,Eli Lilly,14,6,73,4,https://feargreedmeter.com/top-100-most-popular-meme-stocks-today
2026-08-03T20:04:33+02:00,DC,Dakota Gold,50,5,74,1,https://feargreedmeter.com/top-100-most-popular-meme-stocks-today
2026-08-03T20:04:33+02:00,GLP,Global Partners LP,23,5,75,-1,https://feargreedmeter.com/top-100-most-popular-meme-stocks-today
2026-08-03T20:04:33+02:00,TIL,Instil Bio,33,5,76,4,https://feargreedmeter.com/top-100-most-popular-meme-stocks-today
2026-08-03T20:04:33+02:00,IREN,Iris Energy,47,5,77,2,https://feargreedmeter.com/top-100-most-popular-meme-stocks-today
2026-08-03T20:04:33+02:00,APP,AppLovin,42,5,78,4,https://feargreedmeter.com/top-100-most-popular-meme-stocks-today
2026-08-03T20:04:33+02:00,MVIS,Microvision,14,5,79,5,https://feargreedmeter.com/top-100-most-popular-meme-stocks-today
2026-08-03T20:04:33+02:00,EWY,BlackRock Institutional Trust Company N.A. - iShares MSCI South Korea,13,5,80,4,https://feargreedmeter.com/top-100-most-popular-meme-stocks-today
2026-08-03T20:04:33+02:00,SCHD,Schwab Strategic Trust - CSIM Schwab US Dividend Equity ETF,30,5,81,3,https://feargreedmeter.com/top-100-most-popular-meme-stocks-today
2026-08-03T20:04:33+02:00,FSLR,First Solar,15,5,82,5,https://feargreedmeter.com/top-100-most-popular-meme-stocks-today
2026-08-03T20:04:33+02:00,BABA,Alibaba,9,5,83,4,https://feargreedmeter.com/top-100-most-popular-meme-stocks-today
2026-08-03T20:04:33+02:00,DOW,Dow,8,5,84,2,https://feargreedmeter.com/top-100-most-popular-meme-stocks-today
2026-08-03T20:04:33+02:00,OS,OneStream,13,4,85,2,https://feargreedmeter.com/top-100-most-popular-meme-stocks-today
2026-08-03T20:04:33+02:00,LINK,Interlink Electronics,5,4,86,3,https://feargreedmeter.com/top-100-most-popular-meme-stocks-today
2026-08-03T20:04:33+02:00,ONDS,Ondas Holdings,9,4,87,3,https://feargreedmeter.com/top-100-most-popular-meme-stocks-today
2026-08-03T20:04:33+02:00,UP,Wheels Up,42,4,88,2,https://feargreedmeter.com/top-100-most-popular-meme-stocks-today
2026-08-03T20:04:33+02:00,PUMP,ProPetro,13,4,89,3,https://feargreedmeter.com/top-100-most-popular-meme-stocks-today
2026-08-03T20:04:33+02:00,KORU,Direxion Shares ETF Trust - Direxion Daily South Korea Bull 3X Shares,8,4,90,1,https://feargreedmeter.com/top-100-most-popular-meme-stocks-today
2026-08-03T20:04:33+02:00,AGI,Alamos Gold,12,4,91,-3,https://feargreedmeter.com/top-100-most-popular-meme-stocks-today
2026-08-03T20:04:33+02:00,IBKR,Interactive Brokers,6,4,92,-4,https://feargreedmeter.com/top-100-most-popular-meme-stocks-today
2026-08-03T20:04:33+02:00,CELH,Celsius Holdings,10,4,93,3,https://feargreedmeter.com/top-100-most-popular-meme-stocks-today
2026-08-03T20:04:33+02:00,MRVL,Marvell Technology Group,20,4,94,2,https://feargreedmeter.com/top-100-most-popular-meme-stocks-today
2026-08-03T20:04:33+02:00,DIS,Walt Disney,23,4,95,3,https://feargreedmeter.com/top-100-most-popular-meme-stocks-today
2026-08-03T20:04:33+02:00,TSM,TSMC,18,4,96,3,https://feargreedmeter.com/top-100-most-popular-meme-stocks-today
2026-08-03T20:04:33+02:00,JMKE,Jersey Mike's Subs,5,3,97,3,https://feargreedmeter.com/top-100-most-popular-meme-stocks-today
2026-08-03T20:04:33+02:00,RITR,Reitar Logtech Holdings,8,3,98,3,https://feargreedmeter.com/top-100-most-popular-meme-stocks-today
2026-08-03T20:04:33+02:00,WAY,Waystar,8,3,99,2,https://feargreedmeter.com/top-100-most-popular-meme-stocks-today
2026-08-03T20:04:33+02:00,INDV,Indivior PLC,5,3,100,2,https://feargreedmeter.com/top-100-most-popular-meme-stocks-today
