data_pobrania,kod,nazwa,upvotes,mentions,rank,mention_change,source_url
2026-08-08T00:16:53+02:00,HTZ,Hertz,8179,2379,1,1458,https://feargreedmeter.com/top-100-most-popular-meme-stocks-today
2026-08-08T00:16:53+02:00,SPCX,SpaceX,2787,381,2,-19,https://feargreedmeter.com/top-100-most-popular-meme-stocks-today
2026-08-08T00:16:53+02:00,SPY,SPDR S&P 500 ETF Trust,1540,346,3,-101,https://feargreedmeter.com/top-100-most-popular-meme-stocks-today
2026-08-08T00:16:53+02:00,MU,Micron Technology,529,232,4,-16,https://feargreedmeter.com/top-100-most-popular-meme-stocks-today
2026-08-08T00:16:53+02:00,SNDK,Sandisk,413,137,5,-264,https://feargreedmeter.com/top-100-most-popular-meme-stocks-today
2026-08-08T00:16:53+02:00,MSFT,Microsoft,307,96,6,-26,https://feargreedmeter.com/top-100-most-popular-meme-stocks-today
2026-08-08T00:16:53+02:00,QQQ,Invesco QQQ ETF,293,92,7,-56,https://feargreedmeter.com/top-100-most-popular-meme-stocks-today
2026-08-08T00:16:53+02:00,NVDA,NVIDIA,184,90,8,-69,https://feargreedmeter.com/top-100-most-popular-meme-stocks-today
2026-08-08T00:16:53+02:00,NBIS,Nebius Group,186,90,9,16,https://feargreedmeter.com/top-100-most-popular-meme-stocks-today
2026-08-08T00:16:53+02:00,RKLB,Rocket Lab USA,236,86,10,55,https://feargreedmeter.com/top-100-most-popular-meme-stocks-today
2026-08-08T00:16:53+02:00,DTE,DTE Energy,273,84,11,-13,https://feargreedmeter.com/top-100-most-popular-meme-stocks-today
2026-08-08T00:16:53+02:00,SOUN,SoundHound AI,134,83,12,-15,https://feargreedmeter.com/top-100-most-popular-meme-stocks-today
2026-08-08T00:16:53+02:00,PLTR,Palantir,137,78,13,56,https://feargreedmeter.com/top-100-most-popular-meme-stocks-today
2026-08-08T00:16:53+02:00,AMD,AMD,111,69,14,-19,https://feargreedmeter.com/top-100-most-popular-meme-stocks-today
2026-08-08T00:16:53+02:00,ASTS,AST SpaceMobile,129,64,15,21,https://feargreedmeter.com/top-100-most-popular-meme-stocks-today
2026-08-08T00:16:53+02:00,DOCS,Doximity,202,64,16,59,https://feargreedmeter.com/top-100-most-popular-meme-stocks-today
2026-08-08T00:16:53+02:00,GOOGL,Alphabet (Google),127,58,17,9,https://feargreedmeter.com/top-100-most-popular-meme-stocks-today
2026-08-08T00:16:53+02:00,WEN,Wendy’s Company,322,55,18,16,https://feargreedmeter.com/top-100-most-popular-meme-stocks-today
2026-08-08T00:16:53+02:00,TSLA,Tesla,629,54,19,8,https://feargreedmeter.com/top-100-most-popular-meme-stocks-today
2026-08-08T00:16:53+02:00,META,Meta Platforms (Facebook),75,46,20,-2,https://feargreedmeter.com/top-100-most-popular-meme-stocks-today
2026-08-08T00:16:53+02:00,GOOG,Alphabet (Google),79,45,21,17,https://feargreedmeter.com/top-100-most-popular-meme-stocks-today
2026-08-08T00:16:53+02:00,OKLO,Oklo,60,41,22,27,https://feargreedmeter.com/top-100-most-popular-meme-stocks-today
2026-08-08T00:16:53+02:00,TTD,The Trade Desk,71,38,23,-25,https://feargreedmeter.com/top-100-most-popular-meme-stocks-today
2026-08-08T00:16:53+02:00,OPEN,Opendoor,175,36,24,20,https://feargreedmeter.com/top-100-most-popular-meme-stocks-today
2026-08-08T00:16:53+02:00,TTWO,Take 2 Interactive,76,34,25,21,https://feargreedmeter.com/top-100-most-popular-meme-stocks-today
2026-08-08T00:16:53+02:00,AAPL,Apple,51,33,26,-16,https://feargreedmeter.com/top-100-most-popular-meme-stocks-today
2026-08-08T00:16:53+02:00,RDDT,Reddit,64,30,27,9,https://feargreedmeter.com/top-100-most-popular-meme-stocks-today
2026-08-08T00:16:53+02:00,CAR,Avis Budget Group,75,29,28,16,https://feargreedmeter.com/top-100-most-popular-meme-stocks-today
2026-08-08T00:16:53+02:00,WDC,Western Digital,42,28,29,-57,https://feargreedmeter.com/top-100-most-popular-meme-stocks-today
2026-08-08T00:16:53+02:00,SOXL,Direxion Shares ETF Trust - Direxion Daily Semiconductor Bull 3X Share,31,26,30,11,https://feargreedmeter.com/top-100-most-popular-meme-stocks-today
2026-08-08T00:16:53+02:00,NOW,ServiceNow,30,25,31,0,https://feargreedmeter.com/top-100-most-popular-meme-stocks-today
2026-08-08T00:16:53+02:00,VOO,Vanguard S&P 500 ETF,35,23,32,-32,https://feargreedmeter.com/top-100-most-popular-meme-stocks-today
2026-08-08T00:16:53+02:00,AAOI,Applied Optoelectronics,56,23,33,-19,https://feargreedmeter.com/top-100-most-popular-meme-stocks-today
2026-08-08T00:16:53+02:00,CELH,Celsius Holdings,34,22,34,-4,https://feargreedmeter.com/top-100-most-popular-meme-stocks-today
2026-08-08T00:16:53+02:00,GLD,SSgA SPDR Gold Shares,41,22,35,11,https://feargreedmeter.com/top-100-most-popular-meme-stocks-today
2026-08-08T00:16:53+02:00,ALL,Allstate,69,21,36,8,https://feargreedmeter.com/top-100-most-popular-meme-stocks-today
2026-08-08T00:16:53+02:00,AM,Antero Midstream,89,21,37,-18,https://feargreedmeter.com/top-100-most-popular-meme-stocks-today
2026-08-08T00:16:53+02:00,MSTR,MicroStrategy,95,21,38,16,https://feargreedmeter.com/top-100-most-popular-meme-stocks-today
2026-08-08T00:16:53+02:00,TEAM,Atlassian,34,19,39,-13,https://feargreedmeter.com/top-100-most-popular-meme-stocks-today
2026-08-08T00:16:53+02:00,UP,Wheels Up,211,18,40,11,https://feargreedmeter.com/top-100-most-popular-meme-stocks-today
2026-08-08T00:16:53+02:00,ES,Eversource Energy,37,17,41,-7,https://feargreedmeter.com/top-100-most-popular-meme-stocks-today
2026-08-08T00:16:53+02:00,IT,Gartner,123,17,42,-5,https://feargreedmeter.com/top-100-most-popular-meme-stocks-today
2026-08-08T00:16:53+02:00,NET,Cloudflare,35,17,43,-7,https://feargreedmeter.com/top-100-most-popular-meme-stocks-today
2026-08-08T00:16:53+02:00,YOU,CLEAR Secure,42,17,44,6,https://feargreedmeter.com/top-100-most-popular-meme-stocks-today
2026-08-08T00:16:53+02:00,CRSR,Corsair Gaming,21,16,45,7,https://feargreedmeter.com/top-100-most-popular-meme-stocks-today
2026-08-08T00:16:53+02:00,JPM,JPMorgan Chase,32,15,46,3,https://feargreedmeter.com/top-100-most-popular-meme-stocks-today
2026-08-08T00:16:53+02:00,USO,United States Commodity Funds LLC - United States Oil Fund,21,15,47,-1,https://feargreedmeter.com/top-100-most-popular-meme-stocks-today
2026-08-08T00:16:53+02:00,VT,"Vanguard Group, Inc. - Vanguard Total World Stock ETF",27,15,48,6,https://feargreedmeter.com/top-100-most-popular-meme-stocks-today
2026-08-08T00:16:53+02:00,TLT,BlackRock Institutional Trust Company N.A. - BTC iShares 20+ Year Trea,71,15,49,12,https://feargreedmeter.com/top-100-most-popular-meme-stocks-today
2026-08-08T00:16:53+02:00,SNOW,Snowflake,22,14,50,12,https://feargreedmeter.com/top-100-most-popular-meme-stocks-today
2026-08-08T00:16:53+02:00,SMCI,Supermicro,57,13,51,12,https://feargreedmeter.com/top-100-most-popular-meme-stocks-today
2026-08-08T00:16:53+02:00,IBKR,Interactive Brokers,73,13,52,5,https://feargreedmeter.com/top-100-most-popular-meme-stocks-today
2026-08-08T00:16:53+02:00,SLV,iShares Silver Trust,27,13,53,7,https://feargreedmeter.com/top-100-most-popular-meme-stocks-today
2026-08-08T00:16:53+02:00,PUMP,ProPetro,43,13,54,6,https://feargreedmeter.com/top-100-most-popular-meme-stocks-today
2026-08-08T00:16:53+02:00,ONDS,Ondas Holdings,26,13,55,1,https://feargreedmeter.com/top-100-most-popular-meme-stocks-today
2026-08-08T00:16:53+02:00,CRWV,CoreWeave,24,13,56,4,https://feargreedmeter.com/top-100-most-popular-meme-stocks-today
2026-08-08T00:16:53+02:00,AMZN,Amazon,36,12,57,0,https://feargreedmeter.com/top-100-most-popular-meme-stocks-today
2026-08-08T00:16:53+02:00,GL,Globe Life,23,12,58,5,https://feargreedmeter.com/top-100-most-popular-meme-stocks-today
2026-08-08T00:16:53+02:00,SO,Southern Company,245,12,59,7,https://feargreedmeter.com/top-100-most-popular-meme-stocks-today
2026-08-08T00:16:53+02:00,GO,Grocery Outlet,67,12,60,5,https://feargreedmeter.com/top-100-most-popular-meme-stocks-today
2026-08-08T00:16:53+02:00,AGI,Alamos Gold,76,12,61,4,https://feargreedmeter.com/top-100-most-popular-meme-stocks-today
2026-08-08T00:16:53+02:00,MP,MP Materials,40,12,62,7,https://feargreedmeter.com/top-100-most-popular-meme-stocks-today
2026-08-08T00:16:53+02:00,EU,enCore Energy,-23,12,63,2,https://feargreedmeter.com/top-100-most-popular-meme-stocks-today
2026-08-08T00:16:53+02:00,IQ,iQIYI,49,11,64,3,https://feargreedmeter.com/top-100-most-popular-meme-stocks-today
2026-08-08T00:16:53+02:00,BE,Bloom Energy,38,11,65,4,https://feargreedmeter.com/top-100-most-popular-meme-stocks-today
2026-08-08T00:16:53+02:00,CAN,Canaan,35,11,66,10,https://feargreedmeter.com/top-100-most-popular-meme-stocks-today
2026-08-08T00:16:53+02:00,LUNR,Intuitive Machines,74,11,67,10,https://feargreedmeter.com/top-100-most-popular-meme-stocks-today
2026-08-08T00:16:53+02:00,OS,OneStream,37,11,68,8,https://feargreedmeter.com/top-100-most-popular-meme-stocks-today
2026-08-08T00:16:53+02:00,ON,ON Semiconductor,74,10,69,6,https://feargreedmeter.com/top-100-most-popular-meme-stocks-today
2026-08-08T00:16:53+02:00,GOLD,Barrick Gold,29,10,70,7,https://feargreedmeter.com/top-100-most-popular-meme-stocks-today
2026-08-08T00:16:53+02:00,LINK,Interlink Electronics,12,10,71,7,https://feargreedmeter.com/top-100-most-popular-meme-stocks-today
2026-08-08T00:16:53+02:00,PS,Pluralsight,27,9,72,4,https://feargreedmeter.com/top-100-most-popular-meme-stocks-today
2026-08-08T00:16:53+02:00,OR,Osisko Gold Royalties,17,9,73,6,https://feargreedmeter.com/top-100-most-popular-meme-stocks-today
2026-08-08T00:16:53+02:00,ET,Energy Transfer Partners,34,9,74,-5,https://feargreedmeter.com/top-100-most-popular-meme-stocks-today
2026-08-08T00:16:53+02:00,CVNA,Carvana,20,9,75,8,https://feargreedmeter.com/top-100-most-popular-meme-stocks-today
2026-08-08T00:16:53+02:00,SGOV,iShares Trust - iShares 0-3 Month Treasury Bond ETF,43,9,76,4,https://feargreedmeter.com/top-100-most-popular-meme-stocks-today
2026-08-08T00:16:53+02:00,API,Agora.io,24,9,77,-6,https://feargreedmeter.com/top-100-most-popular-meme-stocks-today
2026-08-08T00:16:53+02:00,RR,Richtech Robotics,24,9,78,5,https://feargreedmeter.com/top-100-most-popular-meme-stocks-today
2026-08-08T00:16:53+02:00,CBRS,Cerebras Systems,20,9,79,8,https://feargreedmeter.com/top-100-most-popular-meme-stocks-today
2026-08-08T00:16:53+02:00,LITE,Lumentum,12,8,80,7,https://feargreedmeter.com/top-100-most-popular-meme-stocks-today
2026-08-08T00:16:53+02:00,CC,Chemours,51,8,81,1,https://feargreedmeter.com/top-100-most-popular-meme-stocks-today
2026-08-08T00:16:53+02:00,BYND,Beyond Meat,47,8,82,5,https://feargreedmeter.com/top-100-most-popular-meme-stocks-today
2026-08-08T00:16:53+02:00,ABNB,Airbnb,10,8,83,1,https://feargreedmeter.com/top-100-most-popular-meme-stocks-today
2026-08-08T00:16:53+02:00,FCF,First Commonwealth Financial Corp,15,8,84,2,https://feargreedmeter.com/top-100-most-popular-meme-stocks-today
2026-08-08T00:16:53+02:00,DAY,Dayforce,14,8,85,7,https://feargreedmeter.com/top-100-most-popular-meme-stocks-today
2026-08-08T00:16:53+02:00,DJT,Trump Media & Technology Group,22,8,86,2,https://feargreedmeter.com/top-100-most-popular-meme-stocks-today
2026-08-08T00:16:53+02:00,ORCL,Oracle,3,7,87,3,https://feargreedmeter.com/top-100-most-popular-meme-stocks-today
2026-08-08T00:16:53+02:00,UBER,Uber,60,7,88,1,https://feargreedmeter.com/top-100-most-popular-meme-stocks-today
2026-08-08T00:16:53+02:00,JUST,Goldman Sachs ETF Trust - Goldman Sachs Just Us Large Cap Equity ETF,25,7,89,1,https://feargreedmeter.com/top-100-most-popular-meme-stocks-today
2026-08-08T00:16:53+02:00,GME,GameStop,25,7,90,5,https://feargreedmeter.com/top-100-most-popular-meme-stocks-today
2026-08-08T00:16:53+02:00,LOVE,LoveSac,19,7,91,5,https://feargreedmeter.com/top-100-most-popular-meme-stocks-today
2026-08-08T00:16:53+02:00,HOOD,Robinhood,13,7,92,-3,https://feargreedmeter.com/top-100-most-popular-meme-stocks-today
2026-08-08T00:16:53+02:00,OG,Onion Global,19,7,93,4,https://feargreedmeter.com/top-100-most-popular-meme-stocks-today
2026-08-08T00:16:53+02:00,FIG,Figma,8,7,94,-11,https://feargreedmeter.com/top-100-most-popular-meme-stocks-today
2026-08-08T00:16:53+02:00,KO,Coca-Cola,9,6,95,2,https://feargreedmeter.com/top-100-most-popular-meme-stocks-today
2026-08-08T00:16:53+02:00,SAP,SAP,32,6,96,5,https://feargreedmeter.com/top-100-most-popular-meme-stocks-today
2026-08-08T00:16:53+02:00,IBM,IBM,4,6,97,5,https://feargreedmeter.com/top-100-most-popular-meme-stocks-today
2026-08-08T00:16:53+02:00,REAL,The RealReal,22,6,98,5,https://feargreedmeter.com/top-100-most-popular-meme-stocks-today
2026-08-08T00:16:53+02:00,EDIT,Editas Medicine,6,6,99,5,https://feargreedmeter.com/top-100-most-popular-meme-stocks-today
2026-08-08T00:16:53+02:00,UUUU,Energy Fuels,21,6,100,5,https://feargreedmeter.com/top-100-most-popular-meme-stocks-today
2026-08-08T00:58:50+02:00,HTZ,Hertz,7137,2266,1,1230,https://feargreedmeter.com/top-100-most-popular-meme-stocks-today
2026-08-08T00:58:50+02:00,SPCX,SpaceX,1477,375,2,-19,https://feargreedmeter.com/top-100-most-popular-meme-stocks-today
2026-08-08T00:58:50+02:00,SPY,SPDR S&P 500 ETF Trust,1556,351,3,-93,https://feargreedmeter.com/top-100-most-popular-meme-stocks-today
2026-08-08T00:58:50+02:00,MU,Micron Technology,523,228,4,-20,https://feargreedmeter.com/top-100-most-popular-meme-stocks-today
2026-08-08T00:58:50+02:00,SNDK,Sandisk,399,136,5,-240,https://feargreedmeter.com/top-100-most-popular-meme-stocks-today
2026-08-08T00:58:50+02:00,MSFT,Microsoft,303,94,6,-25,https://feargreedmeter.com/top-100-most-popular-meme-stocks-today
2026-08-08T00:58:50+02:00,NBIS,Nebius Group,199,92,7,18,https://feargreedmeter.com/top-100-most-popular-meme-stocks-today
2026-08-08T00:58:50+02:00,QQQ,Invesco QQQ ETF,286,91,8,-56,https://feargreedmeter.com/top-100-most-popular-meme-stocks-today
2026-08-08T00:58:50+02:00,RKLB,Rocket Lab USA,254,91,9,59,https://feargreedmeter.com/top-100-most-popular-meme-stocks-today
2026-08-08T00:58:50+02:00,NVDA,NVIDIA,185,89,10,-70,https://feargreedmeter.com/top-100-most-popular-meme-stocks-today
2026-08-08T00:58:50+02:00,DTE,DTE Energy,274,83,11,-16,https://feargreedmeter.com/top-100-most-popular-meme-stocks-today
2026-08-08T00:58:50+02:00,SOUN,SoundHound AI,135,83,12,-15,https://feargreedmeter.com/top-100-most-popular-meme-stocks-today
2026-08-08T00:58:50+02:00,PLTR,Palantir,154,82,13,60,https://feargreedmeter.com/top-100-most-popular-meme-stocks-today
2026-08-08T00:58:50+02:00,AMD,AMD,110,68,14,-19,https://feargreedmeter.com/top-100-most-popular-meme-stocks-today
2026-08-08T00:58:50+02:00,ASTS,AST SpaceMobile,128,63,15,19,https://feargreedmeter.com/top-100-most-popular-meme-stocks-today
2026-08-08T00:58:50+02:00,DOCS,Doximity,199,62,16,56,https://feargreedmeter.com/top-100-most-popular-meme-stocks-today
2026-08-08T00:58:50+02:00,GOOGL,Alphabet (Google),130,58,17,10,https://feargreedmeter.com/top-100-most-popular-meme-stocks-today
2026-08-08T00:58:50+02:00,WEN,Wendy’s Company,248,54,18,14,https://feargreedmeter.com/top-100-most-popular-meme-stocks-today
2026-08-08T00:58:50+02:00,TSLA,Tesla,634,53,19,9,https://feargreedmeter.com/top-100-most-popular-meme-stocks-today
2026-08-08T00:58:50+02:00,GOOG,Alphabet (Google),79,45,20,19,https://feargreedmeter.com/top-100-most-popular-meme-stocks-today
2026-08-08T00:58:50+02:00,META,Meta Platforms (Facebook),75,45,21,-4,https://feargreedmeter.com/top-100-most-popular-meme-stocks-today
2026-08-08T00:58:50+02:00,OKLO,Oklo,64,41,22,27,https://feargreedmeter.com/top-100-most-popular-meme-stocks-today
2026-08-08T00:58:50+02:00,TTD,The Trade Desk,70,35,23,-33,https://feargreedmeter.com/top-100-most-popular-meme-stocks-today
2026-08-08T00:58:50+02:00,OPEN,Opendoor,172,35,24,19,https://feargreedmeter.com/top-100-most-popular-meme-stocks-today
2026-08-08T00:58:50+02:00,TTWO,Take 2 Interactive,79,34,25,21,https://feargreedmeter.com/top-100-most-popular-meme-stocks-today
2026-08-08T00:58:50+02:00,AAPL,Apple,52,33,26,-14,https://feargreedmeter.com/top-100-most-popular-meme-stocks-today
2026-08-08T00:58:50+02:00,RDDT,Reddit,65,30,27,11,https://feargreedmeter.com/top-100-most-popular-meme-stocks-today
2026-08-08T00:58:50+02:00,CAR,Avis Budget Group,77,29,28,15,https://feargreedmeter.com/top-100-most-popular-meme-stocks-today
2026-08-08T00:58:50+02:00,WDC,Western Digital,42,27,29,-56,https://feargreedmeter.com/top-100-most-popular-meme-stocks-today
2026-08-08T00:58:50+02:00,SOXL,Direxion Shares ETF Trust - Direxion Daily Semiconductor Bull 3X Share,32,26,30,11,https://feargreedmeter.com/top-100-most-popular-meme-stocks-today
2026-08-08T00:58:50+02:00,NOW,ServiceNow,29,25,31,2,https://feargreedmeter.com/top-100-most-popular-meme-stocks-today
2026-08-08T00:58:50+02:00,VOO,Vanguard S&P 500 ETF,37,23,32,-27,https://feargreedmeter.com/top-100-most-popular-meme-stocks-today
2026-08-08T00:58:50+02:00,AAOI,Applied Optoelectronics,56,23,33,-18,https://feargreedmeter.com/top-100-most-popular-meme-stocks-today
2026-08-08T00:58:50+02:00,AM,Antero Midstream,87,22,34,-17,https://feargreedmeter.com/top-100-most-popular-meme-stocks-today
2026-08-08T00:58:50+02:00,GLD,SSgA SPDR Gold Shares,41,22,35,11,https://feargreedmeter.com/top-100-most-popular-meme-stocks-today
2026-08-08T00:58:50+02:00,ALL,Allstate,68,21,36,7,https://feargreedmeter.com/top-100-most-popular-meme-stocks-today
2026-08-08T00:58:50+02:00,CELH,Celsius Holdings,29,21,37,-4,https://feargreedmeter.com/top-100-most-popular-meme-stocks-today
2026-08-08T00:58:50+02:00,MSTR,MicroStrategy,88,21,38,16,https://feargreedmeter.com/top-100-most-popular-meme-stocks-today
2026-08-08T00:58:50+02:00,TEAM,Atlassian,34,19,39,-18,https://feargreedmeter.com/top-100-most-popular-meme-stocks-today
2026-08-08T00:58:50+02:00,ES,Eversource Energy,38,18,40,-6,https://feargreedmeter.com/top-100-most-popular-meme-stocks-today
2026-08-08T00:58:50+02:00,CRSR,Corsair Gaming,27,18,41,8,https://feargreedmeter.com/top-100-most-popular-meme-stocks-today
2026-08-08T00:58:50+02:00,NET,Cloudflare,35,17,42,-9,https://feargreedmeter.com/top-100-most-popular-meme-stocks-today
2026-08-08T00:58:50+02:00,YOU,CLEAR Secure,42,17,43,5,https://feargreedmeter.com/top-100-most-popular-meme-stocks-today
2026-08-08T00:58:50+02:00,UP,Wheels Up,209,17,44,10,https://feargreedmeter.com/top-100-most-popular-meme-stocks-today
2026-08-08T00:58:50+02:00,IT,Gartner,120,16,45,-7,https://feargreedmeter.com/top-100-most-popular-meme-stocks-today
2026-08-08T00:58:50+02:00,TLT,BlackRock Institutional Trust Company N.A. - BTC iShares 20+ Year Trea,71,15,46,12,https://feargreedmeter.com/top-100-most-popular-meme-stocks-today
2026-08-08T00:58:50+02:00,CRWV,CoreWeave,28,15,47,5,https://feargreedmeter.com/top-100-most-popular-meme-stocks-today
2026-08-08T00:58:50+02:00,JPM,JPMorgan Chase,33,14,48,-1,https://feargreedmeter.com/top-100-most-popular-meme-stocks-today
2026-08-08T00:58:50+02:00,SMCI,Supermicro,67,14,49,13,https://feargreedmeter.com/top-100-most-popular-meme-stocks-today
2026-08-08T00:58:50+02:00,SNOW,Snowflake,22,14,50,12,https://feargreedmeter.com/top-100-most-popular-meme-stocks-today
2026-08-08T00:58:50+02:00,USO,United States Commodity Funds LLC - United States Oil Fund,20,14,51,-3,https://feargreedmeter.com/top-100-most-popular-meme-stocks-today
2026-08-08T00:58:50+02:00,VT,"Vanguard Group, Inc. - Vanguard Total World Stock ETF",28,14,52,4,https://feargreedmeter.com/top-100-most-popular-meme-stocks-today
2026-08-08T00:58:50+02:00,IBKR,Interactive Brokers,73,13,53,4,https://feargreedmeter.com/top-100-most-popular-meme-stocks-today
2026-08-08T00:58:50+02:00,SLV,iShares Silver Trust,27,13,54,6,https://feargreedmeter.com/top-100-most-popular-meme-stocks-today
2026-08-08T00:58:50+02:00,PUMP,ProPetro,42,13,55,6,https://feargreedmeter.com/top-100-most-popular-meme-stocks-today
2026-08-08T00:58:50+02:00,MP,MP Materials,42,13,56,8,https://feargreedmeter.com/top-100-most-popular-meme-stocks-today
2026-08-08T00:58:50+02:00,EU,enCore Energy,-25,13,57,3,https://feargreedmeter.com/top-100-most-popular-meme-stocks-today
2026-08-08T00:58:50+02:00,ONDS,Ondas Holdings,27,13,58,1,https://feargreedmeter.com/top-100-most-popular-meme-stocks-today
2026-08-08T00:58:50+02:00,LUNR,Intuitive Machines,83,13,59,12,https://feargreedmeter.com/top-100-most-popular-meme-stocks-today
2026-08-08T00:58:50+02:00,GL,Globe Life,22,12,60,5,https://feargreedmeter.com/top-100-most-popular-meme-stocks-today
2026-08-08T00:58:50+02:00,SO,Southern Company,280,12,61,7,https://feargreedmeter.com/top-100-most-popular-meme-stocks-today
2026-08-08T00:58:50+02:00,AGI,Alamos Gold,69,12,62,4,https://feargreedmeter.com/top-100-most-popular-meme-stocks-today
2026-08-08T00:58:50+02:00,AMZN,Amazon,37,11,63,-1,https://feargreedmeter.com/top-100-most-popular-meme-stocks-today
2026-08-08T00:58:50+02:00,IQ,iQIYI,50,11,64,4,https://feargreedmeter.com/top-100-most-popular-meme-stocks-today
2026-08-08T00:58:50+02:00,GO,Grocery Outlet,65,11,65,3,https://feargreedmeter.com/top-100-most-popular-meme-stocks-today
2026-08-08T00:58:50+02:00,CAN,Canaan,34,11,66,10,https://feargreedmeter.com/top-100-most-popular-meme-stocks-today
2026-08-08T00:58:50+02:00,ON,ON Semiconductor,75,10,67,6,https://feargreedmeter.com/top-100-most-popular-meme-stocks-today
2026-08-08T00:58:50+02:00,LITE,Lumentum,15,10,68,9,https://feargreedmeter.com/top-100-most-popular-meme-stocks-today
2026-08-08T00:58:50+02:00,OR,Osisko Gold Royalties,19,10,69,7,https://feargreedmeter.com/top-100-most-popular-meme-stocks-today
2026-08-08T00:58:50+02:00,GOLD,Barrick Gold,29,10,70,7,https://feargreedmeter.com/top-100-most-popular-meme-stocks-today
2026-08-08T00:58:50+02:00,SGOV,iShares Trust - iShares 0-3 Month Treasury Bond ETF,48,10,71,5,https://feargreedmeter.com/top-100-most-popular-meme-stocks-today
2026-08-08T00:58:50+02:00,OS,OneStream,38,10,72,7,https://feargreedmeter.com/top-100-most-popular-meme-stocks-today
2026-08-08T00:58:50+02:00,PS,Pluralsight,29,9,73,4,https://feargreedmeter.com/top-100-most-popular-meme-stocks-today
2026-08-08T00:58:50+02:00,CC,Chemours,56,9,74,2,https://feargreedmeter.com/top-100-most-popular-meme-stocks-today
2026-08-08T00:58:50+02:00,ET,Energy Transfer Partners,34,9,75,-5,https://feargreedmeter.com/top-100-most-popular-meme-stocks-today
2026-08-08T00:58:50+02:00,CVNA,Carvana,20,9,76,8,https://feargreedmeter.com/top-100-most-popular-meme-stocks-today
2026-08-08T00:58:50+02:00,FCF,First Commonwealth Financial Corp,17,9,77,3,https://feargreedmeter.com/top-100-most-popular-meme-stocks-today
2026-08-08T00:58:50+02:00,API,Agora.io,24,9,78,-6,https://feargreedmeter.com/top-100-most-popular-meme-stocks-today
2026-08-08T00:58:50+02:00,LINK,Interlink Electronics,11,9,79,5,https://feargreedmeter.com/top-100-most-popular-meme-stocks-today
2026-08-08T00:58:50+02:00,CBRS,Cerebras Systems,20,9,80,8,https://feargreedmeter.com/top-100-most-popular-meme-stocks-today
2026-08-08T00:58:50+02:00,ORCL,Oracle,3,8,81,4,https://feargreedmeter.com/top-100-most-popular-meme-stocks-today
2026-08-08T00:58:50+02:00,BYND,Beyond Meat,49,8,82,5,https://feargreedmeter.com/top-100-most-popular-meme-stocks-today
2026-08-08T00:58:50+02:00,UBER,Uber,67,8,83,2,https://feargreedmeter.com/top-100-most-popular-meme-stocks-today
2026-08-08T00:58:50+02:00,BE,Bloom Energy,26,8,84,1,https://feargreedmeter.com/top-100-most-popular-meme-stocks-today
2026-08-08T00:58:50+02:00,ABNB,Airbnb,11,8,85,0,https://feargreedmeter.com/top-100-most-popular-meme-stocks-today
2026-08-08T00:58:50+02:00,AMC,AMC Entertainment,15,8,86,6,https://feargreedmeter.com/top-100-most-popular-meme-stocks-today
2026-08-08T00:58:50+02:00,DAY,Dayforce,14,8,87,7,https://feargreedmeter.com/top-100-most-popular-meme-stocks-today
2026-08-08T00:58:50+02:00,DJT,Trump Media & Technology Group,22,8,88,2,https://feargreedmeter.com/top-100-most-popular-meme-stocks-today
2026-08-08T00:58:50+02:00,JUST,Goldman Sachs ETF Trust - Goldman Sachs Just Us Large Cap Equity ETF,25,7,89,2,https://feargreedmeter.com/top-100-most-popular-meme-stocks-today
2026-08-08T00:58:50+02:00,HOOD,Robinhood,13,7,90,-3,https://feargreedmeter.com/top-100-most-popular-meme-stocks-today
2026-08-08T00:58:50+02:00,DNUT,Krispy Kreme,33,7,91,5,https://feargreedmeter.com/top-100-most-popular-meme-stocks-today
2026-08-08T00:58:50+02:00,OG,Onion Global,19,7,92,4,https://feargreedmeter.com/top-100-most-popular-meme-stocks-today
2026-08-08T00:58:50+02:00,RR,Richtech Robotics,21,7,93,3,https://feargreedmeter.com/top-100-most-popular-meme-stocks-today
2026-08-08T00:58:50+02:00,KO,Coca-Cola,9,6,94,3,https://feargreedmeter.com/top-100-most-popular-meme-stocks-today
2026-08-08T00:58:50+02:00,SAP,SAP,34,6,95,5,https://feargreedmeter.com/top-100-most-popular-meme-stocks-today
2026-08-08T00:58:50+02:00,REAL,The RealReal,21,6,96,5,https://feargreedmeter.com/top-100-most-popular-meme-stocks-today
2026-08-08T00:58:50+02:00,UUUU,Energy Fuels,21,6,97,5,https://feargreedmeter.com/top-100-most-popular-meme-stocks-today
2026-08-08T00:58:50+02:00,SOXX,BlackRock Institutional Trust Company N.A. - BTC iShares PHLX Semicond,14,6,98,0,https://feargreedmeter.com/top-100-most-popular-meme-stocks-today
2026-08-08T00:58:50+02:00,GME,GameStop,19,6,99,3,https://feargreedmeter.com/top-100-most-popular-meme-stocks-today
2026-08-08T00:58:50+02:00,EVER,EverQuote,18,6,100,5,https://feargreedmeter.com/top-100-most-popular-meme-stocks-today
2026-08-08T01:40:42+02:00,HTZ,Hertz,6872,2183,1,1030,https://feargreedmeter.com/top-100-most-popular-meme-stocks-today
2026-08-08T01:40:42+02:00,SPCX,SpaceX,1461,378,2,-19,https://feargreedmeter.com/top-100-most-popular-meme-stocks-today
2026-08-08T01:40:42+02:00,SPY,SPDR S&P 500 ETF Trust,1573,354,3,-81,https://feargreedmeter.com/top-100-most-popular-meme-stocks-today
2026-08-08T01:40:42+02:00,MU,Micron Technology,537,234,4,-8,https://feargreedmeter.com/top-100-most-popular-meme-stocks-today
2026-08-08T01:40:42+02:00,SNDK,Sandisk,401,139,5,-215,https://feargreedmeter.com/top-100-most-popular-meme-stocks-today
2026-08-08T01:40:42+02:00,RKLB,Rocket Lab USA,288,93,6,63,https://feargreedmeter.com/top-100-most-popular-meme-stocks-today
2026-08-08T01:40:42+02:00,NBIS,Nebius Group,211,93,7,17,https://feargreedmeter.com/top-100-most-popular-meme-stocks-today
2026-08-08T01:40:42+02:00,MSFT,Microsoft,296,92,8,-28,https://feargreedmeter.com/top-100-most-popular-meme-stocks-today
2026-08-08T01:40:42+02:00,QQQ,Invesco QQQ ETF,285,91,9,-55,https://feargreedmeter.com/top-100-most-popular-meme-stocks-today
2026-08-08T01:40:42+02:00,NVDA,NVIDIA,164,85,10,-73,https://feargreedmeter.com/top-100-most-popular-meme-stocks-today
2026-08-08T01:40:42+02:00,DTE,DTE Energy,275,85,11,-12,https://feargreedmeter.com/top-100-most-popular-meme-stocks-today
2026-08-08T01:40:42+02:00,SOUN,SoundHound AI,139,85,12,1,https://feargreedmeter.com/top-100-most-popular-meme-stocks-today
2026-08-08T01:40:42+02:00,PLTR,Palantir,177,84,13,64,https://feargreedmeter.com/top-100-most-popular-meme-stocks-today
2026-08-08T01:40:42+02:00,AMD,AMD,114,68,14,-19,https://feargreedmeter.com/top-100-most-popular-meme-stocks-today
2026-08-08T01:40:42+02:00,ASTS,AST SpaceMobile,130,64,15,18,https://feargreedmeter.com/top-100-most-popular-meme-stocks-today
2026-08-08T01:40:42+02:00,DOCS,Doximity,188,60,16,51,https://feargreedmeter.com/top-100-most-popular-meme-stocks-today
2026-08-08T01:40:42+02:00,GOOGL,Alphabet (Google),109,56,17,7,https://feargreedmeter.com/top-100-most-popular-meme-stocks-today
2026-08-08T01:40:42+02:00,WEN,Wendy’s Company,259,54,18,14,https://feargreedmeter.com/top-100-most-popular-meme-stocks-today
2026-08-08T01:40:42+02:00,TSLA,Tesla,456,51,19,7,https://feargreedmeter.com/top-100-most-popular-meme-stocks-today
2026-08-08T01:40:42+02:00,GOOG,Alphabet (Google),79,45,20,19,https://feargreedmeter.com/top-100-most-popular-meme-stocks-today
2026-08-08T01:40:42+02:00,META,Meta Platforms (Facebook),57,44,21,-5,https://feargreedmeter.com/top-100-most-popular-meme-stocks-today
2026-08-08T01:40:42+02:00,OKLO,Oklo,69,41,22,27,https://feargreedmeter.com/top-100-most-popular-meme-stocks-today
2026-08-08T01:40:42+02:00,TTWO,Take 2 Interactive,75,34,23,20,https://feargreedmeter.com/top-100-most-popular-meme-stocks-today
2026-08-08T01:40:42+02:00,TTD,The Trade Desk,69,34,24,-35,https://feargreedmeter.com/top-100-most-popular-meme-stocks-today
2026-08-08T01:40:42+02:00,OPEN,Opendoor,168,34,25,16,https://feargreedmeter.com/top-100-most-popular-meme-stocks-today
2026-08-08T01:40:42+02:00,AAPL,Apple,52,33,26,-12,https://feargreedmeter.com/top-100-most-popular-meme-stocks-today
2026-08-08T01:40:42+02:00,RDDT,Reddit,62,29,27,9,https://feargreedmeter.com/top-100-most-popular-meme-stocks-today
2026-08-08T01:40:42+02:00,WDC,Western Digital,42,27,28,-55,https://feargreedmeter.com/top-100-most-popular-meme-stocks-today
2026-08-08T01:40:42+02:00,CAR,Avis Budget Group,70,26,29,11,https://feargreedmeter.com/top-100-most-popular-meme-stocks-today
2026-08-08T01:40:42+02:00,NOW,ServiceNow,30,25,30,1,https://feargreedmeter.com/top-100-most-popular-meme-stocks-today
2026-08-08T01:40:42+02:00,SOXL,Direxion Shares ETF Trust - Direxion Daily Semiconductor Bull 3X Share,29,25,31,11,https://feargreedmeter.com/top-100-most-popular-meme-stocks-today
2026-08-08T01:40:42+02:00,VOO,Vanguard S&P 500 ETF,39,25,32,-22,https://feargreedmeter.com/top-100-most-popular-meme-stocks-today
2026-08-08T01:40:42+02:00,AAOI,Applied Optoelectronics,56,23,33,-18,https://feargreedmeter.com/top-100-most-popular-meme-stocks-today
2026-08-08T01:40:42+02:00,GLD,SSgA SPDR Gold Shares,43,22,34,11,https://feargreedmeter.com/top-100-most-popular-meme-stocks-today
2026-08-08T01:40:42+02:00,CELH,Celsius Holdings,29,21,35,-5,https://feargreedmeter.com/top-100-most-popular-meme-stocks-today
2026-08-08T01:40:42+02:00,MSTR,MicroStrategy,86,21,36,16,https://feargreedmeter.com/top-100-most-popular-meme-stocks-today
2026-08-08T01:40:42+02:00,AM,Antero Midstream,81,20,37,-17,https://feargreedmeter.com/top-100-most-popular-meme-stocks-today
2026-08-08T01:40:42+02:00,ALL,Allstate,66,19,38,5,https://feargreedmeter.com/top-100-most-popular-meme-stocks-today
2026-08-08T01:40:42+02:00,TEAM,Atlassian,34,19,39,-18,https://feargreedmeter.com/top-100-most-popular-meme-stocks-today
2026-08-08T01:40:42+02:00,CRSR,Corsair Gaming,27,18,40,8,https://feargreedmeter.com/top-100-most-popular-meme-stocks-today
2026-08-08T01:40:42+02:00,SMCI,Supermicro,80,17,41,16,https://feargreedmeter.com/top-100-most-popular-meme-stocks-today
2026-08-08T01:40:42+02:00,NET,Cloudflare,35,17,42,-8,https://feargreedmeter.com/top-100-most-popular-meme-stocks-today
2026-08-08T01:40:42+02:00,YOU,CLEAR Secure,43,17,43,5,https://feargreedmeter.com/top-100-most-popular-meme-stocks-today
2026-08-08T01:40:42+02:00,UP,Wheels Up,229,17,44,10,https://feargreedmeter.com/top-100-most-popular-meme-stocks-today
2026-08-08T01:40:42+02:00,ES,Eversource Energy,34,16,45,-7,https://feargreedmeter.com/top-100-most-popular-meme-stocks-today
2026-08-08T01:40:42+02:00,IT,Gartner,120,16,46,-8,https://feargreedmeter.com/top-100-most-popular-meme-stocks-today
2026-08-08T01:40:42+02:00,USO,United States Commodity Funds LLC - United States Oil Fund,22,15,47,-4,https://feargreedmeter.com/top-100-most-popular-meme-stocks-today
2026-08-08T01:40:42+02:00,TLT,BlackRock Institutional Trust Company N.A. - BTC iShares 20+ Year Trea,81,15,48,12,https://feargreedmeter.com/top-100-most-popular-meme-stocks-today
2026-08-08T01:40:42+02:00,JPM,JPMorgan Chase,32,14,49,-1,https://feargreedmeter.com/top-100-most-popular-meme-stocks-today
2026-08-08T01:40:42+02:00,IBKR,Interactive Brokers,76,14,50,5,https://feargreedmeter.com/top-100-most-popular-meme-stocks-today
2026-08-08T01:40:42+02:00,SNOW,Snowflake,22,14,51,12,https://feargreedmeter.com/top-100-most-popular-meme-stocks-today
2026-08-08T01:40:42+02:00,SLV,iShares Silver Trust,28,14,52,7,https://feargreedmeter.com/top-100-most-popular-meme-stocks-today
2026-08-08T01:40:42+02:00,CRWV,CoreWeave,29,14,53,5,https://feargreedmeter.com/top-100-most-popular-meme-stocks-today
2026-08-08T01:40:42+02:00,VT,"Vanguard Group, Inc. - Vanguard Total World Stock ETF",22,13,54,3,https://feargreedmeter.com/top-100-most-popular-meme-stocks-today
2026-08-08T01:40:42+02:00,PUMP,ProPetro,40,13,55,6,https://feargreedmeter.com/top-100-most-popular-meme-stocks-today
2026-08-08T01:40:42+02:00,MP,MP Materials,47,13,56,8,https://feargreedmeter.com/top-100-most-popular-meme-stocks-today
2026-08-08T01:40:42+02:00,EU,enCore Energy,-18,13,57,3,https://feargreedmeter.com/top-100-most-popular-meme-stocks-today
2026-08-08T01:40:42+02:00,ONDS,Ondas Holdings,27,13,58,1,https://feargreedmeter.com/top-100-most-popular-meme-stocks-today
2026-08-08T01:40:42+02:00,LUNR,Intuitive Machines,87,13,59,12,https://feargreedmeter.com/top-100-most-popular-meme-stocks-today
2026-08-08T01:40:42+02:00,GL,Globe Life,23,12,60,5,https://feargreedmeter.com/top-100-most-popular-meme-stocks-today
2026-08-08T01:40:42+02:00,SO,Southern Company,302,12,61,7,https://feargreedmeter.com/top-100-most-popular-meme-stocks-today
2026-08-08T01:40:42+02:00,AGI,Alamos Gold,77,12,62,4,https://feargreedmeter.com/top-100-most-popular-meme-stocks-today
2026-08-08T01:40:42+02:00,SGOV,iShares Trust - iShares 0-3 Month Treasury Bond ETF,51,12,63,7,https://feargreedmeter.com/top-100-most-popular-meme-stocks-today
2026-08-08T01:40:42+02:00,GO,Grocery Outlet,69,11,64,3,https://feargreedmeter.com/top-100-most-popular-meme-stocks-today
2026-08-08T01:40:42+02:00,AMZN,Amazon,19,10,65,-3,https://feargreedmeter.com/top-100-most-popular-meme-stocks-today
2026-08-08T01:40:42+02:00,PS,Pluralsight,31,10,66,5,https://feargreedmeter.com/top-100-most-popular-meme-stocks-today
2026-08-08T01:40:42+02:00,ON,ON Semiconductor,72,10,67,6,https://feargreedmeter.com/top-100-most-popular-meme-stocks-today
2026-08-08T01:40:42+02:00,LITE,Lumentum,12,10,68,9,https://feargreedmeter.com/top-100-most-popular-meme-stocks-today
2026-08-08T01:40:42+02:00,IQ,iQIYI,47,10,69,2,https://feargreedmeter.com/top-100-most-popular-meme-stocks-today
2026-08-08T01:40:42+02:00,OR,Osisko Gold Royalties,20,10,70,7,https://feargreedmeter.com/top-100-most-popular-meme-stocks-today
2026-08-08T01:40:42+02:00,CAN,Canaan,34,10,71,9,https://feargreedmeter.com/top-100-most-popular-meme-stocks-today
2026-08-08T01:40:42+02:00,OS,OneStream,35,10,72,6,https://feargreedmeter.com/top-100-most-popular-meme-stocks-today
2026-08-08T01:40:42+02:00,ORCL,Oracle,7,9,73,5,https://feargreedmeter.com/top-100-most-popular-meme-stocks-today
2026-08-08T01:40:42+02:00,CC,Chemours,58,9,74,2,https://feargreedmeter.com/top-100-most-popular-meme-stocks-today
2026-08-08T01:40:42+02:00,ET,Energy Transfer Partners,34,9,75,-5,https://feargreedmeter.com/top-100-most-popular-meme-stocks-today
2026-08-08T01:40:42+02:00,CVNA,Carvana,21,9,76,8,https://feargreedmeter.com/top-100-most-popular-meme-stocks-today
2026-08-08T01:40:42+02:00,GOLD,Barrick Gold,28,9,77,6,https://feargreedmeter.com/top-100-most-popular-meme-stocks-today
2026-08-08T01:40:42+02:00,FCF,First Commonwealth Financial Corp,16,9,78,4,https://feargreedmeter.com/top-100-most-popular-meme-stocks-today
2026-08-08T01:40:42+02:00,API,Agora.io,24,9,79,-6,https://feargreedmeter.com/top-100-most-popular-meme-stocks-today
2026-08-08T01:40:42+02:00,LINK,Interlink Electronics,11,9,80,5,https://feargreedmeter.com/top-100-most-popular-meme-stocks-today
2026-08-08T01:40:42+02:00,BYND,Beyond Meat,49,8,81,5,https://feargreedmeter.com/top-100-most-popular-meme-stocks-today
2026-08-08T01:40:42+02:00,BE,Bloom Energy,26,8,82,1,https://feargreedmeter.com/top-100-most-popular-meme-stocks-today
2026-08-08T01:40:42+02:00,ABNB,Airbnb,11,8,83,0,https://feargreedmeter.com/top-100-most-popular-meme-stocks-today
2026-08-08T01:40:42+02:00,AMC,AMC Entertainment,15,8,84,6,https://feargreedmeter.com/top-100-most-popular-meme-stocks-today
2026-08-08T01:40:42+02:00,HOOD,Robinhood,14,8,85,-1,https://feargreedmeter.com/top-100-most-popular-meme-stocks-today
2026-08-08T01:40:42+02:00,DAY,Dayforce,14,8,86,7,https://feargreedmeter.com/top-100-most-popular-meme-stocks-today
2026-08-08T01:40:42+02:00,DJT,Trump Media & Technology Group,24,8,87,2,https://feargreedmeter.com/top-100-most-popular-meme-stocks-today
2026-08-08T01:40:42+02:00,CBRS,Cerebras Systems,19,8,88,7,https://feargreedmeter.com/top-100-most-popular-meme-stocks-today
2026-08-08T01:40:42+02:00,SAP,SAP,36,7,89,6,https://feargreedmeter.com/top-100-most-popular-meme-stocks-today
2026-08-08T01:40:42+02:00,UBER,Uber,68,7,90,2,https://feargreedmeter.com/top-100-most-popular-meme-stocks-today
2026-08-08T01:40:42+02:00,JUST,Goldman Sachs ETF Trust - Goldman Sachs Just Us Large Cap Equity ETF,23,7,91,2,https://feargreedmeter.com/top-100-most-popular-meme-stocks-today
2026-08-08T01:40:42+02:00,DNUT,Krispy Kreme,34,7,92,5,https://feargreedmeter.com/top-100-most-popular-meme-stocks-today
2026-08-08T01:40:42+02:00,OG,Onion Global,20,7,93,5,https://feargreedmeter.com/top-100-most-popular-meme-stocks-today
2026-08-08T01:40:42+02:00,RR,Richtech Robotics,21,7,94,3,https://feargreedmeter.com/top-100-most-popular-meme-stocks-today
2026-08-08T01:40:42+02:00,KO,Coca-Cola,9,6,95,3,https://feargreedmeter.com/top-100-most-popular-meme-stocks-today
2026-08-08T01:40:42+02:00,IBM,IBM,4,6,96,5,https://feargreedmeter.com/top-100-most-popular-meme-stocks-today
2026-08-08T01:40:42+02:00,UUUU,Energy Fuels,24,6,97,5,https://feargreedmeter.com/top-100-most-popular-meme-stocks-today
2026-08-08T01:40:42+02:00,SOXX,BlackRock Institutional Trust Company N.A. - BTC iShares PHLX Semicond,14,6,98,0,https://feargreedmeter.com/top-100-most-popular-meme-stocks-today
2026-08-08T01:40:42+02:00,GME,GameStop,20,6,99,2,https://feargreedmeter.com/top-100-most-popular-meme-stocks-today
2026-08-08T01:40:42+02:00,APP,AppLovin,10,6,100,-35,https://feargreedmeter.com/top-100-most-popular-meme-stocks-today
2026-08-08T02:31:02+02:00,HTZ,Hertz,6451,2052,1,795,https://feargreedmeter.com/top-100-most-popular-meme-stocks-today
2026-08-08T02:31:02+02:00,SPCX,SpaceX,1373,367,2,-31,https://feargreedmeter.com/top-100-most-popular-meme-stocks-today
2026-08-08T02:31:02+02:00,SPY,SPDR S&P 500 ETF Trust,1561,351,3,-75,https://feargreedmeter.com/top-100-most-popular-meme-stocks-today
2026-08-08T02:31:02+02:00,MU,Micron Technology,533,235,4,-2,https://feargreedmeter.com/top-100-most-popular-meme-stocks-today
2026-08-08T02:31:02+02:00,SNDK,Sandisk,396,138,5,-193,https://feargreedmeter.com/top-100-most-popular-meme-stocks-today
2026-08-08T02:31:02+02:00,QQQ,Invesco QQQ ETF,269,93,6,-48,https://feargreedmeter.com/top-100-most-popular-meme-stocks-today
2026-08-08T02:31:02+02:00,RKLB,Rocket Lab USA,316,93,7,63,https://feargreedmeter.com/top-100-most-popular-meme-stocks-today
2026-08-08T02:31:02+02:00,NBIS,Nebius Group,212,93,8,14,https://feargreedmeter.com/top-100-most-popular-meme-stocks-today
2026-08-08T02:31:02+02:00,MSFT,Microsoft,288,92,9,-26,https://feargreedmeter.com/top-100-most-popular-meme-stocks-today
2026-08-08T02:31:02+02:00,PLTR,Palantir,204,89,10,69,https://feargreedmeter.com/top-100-most-popular-meme-stocks-today
2026-08-08T02:31:02+02:00,DTE,DTE Energy,271,84,11,-14,https://feargreedmeter.com/top-100-most-popular-meme-stocks-today
2026-08-08T02:31:02+02:00,SOUN,SoundHound AI,139,84,12,3,https://feargreedmeter.com/top-100-most-popular-meme-stocks-today
2026-08-08T02:31:02+02:00,NVDA,NVIDIA,159,81,13,-79,https://feargreedmeter.com/top-100-most-popular-meme-stocks-today
2026-08-08T02:31:02+02:00,AMD,AMD,112,69,14,-11,https://feargreedmeter.com/top-100-most-popular-meme-stocks-today
2026-08-08T02:31:02+02:00,ASTS,AST SpaceMobile,137,66,15,22,https://feargreedmeter.com/top-100-most-popular-meme-stocks-today
2026-08-08T02:31:02+02:00,DOCS,Doximity,96,58,16,49,https://feargreedmeter.com/top-100-most-popular-meme-stocks-today
2026-08-08T02:31:02+02:00,GOOGL,Alphabet (Google),107,54,17,3,https://feargreedmeter.com/top-100-most-popular-meme-stocks-today
2026-08-08T02:31:02+02:00,WEN,Wendy’s Company,244,50,18,7,https://feargreedmeter.com/top-100-most-popular-meme-stocks-today
2026-08-08T02:31:02+02:00,TSLA,Tesla,463,48,19,3,https://feargreedmeter.com/top-100-most-popular-meme-stocks-today
2026-08-08T02:31:02+02:00,GOOG,Alphabet (Google),77,44,20,17,https://feargreedmeter.com/top-100-most-popular-meme-stocks-today
2026-08-08T02:31:02+02:00,META,Meta Platforms (Facebook),53,41,21,-6,https://feargreedmeter.com/top-100-most-popular-meme-stocks-today
2026-08-08T02:31:02+02:00,OKLO,Oklo,74,41,22,28,https://feargreedmeter.com/top-100-most-popular-meme-stocks-today
2026-08-08T02:31:02+02:00,TTWO,Take 2 Interactive,78,35,23,21,https://feargreedmeter.com/top-100-most-popular-meme-stocks-today
2026-08-08T02:31:02+02:00,AAPL,Apple,52,33,24,-11,https://feargreedmeter.com/top-100-most-popular-meme-stocks-today
2026-08-08T02:31:02+02:00,TTD,The Trade Desk,72,32,25,-38,https://feargreedmeter.com/top-100-most-popular-meme-stocks-today
2026-08-08T02:31:02+02:00,OPEN,Opendoor,171,30,26,13,https://feargreedmeter.com/top-100-most-popular-meme-stocks-today
2026-08-08T02:31:02+02:00,RDDT,Reddit,63,29,27,10,https://feargreedmeter.com/top-100-most-popular-meme-stocks-today
2026-08-08T02:31:02+02:00,WDC,Western Digital,42,28,28,-52,https://feargreedmeter.com/top-100-most-popular-meme-stocks-today
2026-08-08T02:31:02+02:00,VOO,Vanguard S&P 500 ETF,37,26,29,-16,https://feargreedmeter.com/top-100-most-popular-meme-stocks-today
2026-08-08T02:31:02+02:00,NOW,ServiceNow,30,25,30,5,https://feargreedmeter.com/top-100-most-popular-meme-stocks-today
2026-08-08T02:31:02+02:00,CAR,Avis Budget Group,37,23,31,6,https://feargreedmeter.com/top-100-most-popular-meme-stocks-today
2026-08-08T02:31:02+02:00,SOXL,Direxion Shares ETF Trust - Direxion Daily Semiconductor Bull 3X Share,27,23,32,9,https://feargreedmeter.com/top-100-most-popular-meme-stocks-today
2026-08-08T02:31:02+02:00,AAOI,Applied Optoelectronics,56,23,33,-18,https://feargreedmeter.com/top-100-most-popular-meme-stocks-today
2026-08-08T02:31:02+02:00,CELH,Celsius Holdings,29,21,34,-5,https://feargreedmeter.com/top-100-most-popular-meme-stocks-today
2026-08-08T02:31:02+02:00,MSTR,MicroStrategy,91,21,35,16,https://feargreedmeter.com/top-100-most-popular-meme-stocks-today
2026-08-08T02:31:02+02:00,AM,Antero Midstream,87,20,36,-19,https://feargreedmeter.com/top-100-most-popular-meme-stocks-today
2026-08-08T02:31:02+02:00,GLD,SSgA SPDR Gold Shares,37,20,37,8,https://feargreedmeter.com/top-100-most-popular-meme-stocks-today
2026-08-08T02:31:02+02:00,ALL,Allstate,63,18,38,4,https://feargreedmeter.com/top-100-most-popular-meme-stocks-today
2026-08-08T02:31:02+02:00,TEAM,Atlassian,32,18,39,-20,https://feargreedmeter.com/top-100-most-popular-meme-stocks-today
2026-08-08T02:31:02+02:00,CRSR,Corsair Gaming,27,18,40,8,https://feargreedmeter.com/top-100-most-popular-meme-stocks-today
2026-08-08T02:31:02+02:00,ES,Eversource Energy,44,17,41,-6,https://feargreedmeter.com/top-100-most-popular-meme-stocks-today
2026-08-08T02:31:02+02:00,SMCI,Supermicro,81,17,42,16,https://feargreedmeter.com/top-100-most-popular-meme-stocks-today
2026-08-08T02:31:02+02:00,NET,Cloudflare,35,17,43,-6,https://feargreedmeter.com/top-100-most-popular-meme-stocks-today
2026-08-08T02:31:02+02:00,YOU,CLEAR Secure,43,17,44,6,https://feargreedmeter.com/top-100-most-popular-meme-stocks-today
2026-08-08T02:31:02+02:00,UP,Wheels Up,231,17,45,10,https://feargreedmeter.com/top-100-most-popular-meme-stocks-today
2026-08-08T02:31:02+02:00,IBKR,Interactive Brokers,71,15,46,8,https://feargreedmeter.com/top-100-most-popular-meme-stocks-today
2026-08-08T02:31:02+02:00,USO,United States Commodity Funds LLC - United States Oil Fund,22,15,47,-4,https://feargreedmeter.com/top-100-most-popular-meme-stocks-today
2026-08-08T02:31:02+02:00,IT,Gartner,104,14,48,-11,https://feargreedmeter.com/top-100-most-popular-meme-stocks-today
2026-08-08T02:31:02+02:00,SNOW,Snowflake,22,14,49,12,https://feargreedmeter.com/top-100-most-popular-meme-stocks-today
2026-08-08T02:31:02+02:00,TLT,BlackRock Institutional Trust Company N.A. - BTC iShares 20+ Year Trea,71,14,50,13,https://feargreedmeter.com/top-100-most-popular-meme-stocks-today
2026-08-08T02:31:02+02:00,SLV,iShares Silver Trust,29,14,51,7,https://feargreedmeter.com/top-100-most-popular-meme-stocks-today
2026-08-08T02:31:02+02:00,CRWV,CoreWeave,24,14,52,5,https://feargreedmeter.com/top-100-most-popular-meme-stocks-today
2026-08-08T02:31:02+02:00,JPM,JPMorgan Chase,35,13,53,-1,https://feargreedmeter.com/top-100-most-popular-meme-stocks-today
2026-08-08T02:31:02+02:00,AGI,Alamos Gold,76,13,54,5,https://feargreedmeter.com/top-100-most-popular-meme-stocks-today
2026-08-08T02:31:02+02:00,VT,"Vanguard Group, Inc. - Vanguard Total World Stock ETF",21,13,55,4,https://feargreedmeter.com/top-100-most-popular-meme-stocks-today
2026-08-08T02:31:02+02:00,PUMP,ProPetro,40,13,56,6,https://feargreedmeter.com/top-100-most-popular-meme-stocks-today
2026-08-08T02:31:02+02:00,MP,MP Materials,49,13,57,8,https://feargreedmeter.com/top-100-most-popular-meme-stocks-today
2026-08-08T02:31:02+02:00,ONDS,Ondas Holdings,28,13,58,3,https://feargreedmeter.com/top-100-most-popular-meme-stocks-today
2026-08-08T02:31:02+02:00,LUNR,Intuitive Machines,86,13,59,12,https://feargreedmeter.com/top-100-most-popular-meme-stocks-today
2026-08-08T02:31:02+02:00,EU,enCore Energy,-21,12,60,2,https://feargreedmeter.com/top-100-most-popular-meme-stocks-today
2026-08-08T02:31:02+02:00,GL,Globe Life,23,11,61,4,https://feargreedmeter.com/top-100-most-popular-meme-stocks-today
2026-08-08T02:31:02+02:00,SO,Southern Company,319,11,62,6,https://feargreedmeter.com/top-100-most-popular-meme-stocks-today
2026-08-08T02:31:02+02:00,GO,Grocery Outlet,74,11,63,3,https://feargreedmeter.com/top-100-most-popular-meme-stocks-today
2026-08-08T02:31:02+02:00,SGOV,iShares Trust - iShares 0-3 Month Treasury Bond ETF,51,11,64,6,https://feargreedmeter.com/top-100-most-popular-meme-stocks-today
2026-08-08T02:31:02+02:00,PS,Pluralsight,28,10,65,5,https://feargreedmeter.com/top-100-most-popular-meme-stocks-today
2026-08-08T02:31:02+02:00,LITE,Lumentum,12,10,66,9,https://feargreedmeter.com/top-100-most-popular-meme-stocks-today
2026-08-08T02:31:02+02:00,IQ,iQIYI,47,10,67,2,https://feargreedmeter.com/top-100-most-popular-meme-stocks-today
2026-08-08T02:31:02+02:00,CC,Chemours,58,10,68,4,https://feargreedmeter.com/top-100-most-popular-meme-stocks-today
2026-08-08T02:31:02+02:00,OR,Osisko Gold Royalties,22,10,69,6,https://feargreedmeter.com/top-100-most-popular-meme-stocks-today
2026-08-08T02:31:02+02:00,API,Agora.io,27,10,70,-4,https://feargreedmeter.com/top-100-most-popular-meme-stocks-today
2026-08-08T02:31:02+02:00,ORCL,Oracle,6,9,71,5,https://feargreedmeter.com/top-100-most-popular-meme-stocks-today
2026-08-08T02:31:02+02:00,CVNA,Carvana,20,9,72,8,https://feargreedmeter.com/top-100-most-popular-meme-stocks-today
2026-08-08T02:31:02+02:00,BE,Bloom Energy,26,9,73,0,https://feargreedmeter.com/top-100-most-popular-meme-stocks-today
2026-08-08T02:31:02+02:00,GOLD,Barrick Gold,28,9,74,5,https://feargreedmeter.com/top-100-most-popular-meme-stocks-today
2026-08-08T02:31:02+02:00,FCF,First Commonwealth Financial Corp,17,9,75,4,https://feargreedmeter.com/top-100-most-popular-meme-stocks-today
2026-08-08T02:31:02+02:00,CAN,Canaan,32,9,76,7,https://feargreedmeter.com/top-100-most-popular-meme-stocks-today
2026-08-08T02:31:02+02:00,LINK,Interlink Electronics,11,9,77,5,https://feargreedmeter.com/top-100-most-popular-meme-stocks-today
2026-08-08T02:31:02+02:00,OS,OneStream,28,9,78,5,https://feargreedmeter.com/top-100-most-popular-meme-stocks-today
2026-08-08T02:31:02+02:00,AMZN,Amazon,17,8,79,-6,https://feargreedmeter.com/top-100-most-popular-meme-stocks-today
2026-08-08T02:31:02+02:00,ET,Energy Transfer Partners,33,8,80,-6,https://feargreedmeter.com/top-100-most-popular-meme-stocks-today
2026-08-08T02:31:02+02:00,ABNB,Airbnb,11,8,81,0,https://feargreedmeter.com/top-100-most-popular-meme-stocks-today
2026-08-08T02:31:02+02:00,AMC,AMC Entertainment,14,8,82,6,https://feargreedmeter.com/top-100-most-popular-meme-stocks-today
2026-08-08T02:31:02+02:00,HOOD,Robinhood,14,8,83,-1,https://feargreedmeter.com/top-100-most-popular-meme-stocks-today
2026-08-08T02:31:02+02:00,RR,Richtech Robotics,25,8,84,2,https://feargreedmeter.com/top-100-most-popular-meme-stocks-today
2026-08-08T02:31:02+02:00,DAY,Dayforce,14,8,85,7,https://feargreedmeter.com/top-100-most-popular-meme-stocks-today
2026-08-08T02:31:02+02:00,DJT,Trump Media & Technology Group,25,8,86,3,https://feargreedmeter.com/top-100-most-popular-meme-stocks-today
2026-08-08T02:31:02+02:00,CBRS,Cerebras Systems,19,8,87,7,https://feargreedmeter.com/top-100-most-popular-meme-stocks-today
2026-08-08T02:31:02+02:00,SAP,SAP,34,7,88,6,https://feargreedmeter.com/top-100-most-popular-meme-stocks-today
2026-08-08T02:31:02+02:00,ON,ON Semiconductor,68,7,89,3,https://feargreedmeter.com/top-100-most-popular-meme-stocks-today
2026-08-08T02:31:02+02:00,UBER,Uber,72,7,90,1,https://feargreedmeter.com/top-100-most-popular-meme-stocks-today
2026-08-08T02:31:02+02:00,JUST,Goldman Sachs ETF Trust - Goldman Sachs Just Us Large Cap Equity ETF,23,7,91,2,https://feargreedmeter.com/top-100-most-popular-meme-stocks-today
2026-08-08T02:31:02+02:00,DNUT,Krispy Kreme,40,7,92,5,https://feargreedmeter.com/top-100-most-popular-meme-stocks-today
2026-08-08T02:31:02+02:00,OG,Onion Global,21,7,93,5,https://feargreedmeter.com/top-100-most-popular-meme-stocks-today
2026-08-08T02:31:02+02:00,GRND,Grindr,74,7,94,6,https://feargreedmeter.com/top-100-most-popular-meme-stocks-today
2026-08-08T02:31:02+02:00,IBM,IBM,4,6,95,5,https://feargreedmeter.com/top-100-most-popular-meme-stocks-today
2026-08-08T02:31:02+02:00,BYND,Beyond Meat,18,6,96,3,https://feargreedmeter.com/top-100-most-popular-meme-stocks-today
2026-08-08T02:31:02+02:00,GME,GameStop,16,6,97,2,https://feargreedmeter.com/top-100-most-popular-meme-stocks-today
2026-08-08T02:31:02+02:00,APP,AppLovin,10,6,98,-33,https://feargreedmeter.com/top-100-most-popular-meme-stocks-today
2026-08-08T02:31:02+02:00,KO,Coca-Cola,8,5,99,3,https://feargreedmeter.com/top-100-most-popular-meme-stocks-today
2026-08-08T02:31:02+02:00,HPE,Hewlett Packard Enterprise,8,5,100,4,https://feargreedmeter.com/top-100-most-popular-meme-stocks-today
2026-08-08T04:30:52+02:00,HTZ,Hertz,5970,1971,1,573,https://feargreedmeter.com/top-100-most-popular-meme-stocks-today
2026-08-08T04:30:52+02:00,SPCX,SpaceX,1376,352,2,-44,https://feargreedmeter.com/top-100-most-popular-meme-stocks-today
2026-08-08T04:30:52+02:00,SPY,SPDR S&P 500 ETF Trust,1609,346,3,-66,https://feargreedmeter.com/top-100-most-popular-meme-stocks-today
2026-08-08T04:30:52+02:00,MU,Micron Technology,519,232,4,10,https://feargreedmeter.com/top-100-most-popular-meme-stocks-today
2026-08-08T04:30:52+02:00,SNDK,Sandisk,400,136,5,-147,https://feargreedmeter.com/top-100-most-popular-meme-stocks-today
2026-08-08T04:30:52+02:00,SOUN,SoundHound AI,165,99,6,23,https://feargreedmeter.com/top-100-most-popular-meme-stocks-today
2026-08-08T04:30:52+02:00,NBIS,Nebius Group,228,96,7,14,https://feargreedmeter.com/top-100-most-popular-meme-stocks-today
2026-08-08T04:30:52+02:00,RKLB,Rocket Lab USA,345,94,8,63,https://feargreedmeter.com/top-100-most-popular-meme-stocks-today
2026-08-08T04:30:52+02:00,PLTR,Palantir,218,90,9,73,https://feargreedmeter.com/top-100-most-popular-meme-stocks-today
2026-08-08T04:30:52+02:00,QQQ,Invesco QQQ ETF,273,90,10,-48,https://feargreedmeter.com/top-100-most-popular-meme-stocks-today
2026-08-08T04:30:52+02:00,MSFT,Microsoft,282,89,11,-27,https://feargreedmeter.com/top-100-most-popular-meme-stocks-today
2026-08-08T04:30:52+02:00,DTE,DTE Energy,323,86,12,-14,https://feargreedmeter.com/top-100-most-popular-meme-stocks-today
2026-08-08T04:30:52+02:00,NVDA,NVIDIA,156,84,13,-69,https://feargreedmeter.com/top-100-most-popular-meme-stocks-today
2026-08-08T04:30:52+02:00,AMD,AMD,132,71,14,0,https://feargreedmeter.com/top-100-most-popular-meme-stocks-today
2026-08-08T04:30:52+02:00,ASTS,AST SpaceMobile,147,66,15,21,https://feargreedmeter.com/top-100-most-popular-meme-stocks-today
2026-08-08T04:30:52+02:00,DOCS,Doximity,84,55,16,41,https://feargreedmeter.com/top-100-most-popular-meme-stocks-today
2026-08-08T04:30:52+02:00,GOOGL,Alphabet (Google),104,53,17,0,https://feargreedmeter.com/top-100-most-popular-meme-stocks-today
2026-08-08T04:30:52+02:00,TSLA,Tesla,505,46,18,4,https://feargreedmeter.com/top-100-most-popular-meme-stocks-today
2026-08-08T04:30:52+02:00,GOOG,Alphabet (Google),78,45,19,21,https://feargreedmeter.com/top-100-most-popular-meme-stocks-today
2026-08-08T04:30:52+02:00,WEN,Wendy’s Company,243,43,20,-5,https://feargreedmeter.com/top-100-most-popular-meme-stocks-today
2026-08-08T04:30:52+02:00,META,Meta Platforms (Facebook),48,37,21,-11,https://feargreedmeter.com/top-100-most-popular-meme-stocks-today
2026-08-08T04:30:52+02:00,TTWO,Take 2 Interactive,85,35,22,21,https://feargreedmeter.com/top-100-most-popular-meme-stocks-today
2026-08-08T04:30:52+02:00,OKLO,Oklo,65,35,23,17,https://feargreedmeter.com/top-100-most-popular-meme-stocks-today
2026-08-08T04:30:52+02:00,TTD,The Trade Desk,55,30,24,-43,https://feargreedmeter.com/top-100-most-popular-meme-stocks-today
2026-08-08T04:30:52+02:00,AAPL,Apple,44,29,25,-11,https://feargreedmeter.com/top-100-most-popular-meme-stocks-today
2026-08-08T04:30:52+02:00,RDDT,Reddit,66,29,26,10,https://feargreedmeter.com/top-100-most-popular-meme-stocks-today
2026-08-08T04:30:52+02:00,VOO,Vanguard S&P 500 ETF,47,28,27,-13,https://feargreedmeter.com/top-100-most-popular-meme-stocks-today
2026-08-08T04:30:52+02:00,NOW,ServiceNow,32,26,28,8,https://feargreedmeter.com/top-100-most-popular-meme-stocks-today
2026-08-08T04:30:52+02:00,WDC,Western Digital,42,26,29,-44,https://feargreedmeter.com/top-100-most-popular-meme-stocks-today
2026-08-08T04:30:52+02:00,SOXL,Direxion Shares ETF Trust - Direxion Daily Semiconductor Bull 3X Share,23,21,30,5,https://feargreedmeter.com/top-100-most-popular-meme-stocks-today
2026-08-08T04:30:52+02:00,GLD,SSgA SPDR Gold Shares,36,20,31,10,https://feargreedmeter.com/top-100-most-popular-meme-stocks-today
2026-08-08T04:30:52+02:00,AAOI,Applied Optoelectronics,52,20,32,-24,https://feargreedmeter.com/top-100-most-popular-meme-stocks-today
2026-08-08T04:30:52+02:00,CELH,Celsius Holdings,27,19,33,-6,https://feargreedmeter.com/top-100-most-popular-meme-stocks-today
2026-08-08T04:30:52+02:00,CAR,Avis Budget Group,32,18,34,-5,https://feargreedmeter.com/top-100-most-popular-meme-stocks-today
2026-08-08T04:30:52+02:00,AM,Antero Midstream,66,18,35,-21,https://feargreedmeter.com/top-100-most-popular-meme-stocks-today
2026-08-08T04:30:52+02:00,CRSR,Corsair Gaming,27,18,36,8,https://feargreedmeter.com/top-100-most-popular-meme-stocks-today
2026-08-08T04:30:52+02:00,OPEN,Opendoor,146,18,37,-11,https://feargreedmeter.com/top-100-most-popular-meme-stocks-today
2026-08-08T04:30:52+02:00,ALL,Allstate,65,17,38,4,https://feargreedmeter.com/top-100-most-popular-meme-stocks-today
2026-08-08T04:30:52+02:00,ES,Eversource Energy,43,17,39,-6,https://feargreedmeter.com/top-100-most-popular-meme-stocks-today
2026-08-08T04:30:52+02:00,SMCI,Supermicro,95,17,40,16,https://feargreedmeter.com/top-100-most-popular-meme-stocks-today
2026-08-08T04:30:52+02:00,TEAM,Atlassian,31,17,41,-22,https://feargreedmeter.com/top-100-most-popular-meme-stocks-today
2026-08-08T04:30:52+02:00,NET,Cloudflare,35,17,42,-5,https://feargreedmeter.com/top-100-most-popular-meme-stocks-today
2026-08-08T04:30:52+02:00,UP,Wheels Up,249,17,43,11,https://feargreedmeter.com/top-100-most-popular-meme-stocks-today
2026-08-08T04:30:52+02:00,IT,Gartner,105,16,44,-8,https://feargreedmeter.com/top-100-most-popular-meme-stocks-today
2026-08-08T04:30:52+02:00,MSTR,MicroStrategy,22,16,45,9,https://feargreedmeter.com/top-100-most-popular-meme-stocks-today
2026-08-08T04:30:52+02:00,ONDS,Ondas Holdings,32,15,46,6,https://feargreedmeter.com/top-100-most-popular-meme-stocks-today
2026-08-08T04:30:52+02:00,IBKR,Interactive Brokers,74,14,47,6,https://feargreedmeter.com/top-100-most-popular-meme-stocks-today
2026-08-08T04:30:52+02:00,SNOW,Snowflake,22,14,48,12,https://feargreedmeter.com/top-100-most-popular-meme-stocks-today
2026-08-08T04:30:52+02:00,USO,United States Commodity Funds LLC - United States Oil Fund,22,14,49,-1,https://feargreedmeter.com/top-100-most-popular-meme-stocks-today
2026-08-08T04:30:52+02:00,TLT,BlackRock Institutional Trust Company N.A. - BTC iShares 20+ Year Trea,75,14,50,13,https://feargreedmeter.com/top-100-most-popular-meme-stocks-today
2026-08-08T04:30:52+02:00,PUMP,ProPetro,43,14,51,8,https://feargreedmeter.com/top-100-most-popular-meme-stocks-today
2026-08-08T04:30:52+02:00,YOU,CLEAR Secure,29,14,52,1,https://feargreedmeter.com/top-100-most-popular-meme-stocks-today
2026-08-08T04:30:52+02:00,CRWV,CoreWeave,26,14,53,4,https://feargreedmeter.com/top-100-most-popular-meme-stocks-today
2026-08-08T04:30:52+02:00,SLV,iShares Silver Trust,27,13,54,7,https://feargreedmeter.com/top-100-most-popular-meme-stocks-today
2026-08-08T04:30:52+02:00,MP,MP Materials,52,13,55,8,https://feargreedmeter.com/top-100-most-popular-meme-stocks-today
2026-08-08T04:30:52+02:00,EU,enCore Energy,-14,13,56,3,https://feargreedmeter.com/top-100-most-popular-meme-stocks-today
2026-08-08T04:30:52+02:00,LUNR,Intuitive Machines,93,13,57,12,https://feargreedmeter.com/top-100-most-popular-meme-stocks-today
2026-08-08T04:30:52+02:00,AGI,Alamos Gold,79,12,58,4,https://feargreedmeter.com/top-100-most-popular-meme-stocks-today
2026-08-08T04:30:52+02:00,VT,"Vanguard Group, Inc. - Vanguard Total World Stock ETF",15,12,59,3,https://feargreedmeter.com/top-100-most-popular-meme-stocks-today
2026-08-08T04:30:52+02:00,SGOV,iShares Trust - iShares 0-3 Month Treasury Bond ETF,54,12,60,7,https://feargreedmeter.com/top-100-most-popular-meme-stocks-today
2026-08-08T04:30:52+02:00,GO,Grocery Outlet,73,11,61,4,https://feargreedmeter.com/top-100-most-popular-meme-stocks-today
2026-08-08T04:30:52+02:00,GL,Globe Life,21,10,62,2,https://feargreedmeter.com/top-100-most-popular-meme-stocks-today
2026-08-08T04:30:52+02:00,SO,Southern Company,367,10,63,2,https://feargreedmeter.com/top-100-most-popular-meme-stocks-today
2026-08-08T04:30:52+02:00,JPM,JPMorgan Chase,27,10,64,-2,https://feargreedmeter.com/top-100-most-popular-meme-stocks-today
2026-08-08T04:30:52+02:00,LITE,Lumentum,14,10,65,9,https://feargreedmeter.com/top-100-most-popular-meme-stocks-today
2026-08-08T04:30:52+02:00,CC,Chemours,58,10,66,5,https://feargreedmeter.com/top-100-most-popular-meme-stocks-today
2026-08-08T04:30:52+02:00,OR,Osisko Gold Royalties,17,10,67,7,https://feargreedmeter.com/top-100-most-popular-meme-stocks-today
2026-08-08T04:30:52+02:00,API,Agora.io,25,10,68,-1,https://feargreedmeter.com/top-100-most-popular-meme-stocks-today
2026-08-08T04:30:52+02:00,ORCL,Oracle,6,9,69,7,https://feargreedmeter.com/top-100-most-popular-meme-stocks-today
2026-08-08T04:30:52+02:00,CVNA,Carvana,20,9,70,8,https://feargreedmeter.com/top-100-most-popular-meme-stocks-today
2026-08-08T04:30:52+02:00,BE,Bloom Energy,17,9,71,0,https://feargreedmeter.com/top-100-most-popular-meme-stocks-today
2026-08-08T04:30:52+02:00,AMC,AMC Entertainment,17,9,72,8,https://feargreedmeter.com/top-100-most-popular-meme-stocks-today
2026-08-08T04:30:52+02:00,HOOD,Robinhood,15,9,73,0,https://feargreedmeter.com/top-100-most-popular-meme-stocks-today
2026-08-08T04:30:52+02:00,LINK,Interlink Electronics,12,9,74,6,https://feargreedmeter.com/top-100-most-popular-meme-stocks-today
2026-08-08T04:30:52+02:00,PS,Pluralsight,22,8,75,5,https://feargreedmeter.com/top-100-most-popular-meme-stocks-today
2026-08-08T04:30:52+02:00,ET,Energy Transfer Partners,32,8,76,-4,https://feargreedmeter.com/top-100-most-popular-meme-stocks-today
2026-08-08T04:30:52+02:00,GOLD,Barrick Gold,27,8,77,4,https://feargreedmeter.com/top-100-most-popular-meme-stocks-today
2026-08-08T04:30:52+02:00,ABNB,Airbnb,11,8,78,0,https://feargreedmeter.com/top-100-most-popular-meme-stocks-today
2026-08-08T04:30:52+02:00,CAN,Canaan,21,8,79,6,https://feargreedmeter.com/top-100-most-popular-meme-stocks-today
2026-08-08T04:30:52+02:00,OG,Onion Global,22,8,80,6,https://feargreedmeter.com/top-100-most-popular-meme-stocks-today
2026-08-08T04:30:52+02:00,DJT,Trump Media & Technology Group,25,8,81,3,https://feargreedmeter.com/top-100-most-popular-meme-stocks-today
2026-08-08T04:30:52+02:00,AMZN,Amazon,12,7,82,-9,https://feargreedmeter.com/top-100-most-popular-meme-stocks-today
2026-08-08T04:30:52+02:00,SAP,SAP,34,7,83,6,https://feargreedmeter.com/top-100-most-popular-meme-stocks-today
2026-08-08T04:30:52+02:00,ON,ON Semiconductor,75,7,84,0,https://feargreedmeter.com/top-100-most-popular-meme-stocks-today
2026-08-08T04:30:52+02:00,IQ,iQIYI,44,7,85,0,https://feargreedmeter.com/top-100-most-popular-meme-stocks-today
2026-08-08T04:30:52+02:00,UBER,Uber,72,7,86,1,https://feargreedmeter.com/top-100-most-popular-meme-stocks-today
2026-08-08T04:30:52+02:00,HBM,Hudbay Minerals,33,7,87,-5,https://feargreedmeter.com/top-100-most-popular-meme-stocks-today
2026-08-08T04:30:52+02:00,JUST,Goldman Sachs ETF Trust - Goldman Sachs Just Us Large Cap Equity ETF,24,7,88,3,https://feargreedmeter.com/top-100-most-popular-meme-stocks-today
2026-08-08T04:30:52+02:00,FCF,First Commonwealth Financial Corp,16,7,89,1,https://feargreedmeter.com/top-100-most-popular-meme-stocks-today
2026-08-08T04:30:52+02:00,DNUT,Krispy Kreme,48,7,90,5,https://feargreedmeter.com/top-100-most-popular-meme-stocks-today
2026-08-08T04:30:52+02:00,RR,Richtech Robotics,24,7,91,1,https://feargreedmeter.com/top-100-most-popular-meme-stocks-today
2026-08-08T04:30:52+02:00,DAY,Dayforce,13,7,92,6,https://feargreedmeter.com/top-100-most-popular-meme-stocks-today
2026-08-08T04:30:52+02:00,CBRS,Cerebras Systems,17,7,93,6,https://feargreedmeter.com/top-100-most-popular-meme-stocks-today
2026-08-08T04:30:52+02:00,REAL,The RealReal,22,6,94,4,https://feargreedmeter.com/top-100-most-popular-meme-stocks-today
2026-08-08T04:30:52+02:00,UUUU,Energy Fuels,27,6,95,5,https://feargreedmeter.com/top-100-most-popular-meme-stocks-today
2026-08-08T04:30:52+02:00,OS,OneStream,18,6,96,0,https://feargreedmeter.com/top-100-most-popular-meme-stocks-today
2026-08-08T04:30:52+02:00,USAR,USA Rare Earth,33,6,97,5,https://feargreedmeter.com/top-100-most-popular-meme-stocks-today
2026-08-08T04:30:52+02:00,KO,Coca-Cola,8,5,98,3,https://feargreedmeter.com/top-100-most-popular-meme-stocks-today
2026-08-08T04:30:52+02:00,NFLX,Netflix,7,5,99,1,https://feargreedmeter.com/top-100-most-popular-meme-stocks-today
2026-08-08T04:30:52+02:00,HPE,Hewlett Packard Enterprise,8,5,100,4,https://feargreedmeter.com/top-100-most-popular-meme-stocks-today
2026-08-08T05:54:03+02:00,HTZ,Hertz,5571,1881,1,383,https://feargreedmeter.com/top-100-most-popular-meme-stocks-today
2026-08-08T05:54:03+02:00,SPCX,SpaceX,1434,354,2,-47,https://feargreedmeter.com/top-100-most-popular-meme-stocks-today
2026-08-08T05:54:03+02:00,SPY,SPDR S&P 500 ETF Trust,912,348,3,-62,https://feargreedmeter.com/top-100-most-popular-meme-stocks-today
2026-08-08T05:54:03+02:00,MU,Micron Technology,510,227,4,4,https://feargreedmeter.com/top-100-most-popular-meme-stocks-today
2026-08-08T05:54:03+02:00,SNDK,Sandisk,385,133,5,-137,https://feargreedmeter.com/top-100-most-popular-meme-stocks-today
2026-08-08T05:54:03+02:00,SOUN,SoundHound AI,160,100,6,27,https://feargreedmeter.com/top-100-most-popular-meme-stocks-today
2026-08-08T05:54:03+02:00,NBIS,Nebius Group,229,100,7,18,https://feargreedmeter.com/top-100-most-popular-meme-stocks-today
2026-08-08T05:54:03+02:00,RKLB,Rocket Lab USA,386,97,8,67,https://feargreedmeter.com/top-100-most-popular-meme-stocks-today
2026-08-08T05:54:03+02:00,PLTR,Palantir,237,93,9,77,https://feargreedmeter.com/top-100-most-popular-meme-stocks-today
2026-08-08T05:54:03+02:00,QQQ,Invesco QQQ ETF,306,93,10,-43,https://feargreedmeter.com/top-100-most-popular-meme-stocks-today
2026-08-08T05:54:03+02:00,DTE,DTE Energy,361,89,11,-5,https://feargreedmeter.com/top-100-most-popular-meme-stocks-today
2026-08-08T05:54:03+02:00,MSFT,Microsoft,144,86,12,-32,https://feargreedmeter.com/top-100-most-popular-meme-stocks-today
2026-08-08T05:54:03+02:00,NVDA,NVIDIA,152,82,13,-70,https://feargreedmeter.com/top-100-most-popular-meme-stocks-today
2026-08-08T05:54:03+02:00,AMD,AMD,132,70,14,5,https://feargreedmeter.com/top-100-most-popular-meme-stocks-today
2026-08-08T05:54:03+02:00,ASTS,AST SpaceMobile,161,69,15,26,https://feargreedmeter.com/top-100-most-popular-meme-stocks-today
2026-08-08T05:54:03+02:00,DOCS,Doximity,80,53,16,38,https://feargreedmeter.com/top-100-most-popular-meme-stocks-today
2026-08-08T05:54:03+02:00,GOOGL,Alphabet (Google),104,53,17,-1,https://feargreedmeter.com/top-100-most-popular-meme-stocks-today
2026-08-08T05:54:03+02:00,GOOG,Alphabet (Google),78,45,18,22,https://feargreedmeter.com/top-100-most-popular-meme-stocks-today
2026-08-08T05:54:03+02:00,TSLA,Tesla,539,45,19,5,https://feargreedmeter.com/top-100-most-popular-meme-stocks-today
2026-08-08T05:54:03+02:00,WEN,Wendy’s Company,247,44,20,-4,https://feargreedmeter.com/top-100-most-popular-meme-stocks-today
2026-08-08T05:54:03+02:00,OKLO,Oklo,65,35,21,17,https://feargreedmeter.com/top-100-most-popular-meme-stocks-today
2026-08-08T05:54:03+02:00,TTWO,Take 2 Interactive,72,32,22,15,https://feargreedmeter.com/top-100-most-popular-meme-stocks-today
2026-08-08T05:54:03+02:00,META,Meta Platforms (Facebook),44,32,23,-22,https://feargreedmeter.com/top-100-most-popular-meme-stocks-today
2026-08-08T05:54:03+02:00,RDDT,Reddit,68,30,24,13,https://feargreedmeter.com/top-100-most-popular-meme-stocks-today
2026-08-08T05:54:03+02:00,AAPL,Apple,48,29,25,-14,https://feargreedmeter.com/top-100-most-popular-meme-stocks-today
2026-08-08T05:54:03+02:00,TTD,The Trade Desk,57,29,26,-47,https://feargreedmeter.com/top-100-most-popular-meme-stocks-today
2026-08-08T05:54:03+02:00,VOO,Vanguard S&P 500 ETF,44,27,27,-5,https://feargreedmeter.com/top-100-most-popular-meme-stocks-today
2026-08-08T05:54:03+02:00,NOW,ServiceNow,33,25,28,8,https://feargreedmeter.com/top-100-most-popular-meme-stocks-today
2026-08-08T05:54:03+02:00,WDC,Western Digital,39,25,29,-43,https://feargreedmeter.com/top-100-most-popular-meme-stocks-today
2026-08-08T05:54:03+02:00,ES,Eversource Energy,55,19,30,-6,https://feargreedmeter.com/top-100-most-popular-meme-stocks-today
2026-08-08T05:54:03+02:00,AAOI,Applied Optoelectronics,51,19,31,-25,https://feargreedmeter.com/top-100-most-popular-meme-stocks-today
2026-08-08T05:54:03+02:00,SMCI,Supermicro,96,18,32,17,https://feargreedmeter.com/top-100-most-popular-meme-stocks-today
2026-08-08T05:54:03+02:00,CELH,Celsius Holdings,25,18,33,-10,https://feargreedmeter.com/top-100-most-popular-meme-stocks-today
2026-08-08T05:54:03+02:00,AM,Antero Midstream,68,18,34,-18,https://feargreedmeter.com/top-100-most-popular-meme-stocks-today
2026-08-08T05:54:03+02:00,GLD,SSgA SPDR Gold Shares,30,18,35,9,https://feargreedmeter.com/top-100-most-popular-meme-stocks-today
2026-08-08T05:54:03+02:00,IT,Gartner,108,17,36,-6,https://feargreedmeter.com/top-100-most-popular-meme-stocks-today
2026-08-08T05:54:03+02:00,CAR,Avis Budget Group,31,17,37,-7,https://feargreedmeter.com/top-100-most-popular-meme-stocks-today
2026-08-08T05:54:03+02:00,SOXL,Direxion Shares ETF Trust - Direxion Daily Semiconductor Bull 3X Share,21,17,38,-1,https://feargreedmeter.com/top-100-most-popular-meme-stocks-today
2026-08-08T05:54:03+02:00,CRSR,Corsair Gaming,25,17,39,6,https://feargreedmeter.com/top-100-most-popular-meme-stocks-today
2026-08-08T05:54:03+02:00,OPEN,Opendoor,142,17,40,-16,https://feargreedmeter.com/top-100-most-popular-meme-stocks-today
2026-08-08T05:54:03+02:00,UP,Wheels Up,259,17,41,11,https://feargreedmeter.com/top-100-most-popular-meme-stocks-today
2026-08-08T05:54:03+02:00,ALL,Allstate,64,16,42,2,https://feargreedmeter.com/top-100-most-popular-meme-stocks-today
2026-08-08T05:54:03+02:00,TEAM,Atlassian,15,15,43,-26,https://feargreedmeter.com/top-100-most-popular-meme-stocks-today
2026-08-08T05:54:03+02:00,IBKR,Interactive Brokers,76,15,44,6,https://feargreedmeter.com/top-100-most-popular-meme-stocks-today
2026-08-08T05:54:03+02:00,NET,Cloudflare,21,15,45,-9,https://feargreedmeter.com/top-100-most-popular-meme-stocks-today
2026-08-08T05:54:03+02:00,SNOW,Snowflake,23,15,46,13,https://feargreedmeter.com/top-100-most-popular-meme-stocks-today
2026-08-08T05:54:03+02:00,ONDS,Ondas Holdings,33,15,47,6,https://feargreedmeter.com/top-100-most-popular-meme-stocks-today
2026-08-08T05:54:03+02:00,CRWV,CoreWeave,29,15,48,5,https://feargreedmeter.com/top-100-most-popular-meme-stocks-today
2026-08-08T05:54:03+02:00,USO,United States Commodity Funds LLC - United States Oil Fund,22,14,49,-2,https://feargreedmeter.com/top-100-most-popular-meme-stocks-today
2026-08-08T05:54:03+02:00,TLT,BlackRock Institutional Trust Company N.A. - BTC iShares 20+ Year Trea,79,14,50,13,https://feargreedmeter.com/top-100-most-popular-meme-stocks-today
2026-08-08T05:54:03+02:00,MSTR,MicroStrategy,19,14,51,2,https://feargreedmeter.com/top-100-most-popular-meme-stocks-today
2026-08-08T05:54:03+02:00,PUMP,ProPetro,45,14,52,8,https://feargreedmeter.com/top-100-most-popular-meme-stocks-today
2026-08-08T05:54:03+02:00,MP,MP Materials,53,14,53,9,https://feargreedmeter.com/top-100-most-popular-meme-stocks-today
2026-08-08T05:54:03+02:00,SLV,iShares Silver Trust,27,13,54,7,https://feargreedmeter.com/top-100-most-popular-meme-stocks-today
2026-08-08T05:54:03+02:00,EU,enCore Energy,-12,13,55,3,https://feargreedmeter.com/top-100-most-popular-meme-stocks-today
2026-08-08T05:54:03+02:00,LUNR,Intuitive Machines,101,13,56,12,https://feargreedmeter.com/top-100-most-popular-meme-stocks-today
2026-08-08T05:54:03+02:00,VT,"Vanguard Group, Inc. - Vanguard Total World Stock ETF",15,12,57,3,https://feargreedmeter.com/top-100-most-popular-meme-stocks-today
2026-08-08T05:54:03+02:00,SGOV,iShares Trust - iShares 0-3 Month Treasury Bond ETF,52,12,58,7,https://feargreedmeter.com/top-100-most-popular-meme-stocks-today
2026-08-08T05:54:03+02:00,YOU,CLEAR Secure,19,12,59,-4,https://feargreedmeter.com/top-100-most-popular-meme-stocks-today
2026-08-08T05:54:03+02:00,SO,Southern Company,396,11,60,2,https://feargreedmeter.com/top-100-most-popular-meme-stocks-today
2026-08-08T05:54:03+02:00,GO,Grocery Outlet,75,11,61,4,https://feargreedmeter.com/top-100-most-popular-meme-stocks-today
2026-08-08T05:54:03+02:00,AGI,Alamos Gold,75,11,62,1,https://feargreedmeter.com/top-100-most-popular-meme-stocks-today
2026-08-08T05:54:03+02:00,HOOD,Robinhood,20,11,63,2,https://feargreedmeter.com/top-100-most-popular-meme-stocks-today
2026-08-08T05:54:03+02:00,ORCL,Oracle,10,10,64,8,https://feargreedmeter.com/top-100-most-popular-meme-stocks-today
2026-08-08T05:54:03+02:00,GL,Globe Life,20,10,65,1,https://feargreedmeter.com/top-100-most-popular-meme-stocks-today
2026-08-08T05:54:03+02:00,LITE,Lumentum,14,10,66,9,https://feargreedmeter.com/top-100-most-popular-meme-stocks-today
2026-08-08T05:54:03+02:00,CC,Chemours,16,10,67,3,https://feargreedmeter.com/top-100-most-popular-meme-stocks-today
2026-08-08T05:54:03+02:00,BE,Bloom Energy,19,10,68,0,https://feargreedmeter.com/top-100-most-popular-meme-stocks-today
2026-08-08T05:54:03+02:00,LINK,Interlink Electronics,13,10,69,6,https://feargreedmeter.com/top-100-most-popular-meme-stocks-today
2026-08-08T05:54:03+02:00,OR,Osisko Gold Royalties,10,9,70,5,https://feargreedmeter.com/top-100-most-popular-meme-stocks-today
2026-08-08T05:54:03+02:00,CVNA,Carvana,20,9,71,8,https://feargreedmeter.com/top-100-most-popular-meme-stocks-today
2026-08-08T05:54:03+02:00,AMC,AMC Entertainment,19,9,72,8,https://feargreedmeter.com/top-100-most-popular-meme-stocks-today
2026-08-08T05:54:03+02:00,API,Agora.io,26,9,73,-4,https://feargreedmeter.com/top-100-most-popular-meme-stocks-today
2026-08-08T05:54:03+02:00,ET,Energy Transfer Partners,32,8,74,-4,https://feargreedmeter.com/top-100-most-popular-meme-stocks-today
2026-08-08T05:54:03+02:00,ABNB,Airbnb,11,8,75,0,https://feargreedmeter.com/top-100-most-popular-meme-stocks-today
2026-08-08T05:54:03+02:00,DJT,Trump Media & Technology Group,26,8,76,3,https://feargreedmeter.com/top-100-most-popular-meme-stocks-today
2026-08-08T05:54:03+02:00,AMZN,Amazon,12,7,77,-9,https://feargreedmeter.com/top-100-most-popular-meme-stocks-today
2026-08-08T05:54:03+02:00,SAP,SAP,37,7,78,6,https://feargreedmeter.com/top-100-most-popular-meme-stocks-today
2026-08-08T05:54:03+02:00,JPM,JPMorgan Chase,24,7,79,-8,https://feargreedmeter.com/top-100-most-popular-meme-stocks-today
2026-08-08T05:54:03+02:00,ON,ON Semiconductor,77,7,80,0,https://feargreedmeter.com/top-100-most-popular-meme-stocks-today
2026-08-08T05:54:03+02:00,IQ,iQIYI,45,7,81,0,https://feargreedmeter.com/top-100-most-popular-meme-stocks-today
2026-08-08T05:54:03+02:00,UBER,Uber,73,7,82,1,https://feargreedmeter.com/top-100-most-popular-meme-stocks-today
2026-08-08T05:54:03+02:00,HBM,Hudbay Minerals,36,7,83,-4,https://feargreedmeter.com/top-100-most-popular-meme-stocks-today
2026-08-08T05:54:03+02:00,GOLD,Barrick Gold,25,7,84,2,https://feargreedmeter.com/top-100-most-popular-meme-stocks-today
2026-08-08T05:54:03+02:00,FCF,First Commonwealth Financial Corp,18,7,85,1,https://feargreedmeter.com/top-100-most-popular-meme-stocks-today
2026-08-08T05:54:03+02:00,DNUT,Krispy Kreme,52,7,86,5,https://feargreedmeter.com/top-100-most-popular-meme-stocks-today
2026-08-08T05:54:03+02:00,CAN,Canaan,16,7,87,3,https://feargreedmeter.com/top-100-most-popular-meme-stocks-today
2026-08-08T05:54:03+02:00,OG,Onion Global,19,7,88,4,https://feargreedmeter.com/top-100-most-popular-meme-stocks-today
2026-08-08T05:54:03+02:00,DAY,Dayforce,13,7,89,6,https://feargreedmeter.com/top-100-most-popular-meme-stocks-today
2026-08-08T05:54:03+02:00,OS,OneStream,18,7,90,0,https://feargreedmeter.com/top-100-most-popular-meme-stocks-today
2026-08-08T05:54:03+02:00,CBRS,Cerebras Systems,17,7,91,6,https://feargreedmeter.com/top-100-most-popular-meme-stocks-today
2026-08-08T05:54:03+02:00,REAL,The RealReal,24,6,92,5,https://feargreedmeter.com/top-100-most-popular-meme-stocks-today
2026-08-08T05:54:03+02:00,PS,Pluralsight,19,6,93,2,https://feargreedmeter.com/top-100-most-popular-meme-stocks-today
2026-08-08T05:54:03+02:00,UUUU,Energy Fuels,26,6,94,5,https://feargreedmeter.com/top-100-most-popular-meme-stocks-today
2026-08-08T05:54:03+02:00,JUST,Goldman Sachs ETF Trust - Goldman Sachs Just Us Large Cap Equity ETF,23,6,95,1,https://feargreedmeter.com/top-100-most-popular-meme-stocks-today
2026-08-08T05:54:03+02:00,EVER,EverQuote,21,6,96,3,https://feargreedmeter.com/top-100-most-popular-meme-stocks-today
2026-08-08T05:54:03+02:00,IREN,Iris Energy,19,6,97,3,https://feargreedmeter.com/top-100-most-popular-meme-stocks-today
2026-08-08T05:54:03+02:00,APLD,Applied Blockchain,7,6,98,5,https://feargreedmeter.com/top-100-most-popular-meme-stocks-today
2026-08-08T05:54:03+02:00,RR,Richtech Robotics,21,6,99,-2,https://feargreedmeter.com/top-100-most-popular-meme-stocks-today
2026-08-08T05:54:03+02:00,USAR,USA Rare Earth,32,6,100,5,https://feargreedmeter.com/top-100-most-popular-meme-stocks-today
2026-08-08T06:54:40+02:00,HTZ,Hertz,5342,1818,1,232,https://feargreedmeter.com/top-100-most-popular-meme-stocks-today
2026-08-08T06:54:40+02:00,SPCX,SpaceX,1465,355,2,-43,https://feargreedmeter.com/top-100-most-popular-meme-stocks-today
2026-08-08T06:54:40+02:00,SPY,SPDR S&P 500 ETF Trust,903,343,3,-68,https://feargreedmeter.com/top-100-most-popular-meme-stocks-today
2026-08-08T06:54:40+02:00,MU,Micron Technology,509,227,4,4,https://feargreedmeter.com/top-100-most-popular-meme-stocks-today
2026-08-08T06:54:40+02:00,SNDK,Sandisk,386,133,5,-123,https://feargreedmeter.com/top-100-most-popular-meme-stocks-today
2026-08-08T06:54:40+02:00,NBIS,Nebius Group,234,102,6,21,https://feargreedmeter.com/top-100-most-popular-meme-stocks-today
2026-08-08T06:54:40+02:00,SOUN,SoundHound AI,157,99,7,26,https://feargreedmeter.com/top-100-most-popular-meme-stocks-today
2026-08-08T06:54:40+02:00,RKLB,Rocket Lab USA,408,98,8,69,https://feargreedmeter.com/top-100-most-popular-meme-stocks-today
2026-08-08T06:54:40+02:00,QQQ,Invesco QQQ ETF,316,94,9,-39,https://feargreedmeter.com/top-100-most-popular-meme-stocks-today
2026-08-08T06:54:40+02:00,PLTR,Palantir,239,93,10,78,https://feargreedmeter.com/top-100-most-popular-meme-stocks-today
2026-08-08T06:54:40+02:00,DTE,DTE Energy,397,91,11,-3,https://feargreedmeter.com/top-100-most-popular-meme-stocks-today
2026-08-08T06:54:40+02:00,MSFT,Microsoft,153,87,12,-30,https://feargreedmeter.com/top-100-most-popular-meme-stocks-today
2026-08-08T06:54:40+02:00,NVDA,NVIDIA,159,83,13,-66,https://feargreedmeter.com/top-100-most-popular-meme-stocks-today
2026-08-08T06:54:40+02:00,ASTS,AST SpaceMobile,172,75,14,33,https://feargreedmeter.com/top-100-most-popular-meme-stocks-today
2026-08-08T06:54:40+02:00,AMD,AMD,135,71,15,8,https://feargreedmeter.com/top-100-most-popular-meme-stocks-today
2026-08-08T06:54:40+02:00,GOOGL,Alphabet (Google),101,53,16,-1,https://feargreedmeter.com/top-100-most-popular-meme-stocks-today
2026-08-08T06:54:40+02:00,DOCS,Doximity,84,52,17,35,https://feargreedmeter.com/top-100-most-popular-meme-stocks-today
2026-08-08T06:54:40+02:00,GOOG,Alphabet (Google),74,44,18,20,https://feargreedmeter.com/top-100-most-popular-meme-stocks-today
2026-08-08T06:54:40+02:00,TSLA,Tesla,546,43,19,3,https://feargreedmeter.com/top-100-most-popular-meme-stocks-today
2026-08-08T06:54:40+02:00,WEN,Wendy’s Company,236,39,20,-10,https://feargreedmeter.com/top-100-most-popular-meme-stocks-today
2026-08-08T06:54:40+02:00,OKLO,Oklo,67,33,21,15,https://feargreedmeter.com/top-100-most-popular-meme-stocks-today
2026-08-08T06:54:40+02:00,META,Meta Platforms (Facebook),43,32,22,-22,https://feargreedmeter.com/top-100-most-popular-meme-stocks-today
2026-08-08T06:54:40+02:00,TTWO,Take 2 Interactive,71,31,23,13,https://feargreedmeter.com/top-100-most-popular-meme-stocks-today
2026-08-08T06:54:40+02:00,RDDT,Reddit,69,31,24,16,https://feargreedmeter.com/top-100-most-popular-meme-stocks-today
2026-08-08T06:54:40+02:00,AAPL,Apple,47,29,25,-14,https://feargreedmeter.com/top-100-most-popular-meme-stocks-today
2026-08-08T06:54:40+02:00,TTD,The Trade Desk,53,28,26,-48,https://feargreedmeter.com/top-100-most-popular-meme-stocks-today
2026-08-08T06:54:40+02:00,VOO,Vanguard S&P 500 ETF,47,28,27,-2,https://feargreedmeter.com/top-100-most-popular-meme-stocks-today
2026-08-08T06:54:40+02:00,NOW,ServiceNow,34,26,28,10,https://feargreedmeter.com/top-100-most-popular-meme-stocks-today
2026-08-08T06:54:40+02:00,WDC,Western Digital,39,25,29,-43,https://feargreedmeter.com/top-100-most-popular-meme-stocks-today
2026-08-08T06:54:40+02:00,AM,Antero Midstream,73,20,30,-15,https://feargreedmeter.com/top-100-most-popular-meme-stocks-today
2026-08-08T06:54:40+02:00,ES,Eversource Energy,55,19,31,-5,https://feargreedmeter.com/top-100-most-popular-meme-stocks-today
2026-08-08T06:54:40+02:00,AAOI,Applied Optoelectronics,51,19,32,-26,https://feargreedmeter.com/top-100-most-popular-meme-stocks-today
2026-08-08T06:54:40+02:00,IT,Gartner,110,18,33,-5,https://feargreedmeter.com/top-100-most-popular-meme-stocks-today
2026-08-08T06:54:40+02:00,SMCI,Supermicro,98,18,34,17,https://feargreedmeter.com/top-100-most-popular-meme-stocks-today
2026-08-08T06:54:40+02:00,CELH,Celsius Holdings,25,18,35,-10,https://feargreedmeter.com/top-100-most-popular-meme-stocks-today
2026-08-08T06:54:40+02:00,GLD,SSgA SPDR Gold Shares,29,18,36,9,https://feargreedmeter.com/top-100-most-popular-meme-stocks-today
2026-08-08T06:54:40+02:00,CRSR,Corsair Gaming,25,17,37,6,https://feargreedmeter.com/top-100-most-popular-meme-stocks-today
2026-08-08T06:54:40+02:00,OPEN,Opendoor,145,17,38,-16,https://feargreedmeter.com/top-100-most-popular-meme-stocks-today
2026-08-08T06:54:40+02:00,UP,Wheels Up,265,17,39,11,https://feargreedmeter.com/top-100-most-popular-meme-stocks-today
2026-08-08T06:54:40+02:00,SOXL,Direxion Shares ETF Trust - Direxion Daily Semiconductor Bull 3X Share,18,16,40,-4,https://feargreedmeter.com/top-100-most-popular-meme-stocks-today
2026-08-08T06:54:40+02:00,ONDS,Ondas Holdings,33,16,41,7,https://feargreedmeter.com/top-100-most-popular-meme-stocks-today
2026-08-08T06:54:40+02:00,ALL,Allstate,59,15,42,2,https://feargreedmeter.com/top-100-most-popular-meme-stocks-today
2026-08-08T06:54:40+02:00,TEAM,Atlassian,15,15,43,-26,https://feargreedmeter.com/top-100-most-popular-meme-stocks-today
2026-08-08T06:54:40+02:00,SNOW,Snowflake,24,15,44,13,https://feargreedmeter.com/top-100-most-popular-meme-stocks-today
2026-08-08T06:54:40+02:00,MP,MP Materials,56,15,45,10,https://feargreedmeter.com/top-100-most-popular-meme-stocks-today
2026-08-08T06:54:40+02:00,CRWV,CoreWeave,30,15,46,5,https://feargreedmeter.com/top-100-most-popular-meme-stocks-today
2026-08-08T06:54:40+02:00,USO,United States Commodity Funds LLC - United States Oil Fund,22,14,47,-2,https://feargreedmeter.com/top-100-most-popular-meme-stocks-today
2026-08-08T06:54:40+02:00,TLT,BlackRock Institutional Trust Company N.A. - BTC iShares 20+ Year Trea,81,14,48,13,https://feargreedmeter.com/top-100-most-popular-meme-stocks-today
2026-08-08T06:54:40+02:00,PUMP,ProPetro,41,14,49,8,https://feargreedmeter.com/top-100-most-popular-meme-stocks-today
2026-08-08T06:54:40+02:00,IBKR,Interactive Brokers,78,13,50,2,https://feargreedmeter.com/top-100-most-popular-meme-stocks-today
2026-08-08T06:54:40+02:00,NET,Cloudflare,19,13,51,-13,https://feargreedmeter.com/top-100-most-popular-meme-stocks-today
2026-08-08T06:54:40+02:00,SLV,iShares Silver Trust,26,13,52,7,https://feargreedmeter.com/top-100-most-popular-meme-stocks-today
2026-08-08T06:54:40+02:00,SGOV,iShares Trust - iShares 0-3 Month Treasury Bond ETF,57,13,53,8,https://feargreedmeter.com/top-100-most-popular-meme-stocks-today
2026-08-08T06:54:40+02:00,MSTR,MicroStrategy,19,13,54,2,https://feargreedmeter.com/top-100-most-popular-meme-stocks-today
2026-08-08T06:54:40+02:00,EU,enCore Energy,-15,13,55,3,https://feargreedmeter.com/top-100-most-popular-meme-stocks-today
2026-08-08T06:54:40+02:00,LUNR,Intuitive Machines,103,13,56,12,https://feargreedmeter.com/top-100-most-popular-meme-stocks-today
2026-08-08T06:54:40+02:00,CAR,Avis Budget Group,22,12,57,-17,https://feargreedmeter.com/top-100-most-popular-meme-stocks-today
2026-08-08T06:54:40+02:00,SO,Southern Company,419,11,58,1,https://feargreedmeter.com/top-100-most-popular-meme-stocks-today
2026-08-08T06:54:40+02:00,GO,Grocery Outlet,73,11,59,4,https://feargreedmeter.com/top-100-most-popular-meme-stocks-today
2026-08-08T06:54:40+02:00,VT,"Vanguard Group, Inc. - Vanguard Total World Stock ETF",14,11,60,2,https://feargreedmeter.com/top-100-most-popular-meme-stocks-today
2026-08-08T06:54:40+02:00,HOOD,Robinhood,20,11,61,2,https://feargreedmeter.com/top-100-most-popular-meme-stocks-today
2026-08-08T06:54:40+02:00,YOU,CLEAR Secure,19,11,62,-6,https://feargreedmeter.com/top-100-most-popular-meme-stocks-today
2026-08-08T06:54:40+02:00,LINK,Interlink Electronics,14,11,63,7,https://feargreedmeter.com/top-100-most-popular-meme-stocks-today
2026-08-08T06:54:40+02:00,ORCL,Oracle,10,10,64,8,https://feargreedmeter.com/top-100-most-popular-meme-stocks-today
2026-08-08T06:54:40+02:00,GL,Globe Life,23,10,65,1,https://feargreedmeter.com/top-100-most-popular-meme-stocks-today
2026-08-08T06:54:40+02:00,LITE,Lumentum,13,10,66,9,https://feargreedmeter.com/top-100-most-popular-meme-stocks-today
2026-08-08T06:54:40+02:00,CC,Chemours,16,10,67,4,https://feargreedmeter.com/top-100-most-popular-meme-stocks-today
2026-08-08T06:54:40+02:00,BE,Bloom Energy,20,10,68,0,https://feargreedmeter.com/top-100-most-popular-meme-stocks-today
2026-08-08T06:54:40+02:00,OR,Osisko Gold Royalties,13,9,69,4,https://feargreedmeter.com/top-100-most-popular-meme-stocks-today
2026-08-08T06:54:40+02:00,ET,Energy Transfer Partners,34,9,70,-3,https://feargreedmeter.com/top-100-most-popular-meme-stocks-today
2026-08-08T06:54:40+02:00,CVNA,Carvana,18,9,71,8,https://feargreedmeter.com/top-100-most-popular-meme-stocks-today
2026-08-08T06:54:40+02:00,API,Agora.io,26,9,72,-4,https://feargreedmeter.com/top-100-most-popular-meme-stocks-today
2026-08-08T06:54:40+02:00,AGI,Alamos Gold,26,8,73,-3,https://feargreedmeter.com/top-100-most-popular-meme-stocks-today
2026-08-08T06:54:40+02:00,ABNB,Airbnb,12,8,74,0,https://feargreedmeter.com/top-100-most-popular-meme-stocks-today
2026-08-08T06:54:40+02:00,AMC,AMC Entertainment,17,8,75,6,https://feargreedmeter.com/top-100-most-popular-meme-stocks-today
2026-08-08T06:54:40+02:00,DJT,Trump Media & Technology Group,28,8,76,3,https://feargreedmeter.com/top-100-most-popular-meme-stocks-today
2026-08-08T06:54:40+02:00,AMZN,Amazon,12,7,77,-9,https://feargreedmeter.com/top-100-most-popular-meme-stocks-today
2026-08-08T06:54:40+02:00,SAP,SAP,37,7,78,6,https://feargreedmeter.com/top-100-most-popular-meme-stocks-today
2026-08-08T06:54:40+02:00,JPM,JPMorgan Chase,22,7,79,-10,https://feargreedmeter.com/top-100-most-popular-meme-stocks-today
2026-08-08T06:54:40+02:00,ON,ON Semiconductor,77,7,80,0,https://feargreedmeter.com/top-100-most-popular-meme-stocks-today
2026-08-08T06:54:40+02:00,IQ,iQIYI,44,7,81,0,https://feargreedmeter.com/top-100-most-popular-meme-stocks-today
2026-08-08T06:54:40+02:00,UBER,Uber,73,7,82,1,https://feargreedmeter.com/top-100-most-popular-meme-stocks-today
2026-08-08T06:54:40+02:00,HBM,Hudbay Minerals,39,7,83,-4,https://feargreedmeter.com/top-100-most-popular-meme-stocks-today
2026-08-08T06:54:40+02:00,GOLD,Barrick Gold,25,7,84,2,https://feargreedmeter.com/top-100-most-popular-meme-stocks-today
2026-08-08T06:54:40+02:00,JUST,Goldman Sachs ETF Trust - Goldman Sachs Just Us Large Cap Equity ETF,27,7,85,4,https://feargreedmeter.com/top-100-most-popular-meme-stocks-today
2026-08-08T06:54:40+02:00,DNUT,Krispy Kreme,53,7,86,5,https://feargreedmeter.com/top-100-most-popular-meme-stocks-today
2026-08-08T06:54:40+02:00,CAN,Canaan,14,7,87,3,https://feargreedmeter.com/top-100-most-popular-meme-stocks-today
2026-08-08T06:54:40+02:00,DAY,Dayforce,13,7,88,6,https://feargreedmeter.com/top-100-most-popular-meme-stocks-today
2026-08-08T06:54:40+02:00,CBRS,Cerebras Systems,17,7,89,6,https://feargreedmeter.com/top-100-most-popular-meme-stocks-today
2026-08-08T06:54:40+02:00,NFLX,Netflix,8,6,90,2,https://feargreedmeter.com/top-100-most-popular-meme-stocks-today
2026-08-08T06:54:40+02:00,REAL,The RealReal,25,6,91,5,https://feargreedmeter.com/top-100-most-popular-meme-stocks-today
2026-08-08T06:54:40+02:00,PS,Pluralsight,18,6,92,2,https://feargreedmeter.com/top-100-most-popular-meme-stocks-today
2026-08-08T06:54:40+02:00,UUUU,Energy Fuels,27,6,93,5,https://feargreedmeter.com/top-100-most-popular-meme-stocks-today
2026-08-08T06:54:40+02:00,EVER,EverQuote,22,6,94,3,https://feargreedmeter.com/top-100-most-popular-meme-stocks-today
2026-08-08T06:54:40+02:00,FCF,First Commonwealth Financial Corp,12,6,95,0,https://feargreedmeter.com/top-100-most-popular-meme-stocks-today
2026-08-08T06:54:40+02:00,OG,Onion Global,11,6,96,2,https://feargreedmeter.com/top-100-most-popular-meme-stocks-today
2026-08-08T06:54:40+02:00,IREN,Iris Energy,23,6,97,3,https://feargreedmeter.com/top-100-most-popular-meme-stocks-today
2026-08-08T06:54:40+02:00,APLD,Applied Blockchain,7,6,98,5,https://feargreedmeter.com/top-100-most-popular-meme-stocks-today
2026-08-08T06:54:40+02:00,OS,OneStream,16,6,99,-1,https://feargreedmeter.com/top-100-most-popular-meme-stocks-today
2026-08-08T06:54:40+02:00,USAR,USA Rare Earth,33,6,100,5,https://feargreedmeter.com/top-100-most-popular-meme-stocks-today
2026-08-08T07:42:24+02:00,HTZ,Hertz,5234,1776,1,170,https://feargreedmeter.com/top-100-most-popular-meme-stocks-today
2026-08-08T07:42:24+02:00,SPCX,SpaceX,1482,354,2,-42,https://feargreedmeter.com/top-100-most-popular-meme-stocks-today
2026-08-08T07:42:24+02:00,SPY,SPDR S&P 500 ETF Trust,904,341,3,-67,https://feargreedmeter.com/top-100-most-popular-meme-stocks-today
2026-08-08T07:42:24+02:00,MU,Micron Technology,506,226,4,6,https://feargreedmeter.com/top-100-most-popular-meme-stocks-today
2026-08-08T07:42:24+02:00,SNDK,Sandisk,385,132,5,-118,https://feargreedmeter.com/top-100-most-popular-meme-stocks-today
2026-08-08T07:42:24+02:00,NBIS,Nebius Group,239,102,6,21,https://feargreedmeter.com/top-100-most-popular-meme-stocks-today
2026-08-08T07:42:24+02:00,SOUN,SoundHound AI,154,99,7,27,https://feargreedmeter.com/top-100-most-popular-meme-stocks-today
2026-08-08T07:42:24+02:00,RKLB,Rocket Lab USA,411,98,8,69,https://feargreedmeter.com/top-100-most-popular-meme-stocks-today
2026-08-08T07:42:24+02:00,QQQ,Invesco QQQ ETF,320,96,9,-34,https://feargreedmeter.com/top-100-most-popular-meme-stocks-today
2026-08-08T07:42:24+02:00,PLTR,Palantir,247,93,10,77,https://feargreedmeter.com/top-100-most-popular-meme-stocks-today
2026-08-08T07:42:24+02:00,DTE,DTE Energy,397,91,11,-4,https://feargreedmeter.com/top-100-most-popular-meme-stocks-today
2026-08-08T07:42:24+02:00,MSFT,Microsoft,147,84,12,-32,https://feargreedmeter.com/top-100-most-popular-meme-stocks-today
2026-08-08T07:42:24+02:00,NVDA,NVIDIA,159,83,13,-65,https://feargreedmeter.com/top-100-most-popular-meme-stocks-today
2026-08-08T07:42:24+02:00,ASTS,AST SpaceMobile,170,75,14,33,https://feargreedmeter.com/top-100-most-popular-meme-stocks-today
2026-08-08T07:42:24+02:00,AMD,AMD,134,71,15,11,https://feargreedmeter.com/top-100-most-popular-meme-stocks-today
2026-08-08T07:42:24+02:00,GOOGL,Alphabet (Google),102,53,16,-1,https://feargreedmeter.com/top-100-most-popular-meme-stocks-today
2026-08-08T07:42:24+02:00,DOCS,Doximity,84,52,17,35,https://feargreedmeter.com/top-100-most-popular-meme-stocks-today
2026-08-08T07:42:24+02:00,GOOG,Alphabet (Google),74,44,18,21,https://feargreedmeter.com/top-100-most-popular-meme-stocks-today
2026-08-08T07:42:24+02:00,TSLA,Tesla,554,43,19,2,https://feargreedmeter.com/top-100-most-popular-meme-stocks-today
2026-08-08T07:42:24+02:00,WEN,Wendy’s Company,238,39,20,-13,https://feargreedmeter.com/top-100-most-popular-meme-stocks-today
2026-08-08T07:42:24+02:00,OKLO,Oklo,67,33,21,15,https://feargreedmeter.com/top-100-most-popular-meme-stocks-today
2026-08-08T07:42:24+02:00,TTWO,Take 2 Interactive,71,31,22,13,https://feargreedmeter.com/top-100-most-popular-meme-stocks-today
2026-08-08T07:42:24+02:00,META,Meta Platforms (Facebook),42,31,23,-22,https://feargreedmeter.com/top-100-most-popular-meme-stocks-today
2026-08-08T07:42:24+02:00,RDDT,Reddit,66,30,24,15,https://feargreedmeter.com/top-100-most-popular-meme-stocks-today
2026-08-08T07:42:24+02:00,AAPL,Apple,47,29,25,-11,https://feargreedmeter.com/top-100-most-popular-meme-stocks-today
2026-08-08T07:42:24+02:00,TTD,The Trade Desk,54,28,26,-49,https://feargreedmeter.com/top-100-most-popular-meme-stocks-today
2026-08-08T07:42:24+02:00,VOO,Vanguard S&P 500 ETF,49,28,27,-2,https://feargreedmeter.com/top-100-most-popular-meme-stocks-today
2026-08-08T07:42:24+02:00,NOW,ServiceNow,34,26,28,10,https://feargreedmeter.com/top-100-most-popular-meme-stocks-today
2026-08-08T07:42:24+02:00,WDC,Western Digital,41,25,29,-43,https://feargreedmeter.com/top-100-most-popular-meme-stocks-today
2026-08-08T07:42:24+02:00,ES,Eversource Energy,55,19,30,-6,https://feargreedmeter.com/top-100-most-popular-meme-stocks-today
2026-08-08T07:42:24+02:00,AM,Antero Midstream,83,19,31,-16,https://feargreedmeter.com/top-100-most-popular-meme-stocks-today
2026-08-08T07:42:24+02:00,IT,Gartner,110,18,32,-4,https://feargreedmeter.com/top-100-most-popular-meme-stocks-today
2026-08-08T07:42:24+02:00,SMCI,Supermicro,107,18,33,17,https://feargreedmeter.com/top-100-most-popular-meme-stocks-today
2026-08-08T07:42:24+02:00,GLD,SSgA SPDR Gold Shares,29,18,34,9,https://feargreedmeter.com/top-100-most-popular-meme-stocks-today
2026-08-08T07:42:24+02:00,AAOI,Applied Optoelectronics,50,18,35,-27,https://feargreedmeter.com/top-100-most-popular-meme-stocks-today
2026-08-08T07:42:24+02:00,CELH,Celsius Holdings,25,17,36,-11,https://feargreedmeter.com/top-100-most-popular-meme-stocks-today
2026-08-08T07:42:24+02:00,CRSR,Corsair Gaming,25,17,37,6,https://feargreedmeter.com/top-100-most-popular-meme-stocks-today
2026-08-08T07:42:24+02:00,OPEN,Opendoor,143,17,38,-16,https://feargreedmeter.com/top-100-most-popular-meme-stocks-today
2026-08-08T07:42:24+02:00,UP,Wheels Up,274,17,39,11,https://feargreedmeter.com/top-100-most-popular-meme-stocks-today
2026-08-08T07:42:24+02:00,SOXL,Direxion Shares ETF Trust - Direxion Daily Semiconductor Bull 3X Share,19,16,40,-6,https://feargreedmeter.com/top-100-most-popular-meme-stocks-today
2026-08-08T07:42:24+02:00,ONDS,Ondas Holdings,33,16,41,6,https://feargreedmeter.com/top-100-most-popular-meme-stocks-today
2026-08-08T07:42:24+02:00,ALL,Allstate,59,15,42,1,https://feargreedmeter.com/top-100-most-popular-meme-stocks-today
2026-08-08T07:42:24+02:00,TEAM,Atlassian,15,15,43,-26,https://feargreedmeter.com/top-100-most-popular-meme-stocks-today
2026-08-08T07:42:24+02:00,SNOW,Snowflake,24,15,44,13,https://feargreedmeter.com/top-100-most-popular-meme-stocks-today
2026-08-08T07:42:24+02:00,MP,MP Materials,59,15,45,10,https://feargreedmeter.com/top-100-most-popular-meme-stocks-today
2026-08-08T07:42:24+02:00,CRWV,CoreWeave,31,15,46,5,https://feargreedmeter.com/top-100-most-popular-meme-stocks-today
2026-08-08T07:42:24+02:00,USO,United States Commodity Funds LLC - United States Oil Fund,22,14,47,-2,https://feargreedmeter.com/top-100-most-popular-meme-stocks-today
2026-08-08T07:42:24+02:00,TLT,BlackRock Institutional Trust Company N.A. - BTC iShares 20+ Year Trea,81,14,48,13,https://feargreedmeter.com/top-100-most-popular-meme-stocks-today
2026-08-08T07:42:24+02:00,IBKR,Interactive Brokers,78,13,49,2,https://feargreedmeter.com/top-100-most-popular-meme-stocks-today
2026-08-08T07:42:24+02:00,NET,Cloudflare,19,13,50,-13,https://feargreedmeter.com/top-100-most-popular-meme-stocks-today
2026-08-08T07:42:24+02:00,SLV,iShares Silver Trust,26,13,51,7,https://feargreedmeter.com/top-100-most-popular-meme-stocks-today
2026-08-08T07:42:24+02:00,SGOV,iShares Trust - iShares 0-3 Month Treasury Bond ETF,59,13,52,8,https://feargreedmeter.com/top-100-most-popular-meme-stocks-today
2026-08-08T07:42:24+02:00,MSTR,MicroStrategy,19,13,53,1,https://feargreedmeter.com/top-100-most-popular-meme-stocks-today
2026-08-08T07:42:24+02:00,PUMP,ProPetro,40,13,54,7,https://feargreedmeter.com/top-100-most-popular-meme-stocks-today
2026-08-08T07:42:24+02:00,EU,enCore Energy,-6,13,55,3,https://feargreedmeter.com/top-100-most-popular-meme-stocks-today
2026-08-08T07:42:24+02:00,LUNR,Intuitive Machines,99,13,56,12,https://feargreedmeter.com/top-100-most-popular-meme-stocks-today
2026-08-08T07:42:24+02:00,SO,Southern Company,436,12,57,2,https://feargreedmeter.com/top-100-most-popular-meme-stocks-today
2026-08-08T07:42:24+02:00,CAR,Avis Budget Group,22,12,58,-18,https://feargreedmeter.com/top-100-most-popular-meme-stocks-today
2026-08-08T07:42:24+02:00,HOOD,Robinhood,21,12,59,3,https://feargreedmeter.com/top-100-most-popular-meme-stocks-today
2026-08-08T07:42:24+02:00,LINK,Interlink Electronics,15,12,60,8,https://feargreedmeter.com/top-100-most-popular-meme-stocks-today
2026-08-08T07:42:24+02:00,GO,Grocery Outlet,75,11,61,4,https://feargreedmeter.com/top-100-most-popular-meme-stocks-today
2026-08-08T07:42:24+02:00,VT,"Vanguard Group, Inc. - Vanguard Total World Stock ETF",14,11,62,2,https://feargreedmeter.com/top-100-most-popular-meme-stocks-today
2026-08-08T07:42:24+02:00,YOU,CLEAR Secure,19,11,63,-6,https://feargreedmeter.com/top-100-most-popular-meme-stocks-today
2026-08-08T07:42:24+02:00,ORCL,Oracle,10,10,64,8,https://feargreedmeter.com/top-100-most-popular-meme-stocks-today
2026-08-08T07:42:24+02:00,GL,Globe Life,21,10,65,1,https://feargreedmeter.com/top-100-most-popular-meme-stocks-today
2026-08-08T07:42:24+02:00,LITE,Lumentum,13,10,66,9,https://feargreedmeter.com/top-100-most-popular-meme-stocks-today
2026-08-08T07:42:24+02:00,CC,Chemours,17,10,67,5,https://feargreedmeter.com/top-100-most-popular-meme-stocks-today
2026-08-08T07:42:24+02:00,BE,Bloom Energy,19,10,68,-1,https://feargreedmeter.com/top-100-most-popular-meme-stocks-today
2026-08-08T07:42:24+02:00,OR,Osisko Gold Royalties,13,9,69,4,https://feargreedmeter.com/top-100-most-popular-meme-stocks-today
2026-08-08T07:42:24+02:00,ET,Energy Transfer Partners,34,9,70,-3,https://feargreedmeter.com/top-100-most-popular-meme-stocks-today
2026-08-08T07:42:24+02:00,CVNA,Carvana,18,9,71,8,https://feargreedmeter.com/top-100-most-popular-meme-stocks-today
2026-08-08T07:42:24+02:00,API,Agora.io,27,9,72,-4,https://feargreedmeter.com/top-100-most-popular-meme-stocks-today
2026-08-08T07:42:24+02:00,ABNB,Airbnb,13,8,73,0,https://feargreedmeter.com/top-100-most-popular-meme-stocks-today
2026-08-08T07:42:24+02:00,DJT,Trump Media & Technology Group,28,8,74,3,https://feargreedmeter.com/top-100-most-popular-meme-stocks-today
2026-08-08T07:42:24+02:00,AMZN,Amazon,12,7,75,-9,https://feargreedmeter.com/top-100-most-popular-meme-stocks-today
2026-08-08T07:42:24+02:00,SAP,SAP,37,7,76,6,https://feargreedmeter.com/top-100-most-popular-meme-stocks-today
2026-08-08T07:42:24+02:00,JPM,JPMorgan Chase,21,7,77,-10,https://feargreedmeter.com/top-100-most-popular-meme-stocks-today
2026-08-08T07:42:24+02:00,ON,ON Semiconductor,76,7,78,0,https://feargreedmeter.com/top-100-most-popular-meme-stocks-today
2026-08-08T07:42:24+02:00,IQ,iQIYI,43,7,79,0,https://feargreedmeter.com/top-100-most-popular-meme-stocks-today
2026-08-08T07:42:24+02:00,UBER,Uber,74,7,80,1,https://feargreedmeter.com/top-100-most-popular-meme-stocks-today
2026-08-08T07:42:24+02:00,HBM,Hudbay Minerals,39,7,81,-3,https://feargreedmeter.com/top-100-most-popular-meme-stocks-today
2026-08-08T07:42:24+02:00,GOLD,Barrick Gold,25,7,82,2,https://feargreedmeter.com/top-100-most-popular-meme-stocks-today
2026-08-08T07:42:24+02:00,AGI,Alamos Gold,19,7,83,-6,https://feargreedmeter.com/top-100-most-popular-meme-stocks-today
2026-08-08T07:42:24+02:00,JUST,Goldman Sachs ETF Trust - Goldman Sachs Just Us Large Cap Equity ETF,27,7,84,4,https://feargreedmeter.com/top-100-most-popular-meme-stocks-today
2026-08-08T07:42:24+02:00,AMC,AMC Entertainment,16,7,85,5,https://feargreedmeter.com/top-100-most-popular-meme-stocks-today
2026-08-08T07:42:24+02:00,DNUT,Krispy Kreme,53,7,86,5,https://feargreedmeter.com/top-100-most-popular-meme-stocks-today
2026-08-08T07:42:24+02:00,CAN,Canaan,15,7,87,3,https://feargreedmeter.com/top-100-most-popular-meme-stocks-today
2026-08-08T07:42:24+02:00,DAY,Dayforce,13,7,88,6,https://feargreedmeter.com/top-100-most-popular-meme-stocks-today
2026-08-08T07:42:24+02:00,CBRS,Cerebras Systems,17,7,89,6,https://feargreedmeter.com/top-100-most-popular-meme-stocks-today
2026-08-08T07:42:24+02:00,AVGO,Broadcom,16,6,90,4,https://feargreedmeter.com/top-100-most-popular-meme-stocks-today
2026-08-08T07:42:24+02:00,REAL,The RealReal,26,6,91,5,https://feargreedmeter.com/top-100-most-popular-meme-stocks-today
2026-08-08T07:42:24+02:00,PS,Pluralsight,19,6,92,0,https://feargreedmeter.com/top-100-most-popular-meme-stocks-today
2026-08-08T07:42:24+02:00,UUUU,Energy Fuels,29,6,93,5,https://feargreedmeter.com/top-100-most-popular-meme-stocks-today
2026-08-08T07:42:24+02:00,EVER,EverQuote,22,6,94,3,https://feargreedmeter.com/top-100-most-popular-meme-stocks-today
2026-08-08T07:42:24+02:00,FCF,First Commonwealth Financial Corp,12,6,95,-1,https://feargreedmeter.com/top-100-most-popular-meme-stocks-today
2026-08-08T07:42:24+02:00,OG,Onion Global,11,6,96,2,https://feargreedmeter.com/top-100-most-popular-meme-stocks-today
2026-08-08T07:42:24+02:00,IREN,Iris Energy,24,6,97,3,https://feargreedmeter.com/top-100-most-popular-meme-stocks-today
2026-08-08T07:42:24+02:00,APLD,Applied Blockchain,7,6,98,5,https://feargreedmeter.com/top-100-most-popular-meme-stocks-today
2026-08-08T07:42:24+02:00,OS,OneStream,15,6,99,-2,https://feargreedmeter.com/top-100-most-popular-meme-stocks-today
2026-08-08T07:42:24+02:00,USAR,USA Rare Earth,34,6,100,5,https://feargreedmeter.com/top-100-most-popular-meme-stocks-today
2026-08-08T08:25:18+02:00,HTZ,Hertz,5154,1756,1,104,https://feargreedmeter.com/top-100-most-popular-meme-stocks-today
2026-08-08T08:25:18+02:00,SPCX,SpaceX,1494,355,2,-39,https://feargreedmeter.com/top-100-most-popular-meme-stocks-today
2026-08-08T08:25:18+02:00,SPY,SPDR S&P 500 ETF Trust,910,340,3,-71,https://feargreedmeter.com/top-100-most-popular-meme-stocks-today
2026-08-08T08:25:18+02:00,MU,Micron Technology,499,224,4,3,https://feargreedmeter.com/top-100-most-popular-meme-stocks-today
2026-08-08T08:25:18+02:00,SNDK,Sandisk,388,132,5,-113,https://feargreedmeter.com/top-100-most-popular-meme-stocks-today
2026-08-08T08:25:18+02:00,NBIS,Nebius Group,241,103,6,20,https://feargreedmeter.com/top-100-most-popular-meme-stocks-today
2026-08-08T08:25:18+02:00,RKLB,Rocket Lab USA,429,101,7,72,https://feargreedmeter.com/top-100-most-popular-meme-stocks-today
2026-08-08T08:25:18+02:00,SOUN,SoundHound AI,154,99,8,29,https://feargreedmeter.com/top-100-most-popular-meme-stocks-today
2026-08-08T08:25:18+02:00,QQQ,Invesco QQQ ETF,324,95,9,-35,https://feargreedmeter.com/top-100-most-popular-meme-stocks-today
2026-08-08T08:25:18+02:00,PLTR,Palantir,246,92,10,76,https://feargreedmeter.com/top-100-most-popular-meme-stocks-today
2026-08-08T08:25:18+02:00,DTE,DTE Energy,400,90,11,-5,https://feargreedmeter.com/top-100-most-popular-meme-stocks-today
2026-08-08T08:25:18+02:00,MSFT,Microsoft,148,84,12,-35,https://feargreedmeter.com/top-100-most-popular-meme-stocks-today
2026-08-08T08:25:18+02:00,NVDA,NVIDIA,154,83,13,-64,https://feargreedmeter.com/top-100-most-popular-meme-stocks-today
2026-08-08T08:25:18+02:00,ASTS,AST SpaceMobile,183,78,14,36,https://feargreedmeter.com/top-100-most-popular-meme-stocks-today
2026-08-08T08:25:18+02:00,AMD,AMD,133,71,15,14,https://feargreedmeter.com/top-100-most-popular-meme-stocks-today
2026-08-08T08:25:18+02:00,GOOGL,Alphabet (Google),101,53,16,-1,https://feargreedmeter.com/top-100-most-popular-meme-stocks-today
2026-08-08T08:25:18+02:00,DOCS,Doximity,81,51,17,34,https://feargreedmeter.com/top-100-most-popular-meme-stocks-today
2026-08-08T08:25:18+02:00,GOOG,Alphabet (Google),76,45,18,22,https://feargreedmeter.com/top-100-most-popular-meme-stocks-today
2026-08-08T08:25:18+02:00,TSLA,Tesla,561,44,19,5,https://feargreedmeter.com/top-100-most-popular-meme-stocks-today
2026-08-08T08:25:18+02:00,WEN,Wendy’s Company,237,39,20,-13,https://feargreedmeter.com/top-100-most-popular-meme-stocks-today
2026-08-08T08:25:18+02:00,OKLO,Oklo,68,33,21,15,https://feargreedmeter.com/top-100-most-popular-meme-stocks-today
2026-08-08T08:25:18+02:00,TTWO,Take 2 Interactive,70,32,22,14,https://feargreedmeter.com/top-100-most-popular-meme-stocks-today
2026-08-08T08:25:18+02:00,META,Meta Platforms (Facebook),42,30,23,-24,https://feargreedmeter.com/top-100-most-popular-meme-stocks-today
2026-08-08T08:25:18+02:00,AAPL,Apple,46,29,24,-11,https://feargreedmeter.com/top-100-most-popular-meme-stocks-today
2026-08-08T08:25:18+02:00,RDDT,Reddit,59,29,25,14,https://feargreedmeter.com/top-100-most-popular-meme-stocks-today
2026-08-08T08:25:18+02:00,TTD,The Trade Desk,55,28,26,-49,https://feargreedmeter.com/top-100-most-popular-meme-stocks-today
2026-08-08T08:25:18+02:00,VOO,Vanguard S&P 500 ETF,46,28,27,-1,https://feargreedmeter.com/top-100-most-popular-meme-stocks-today
2026-08-08T08:25:18+02:00,NOW,ServiceNow,30,25,28,8,https://feargreedmeter.com/top-100-most-popular-meme-stocks-today
2026-08-08T08:25:18+02:00,WDC,Western Digital,41,25,29,-41,https://feargreedmeter.com/top-100-most-popular-meme-stocks-today
2026-08-08T08:25:18+02:00,ES,Eversource Energy,64,20,30,-4,https://feargreedmeter.com/top-100-most-popular-meme-stocks-today
2026-08-08T08:25:18+02:00,AM,Antero Midstream,87,20,31,-15,https://feargreedmeter.com/top-100-most-popular-meme-stocks-today
2026-08-08T08:25:18+02:00,IT,Gartner,111,18,32,-4,https://feargreedmeter.com/top-100-most-popular-meme-stocks-today
2026-08-08T08:25:18+02:00,SMCI,Supermicro,107,18,33,17,https://feargreedmeter.com/top-100-most-popular-meme-stocks-today
2026-08-08T08:25:18+02:00,GLD,SSgA SPDR Gold Shares,29,18,34,9,https://feargreedmeter.com/top-100-most-popular-meme-stocks-today
2026-08-08T08:25:18+02:00,AAOI,Applied Optoelectronics,50,18,35,-27,https://feargreedmeter.com/top-100-most-popular-meme-stocks-today
2026-08-08T08:25:18+02:00,CELH,Celsius Holdings,25,17,36,-12,https://feargreedmeter.com/top-100-most-popular-meme-stocks-today
2026-08-08T08:25:18+02:00,CRSR,Corsair Gaming,24,17,37,6,https://feargreedmeter.com/top-100-most-popular-meme-stocks-today
2026-08-08T08:25:18+02:00,OPEN,Opendoor,143,17,38,-14,https://feargreedmeter.com/top-100-most-popular-meme-stocks-today
2026-08-08T08:25:18+02:00,UP,Wheels Up,277,17,39,11,https://feargreedmeter.com/top-100-most-popular-meme-stocks-today
2026-08-08T08:25:18+02:00,ONDS,Ondas Holdings,34,17,40,7,https://feargreedmeter.com/top-100-most-popular-meme-stocks-today
2026-08-08T08:25:18+02:00,SOXL,Direxion Shares ETF Trust - Direxion Daily Semiconductor Bull 3X Share,19,16,41,-6,https://feargreedmeter.com/top-100-most-popular-meme-stocks-today
2026-08-08T08:25:18+02:00,ALL,Allstate,60,15,42,1,https://feargreedmeter.com/top-100-most-popular-meme-stocks-today
2026-08-08T08:25:18+02:00,SNOW,Snowflake,23,15,43,13,https://feargreedmeter.com/top-100-most-popular-meme-stocks-today
2026-08-08T08:25:18+02:00,USO,United States Commodity Funds LLC - United States Oil Fund,24,15,44,-1,https://feargreedmeter.com/top-100-most-popular-meme-stocks-today
2026-08-08T08:25:18+02:00,MP,MP Materials,60,15,45,10,https://feargreedmeter.com/top-100-most-popular-meme-stocks-today
2026-08-08T08:25:18+02:00,CRWV,CoreWeave,30,15,46,6,https://feargreedmeter.com/top-100-most-popular-meme-stocks-today
2026-08-08T08:25:18+02:00,TLT,BlackRock Institutional Trust Company N.A. - BTC iShares 20+ Year Trea,81,14,47,13,https://feargreedmeter.com/top-100-most-popular-meme-stocks-today
2026-08-08T08:25:18+02:00,TEAM,Atlassian,13,13,48,-29,https://feargreedmeter.com/top-100-most-popular-meme-stocks-today
2026-08-08T08:25:18+02:00,SLV,iShares Silver Trust,26,13,49,7,https://feargreedmeter.com/top-100-most-popular-meme-stocks-today
2026-08-08T08:25:18+02:00,SGOV,iShares Trust - iShares 0-3 Month Treasury Bond ETF,57,13,50,8,https://feargreedmeter.com/top-100-most-popular-meme-stocks-today
2026-08-08T08:25:18+02:00,MSTR,MicroStrategy,19,13,51,2,https://feargreedmeter.com/top-100-most-popular-meme-stocks-today
2026-08-08T08:25:18+02:00,PUMP,ProPetro,40,13,52,7,https://feargreedmeter.com/top-100-most-popular-meme-stocks-today
2026-08-08T08:25:18+02:00,YOU,CLEAR Secure,20,13,53,-4,https://feargreedmeter.com/top-100-most-popular-meme-stocks-today
2026-08-08T08:25:18+02:00,EU,enCore Energy,-5,13,54,4,https://feargreedmeter.com/top-100-most-popular-meme-stocks-today
2026-08-08T08:25:18+02:00,LUNR,Intuitive Machines,97,13,55,12,https://feargreedmeter.com/top-100-most-popular-meme-stocks-today
2026-08-08T08:25:18+02:00,SO,Southern Company,445,12,56,2,https://feargreedmeter.com/top-100-most-popular-meme-stocks-today
2026-08-08T08:25:18+02:00,IBKR,Interactive Brokers,77,12,57,0,https://feargreedmeter.com/top-100-most-popular-meme-stocks-today
2026-08-08T08:25:18+02:00,CAR,Avis Budget Group,22,12,58,-18,https://feargreedmeter.com/top-100-most-popular-meme-stocks-today
2026-08-08T08:25:18+02:00,NET,Cloudflare,17,12,59,-14,https://feargreedmeter.com/top-100-most-popular-meme-stocks-today
2026-08-08T08:25:18+02:00,HOOD,Robinhood,21,12,60,4,https://feargreedmeter.com/top-100-most-popular-meme-stocks-today
2026-08-08T08:25:18+02:00,LINK,Interlink Electronics,15,12,61,8,https://feargreedmeter.com/top-100-most-popular-meme-stocks-today
2026-08-08T08:25:18+02:00,GL,Globe Life,28,11,62,2,https://feargreedmeter.com/top-100-most-popular-meme-stocks-today
2026-08-08T08:25:18+02:00,GO,Grocery Outlet,76,11,63,4,https://feargreedmeter.com/top-100-most-popular-meme-stocks-today
2026-08-08T08:25:18+02:00,VT,"Vanguard Group, Inc. - Vanguard Total World Stock ETF",14,11,64,2,https://feargreedmeter.com/top-100-most-popular-meme-stocks-today
2026-08-08T08:25:18+02:00,ORCL,Oracle,9,10,65,8,https://feargreedmeter.com/top-100-most-popular-meme-stocks-today
2026-08-08T08:25:18+02:00,LITE,Lumentum,13,10,66,9,https://feargreedmeter.com/top-100-most-popular-meme-stocks-today
2026-08-08T08:25:18+02:00,CC,Chemours,17,10,67,6,https://feargreedmeter.com/top-100-most-popular-meme-stocks-today
2026-08-08T08:25:18+02:00,BE,Bloom Energy,19,10,68,-1,https://feargreedmeter.com/top-100-most-popular-meme-stocks-today
2026-08-08T08:25:18+02:00,API,Agora.io,28,10,69,-3,https://feargreedmeter.com/top-100-most-popular-meme-stocks-today
2026-08-08T08:25:18+02:00,OR,Osisko Gold Royalties,16,9,70,4,https://feargreedmeter.com/top-100-most-popular-meme-stocks-today
2026-08-08T08:25:18+02:00,ET,Energy Transfer Partners,34,9,71,-3,https://feargreedmeter.com/top-100-most-popular-meme-stocks-today
2026-08-08T08:25:18+02:00,CVNA,Carvana,18,9,72,8,https://feargreedmeter.com/top-100-most-popular-meme-stocks-today
2026-08-08T08:25:18+02:00,ABNB,Airbnb,12,8,73,0,https://feargreedmeter.com/top-100-most-popular-meme-stocks-today
2026-08-08T08:25:18+02:00,DJT,Trump Media & Technology Group,28,8,74,3,https://feargreedmeter.com/top-100-most-popular-meme-stocks-today
2026-08-08T08:25:18+02:00,AMZN,Amazon,11,7,75,-9,https://feargreedmeter.com/top-100-most-popular-meme-stocks-today
2026-08-08T08:25:18+02:00,SAP,SAP,39,7,76,6,https://feargreedmeter.com/top-100-most-popular-meme-stocks-today
2026-08-08T08:25:18+02:00,JPM,JPMorgan Chase,23,7,77,-10,https://feargreedmeter.com/top-100-most-popular-meme-stocks-today
2026-08-08T08:25:18+02:00,ON,ON Semiconductor,76,7,78,0,https://feargreedmeter.com/top-100-most-popular-meme-stocks-today
2026-08-08T08:25:18+02:00,UBER,Uber,75,7,79,1,https://feargreedmeter.com/top-100-most-popular-meme-stocks-today
2026-08-08T08:25:18+02:00,HBM,Hudbay Minerals,40,7,80,-2,https://feargreedmeter.com/top-100-most-popular-meme-stocks-today
2026-08-08T08:25:18+02:00,GOLD,Barrick Gold,25,7,81,2,https://feargreedmeter.com/top-100-most-popular-meme-stocks-today
2026-08-08T08:25:18+02:00,AGI,Alamos Gold,15,7,82,-7,https://feargreedmeter.com/top-100-most-popular-meme-stocks-today
2026-08-08T08:25:18+02:00,JUST,Goldman Sachs ETF Trust - Goldman Sachs Just Us Large Cap Equity ETF,27,7,83,4,https://feargreedmeter.com/top-100-most-popular-meme-stocks-today
2026-08-08T08:25:18+02:00,DNUT,Krispy Kreme,53,7,84,5,https://feargreedmeter.com/top-100-most-popular-meme-stocks-today
2026-08-08T08:25:18+02:00,CAN,Canaan,15,7,85,3,https://feargreedmeter.com/top-100-most-popular-meme-stocks-today
2026-08-08T08:25:18+02:00,DAY,Dayforce,13,7,86,6,https://feargreedmeter.com/top-100-most-popular-meme-stocks-today
2026-08-08T08:25:18+02:00,CBRS,Cerebras Systems,17,7,87,6,https://feargreedmeter.com/top-100-most-popular-meme-stocks-today
2026-08-08T08:25:18+02:00,AVGO,Broadcom,18,6,88,4,https://feargreedmeter.com/top-100-most-popular-meme-stocks-today
2026-08-08T08:25:18+02:00,REAL,The RealReal,27,6,89,5,https://feargreedmeter.com/top-100-most-popular-meme-stocks-today
2026-08-08T08:25:18+02:00,PS,Pluralsight,16,6,90,0,https://feargreedmeter.com/top-100-most-popular-meme-stocks-today
2026-08-08T08:25:18+02:00,IQ,iQIYI,35,6,91,-2,https://feargreedmeter.com/top-100-most-popular-meme-stocks-today
2026-08-08T08:25:18+02:00,UUUU,Energy Fuels,28,6,92,5,https://feargreedmeter.com/top-100-most-popular-meme-stocks-today
2026-08-08T08:25:18+02:00,EVER,EverQuote,22,6,93,3,https://feargreedmeter.com/top-100-most-popular-meme-stocks-today
2026-08-08T08:25:18+02:00,FCF,First Commonwealth Financial Corp,13,6,94,0,https://feargreedmeter.com/top-100-most-popular-meme-stocks-today
2026-08-08T08:25:18+02:00,AMC,AMC Entertainment,14,6,95,3,https://feargreedmeter.com/top-100-most-popular-meme-stocks-today
2026-08-08T08:25:18+02:00,OG,Onion Global,11,6,96,2,https://feargreedmeter.com/top-100-most-popular-meme-stocks-today
2026-08-08T08:25:18+02:00,IREN,Iris Energy,24,6,97,3,https://feargreedmeter.com/top-100-most-popular-meme-stocks-today
2026-08-08T08:25:18+02:00,APLD,Applied Blockchain,7,6,98,5,https://feargreedmeter.com/top-100-most-popular-meme-stocks-today
2026-08-08T08:25:18+02:00,OS,OneStream,17,6,99,-2,https://feargreedmeter.com/top-100-most-popular-meme-stocks-today
2026-08-08T08:25:18+02:00,USAR,USA Rare Earth,34,6,100,5,https://feargreedmeter.com/top-100-most-popular-meme-stocks-today
2026-08-08T09:29:24+02:00,HTZ,Hertz,4986,1724,1,50,https://feargreedmeter.com/top-100-most-popular-meme-stocks-today
2026-08-08T09:29:24+02:00,SPCX,SpaceX,1518,356,2,-33,https://feargreedmeter.com/top-100-most-popular-meme-stocks-today
2026-08-08T09:29:24+02:00,SPY,SPDR S&P 500 ETF Trust,905,338,3,-73,https://feargreedmeter.com/top-100-most-popular-meme-stocks-today
2026-08-08T09:29:24+02:00,MU,Micron Technology,487,223,4,0,https://feargreedmeter.com/top-100-most-popular-meme-stocks-today
2026-08-08T09:29:24+02:00,SNDK,Sandisk,386,133,5,-104,https://feargreedmeter.com/top-100-most-popular-meme-stocks-today
2026-08-08T09:29:24+02:00,NBIS,Nebius Group,241,103,6,22,https://feargreedmeter.com/top-100-most-popular-meme-stocks-today
2026-08-08T09:29:24+02:00,RKLB,Rocket Lab USA,431,100,7,71,https://feargreedmeter.com/top-100-most-popular-meme-stocks-today
2026-08-08T09:29:24+02:00,SOUN,SoundHound AI,156,99,8,40,https://feargreedmeter.com/top-100-most-popular-meme-stocks-today
2026-08-08T09:29:24+02:00,QQQ,Invesco QQQ ETF,338,95,9,-35,https://feargreedmeter.com/top-100-most-popular-meme-stocks-today
2026-08-08T09:29:24+02:00,DTE,DTE Energy,423,91,10,-2,https://feargreedmeter.com/top-100-most-popular-meme-stocks-today
2026-08-08T09:29:24+02:00,PLTR,Palantir,251,91,11,73,https://feargreedmeter.com/top-100-most-popular-meme-stocks-today
2026-08-08T09:29:24+02:00,NVDA,NVIDIA,150,86,12,-59,https://feargreedmeter.com/top-100-most-popular-meme-stocks-today
2026-08-08T09:29:24+02:00,MSFT,Microsoft,149,83,13,-38,https://feargreedmeter.com/top-100-most-popular-meme-stocks-today
2026-08-08T09:29:24+02:00,ASTS,AST SpaceMobile,186,79,14,37,https://feargreedmeter.com/top-100-most-popular-meme-stocks-today
2026-08-08T09:29:24+02:00,AMD,AMD,132,70,15,16,https://feargreedmeter.com/top-100-most-popular-meme-stocks-today
2026-08-08T09:29:24+02:00,GOOGL,Alphabet (Google),100,52,16,-3,https://feargreedmeter.com/top-100-most-popular-meme-stocks-today
2026-08-08T09:29:24+02:00,DOCS,Doximity,76,51,17,33,https://feargreedmeter.com/top-100-most-popular-meme-stocks-today
2026-08-08T09:29:24+02:00,GOOG,Alphabet (Google),76,45,18,22,https://feargreedmeter.com/top-100-most-popular-meme-stocks-today
2026-08-08T09:29:24+02:00,TSLA,Tesla,576,44,19,5,https://feargreedmeter.com/top-100-most-popular-meme-stocks-today
2026-08-08T09:29:24+02:00,WEN,Wendy’s Company,236,39,20,-12,https://feargreedmeter.com/top-100-most-popular-meme-stocks-today
2026-08-08T09:29:24+02:00,OKLO,Oklo,65,33,21,14,https://feargreedmeter.com/top-100-most-popular-meme-stocks-today
2026-08-08T09:29:24+02:00,TTWO,Take 2 Interactive,66,32,22,14,https://feargreedmeter.com/top-100-most-popular-meme-stocks-today
2026-08-08T09:29:24+02:00,AAPL,Apple,49,29,23,-10,https://feargreedmeter.com/top-100-most-popular-meme-stocks-today
2026-08-08T09:29:24+02:00,VOO,Vanguard S&P 500 ETF,46,29,24,2,https://feargreedmeter.com/top-100-most-popular-meme-stocks-today
2026-08-08T09:29:24+02:00,META,Meta Platforms (Facebook),39,29,25,-26,https://feargreedmeter.com/top-100-most-popular-meme-stocks-today
2026-08-08T09:29:24+02:00,RDDT,Reddit,59,29,26,13,https://feargreedmeter.com/top-100-most-popular-meme-stocks-today
2026-08-08T09:29:24+02:00,TTD,The Trade Desk,54,27,27,-51,https://feargreedmeter.com/top-100-most-popular-meme-stocks-today
2026-08-08T09:29:24+02:00,NOW,ServiceNow,30,25,28,8,https://feargreedmeter.com/top-100-most-popular-meme-stocks-today
2026-08-08T09:29:24+02:00,WDC,Western Digital,41,25,29,-38,https://feargreedmeter.com/top-100-most-popular-meme-stocks-today
2026-08-08T09:29:24+02:00,AM,Antero Midstream,80,20,30,-15,https://feargreedmeter.com/top-100-most-popular-meme-stocks-today
2026-08-08T09:29:24+02:00,ES,Eversource Energy,63,19,31,-5,https://feargreedmeter.com/top-100-most-popular-meme-stocks-today
2026-08-08T09:29:24+02:00,IT,Gartner,107,18,32,-4,https://feargreedmeter.com/top-100-most-popular-meme-stocks-today
2026-08-08T09:29:24+02:00,SMCI,Supermicro,111,18,33,17,https://feargreedmeter.com/top-100-most-popular-meme-stocks-today
2026-08-08T09:29:24+02:00,GLD,SSgA SPDR Gold Shares,29,18,34,9,https://feargreedmeter.com/top-100-most-popular-meme-stocks-today
2026-08-08T09:29:24+02:00,AAOI,Applied Optoelectronics,50,18,35,-27,https://feargreedmeter.com/top-100-most-popular-meme-stocks-today
2026-08-08T09:29:24+02:00,CELH,Celsius Holdings,25,17,36,-12,https://feargreedmeter.com/top-100-most-popular-meme-stocks-today
2026-08-08T09:29:24+02:00,UP,Wheels Up,276,17,37,11,https://feargreedmeter.com/top-100-most-popular-meme-stocks-today
2026-08-08T09:29:24+02:00,ONDS,Ondas Holdings,34,17,38,7,https://feargreedmeter.com/top-100-most-popular-meme-stocks-today
2026-08-08T09:29:24+02:00,SOXL,Direxion Shares ETF Trust - Direxion Daily Semiconductor Bull 3X Share,18,16,39,-6,https://feargreedmeter.com/top-100-most-popular-meme-stocks-today
2026-08-08T09:29:24+02:00,CRSR,Corsair Gaming,21,16,40,4,https://feargreedmeter.com/top-100-most-popular-meme-stocks-today
2026-08-08T09:29:24+02:00,TLT,BlackRock Institutional Trust Company N.A. - BTC iShares 20+ Year Trea,81,15,41,14,https://feargreedmeter.com/top-100-most-popular-meme-stocks-today
2026-08-08T09:29:24+02:00,OPEN,Opendoor,83,15,42,-16,https://feargreedmeter.com/top-100-most-popular-meme-stocks-today
2026-08-08T09:29:24+02:00,MP,MP Materials,60,15,43,10,https://feargreedmeter.com/top-100-most-popular-meme-stocks-today
2026-08-08T09:29:24+02:00,CRWV,CoreWeave,30,15,44,6,https://feargreedmeter.com/top-100-most-popular-meme-stocks-today
2026-08-08T09:29:24+02:00,ALL,Allstate,60,14,45,-1,https://feargreedmeter.com/top-100-most-popular-meme-stocks-today
2026-08-08T09:29:24+02:00,SNOW,Snowflake,19,14,46,11,https://feargreedmeter.com/top-100-most-popular-meme-stocks-today
2026-08-08T09:29:24+02:00,USO,United States Commodity Funds LLC - United States Oil Fund,23,14,47,-1,https://feargreedmeter.com/top-100-most-popular-meme-stocks-today
2026-08-08T09:29:24+02:00,MSTR,MicroStrategy,23,14,48,3,https://feargreedmeter.com/top-100-most-popular-meme-stocks-today
2026-08-08T09:29:24+02:00,TEAM,Atlassian,13,13,49,-30,https://feargreedmeter.com/top-100-most-popular-meme-stocks-today
2026-08-08T09:29:24+02:00,PUMP,ProPetro,40,13,50,7,https://feargreedmeter.com/top-100-most-popular-meme-stocks-today
2026-08-08T09:29:24+02:00,YOU,CLEAR Secure,25,13,51,-4,https://feargreedmeter.com/top-100-most-popular-meme-stocks-today
2026-08-08T09:29:24+02:00,LINK,Interlink Electronics,16,13,52,9,https://feargreedmeter.com/top-100-most-popular-meme-stocks-today
2026-08-08T09:29:24+02:00,LUNR,Intuitive Machines,101,13,53,12,https://feargreedmeter.com/top-100-most-popular-meme-stocks-today
2026-08-08T09:29:24+02:00,SO,Southern Company,459,12,54,2,https://feargreedmeter.com/top-100-most-popular-meme-stocks-today
2026-08-08T09:29:24+02:00,IBKR,Interactive Brokers,77,12,55,0,https://feargreedmeter.com/top-100-most-popular-meme-stocks-today
2026-08-08T09:29:24+02:00,HOOD,Robinhood,21,12,56,5,https://feargreedmeter.com/top-100-most-popular-meme-stocks-today
2026-08-08T09:29:24+02:00,EU,enCore Energy,-6,12,57,4,https://feargreedmeter.com/top-100-most-popular-meme-stocks-today
2026-08-08T09:29:24+02:00,GL,Globe Life,28,11,58,2,https://feargreedmeter.com/top-100-most-popular-meme-stocks-today
2026-08-08T09:29:24+02:00,GO,Grocery Outlet,79,11,59,4,https://feargreedmeter.com/top-100-most-popular-meme-stocks-today
2026-08-08T09:29:24+02:00,SLV,iShares Silver Trust,23,11,60,3,https://feargreedmeter.com/top-100-most-popular-meme-stocks-today
2026-08-08T09:29:24+02:00,SGOV,iShares Trust - iShares 0-3 Month Treasury Bond ETF,40,11,61,6,https://feargreedmeter.com/top-100-most-popular-meme-stocks-today
2026-08-08T09:29:24+02:00,API,Agora.io,31,11,62,-2,https://feargreedmeter.com/top-100-most-popular-meme-stocks-today
2026-08-08T09:29:24+02:00,LITE,Lumentum,12,10,63,9,https://feargreedmeter.com/top-100-most-popular-meme-stocks-today
2026-08-08T09:29:24+02:00,BE,Bloom Energy,20,10,64,-1,https://feargreedmeter.com/top-100-most-popular-meme-stocks-today
2026-08-08T09:29:24+02:00,ORCL,Oracle,13,9,65,7,https://feargreedmeter.com/top-100-most-popular-meme-stocks-today
2026-08-08T09:29:24+02:00,CC,Chemours,15,9,66,5,https://feargreedmeter.com/top-100-most-popular-meme-stocks-today
2026-08-08T09:29:24+02:00,CAR,Avis Budget Group,19,9,67,-22,https://feargreedmeter.com/top-100-most-popular-meme-stocks-today
2026-08-08T09:29:24+02:00,OR,Osisko Gold Royalties,15,9,68,4,https://feargreedmeter.com/top-100-most-popular-meme-stocks-today
2026-08-08T09:29:24+02:00,ET,Energy Transfer Partners,33,9,69,-3,https://feargreedmeter.com/top-100-most-popular-meme-stocks-today
2026-08-08T09:29:24+02:00,CVNA,Carvana,18,9,70,8,https://feargreedmeter.com/top-100-most-popular-meme-stocks-today
2026-08-08T09:29:24+02:00,VT,"Vanguard Group, Inc. - Vanguard Total World Stock ETF",10,9,71,0,https://feargreedmeter.com/top-100-most-popular-meme-stocks-today
2026-08-08T09:29:24+02:00,ABNB,Airbnb,11,8,72,0,https://feargreedmeter.com/top-100-most-popular-meme-stocks-today
2026-08-08T09:29:24+02:00,DJT,Trump Media & Technology Group,27,8,73,3,https://feargreedmeter.com/top-100-most-popular-meme-stocks-today
2026-08-08T09:29:24+02:00,JPM,JPMorgan Chase,23,7,74,-10,https://feargreedmeter.com/top-100-most-popular-meme-stocks-today
2026-08-08T09:29:24+02:00,ON,ON Semiconductor,76,7,75,0,https://feargreedmeter.com/top-100-most-popular-meme-stocks-today
2026-08-08T09:29:24+02:00,UBER,Uber,77,7,76,1,https://feargreedmeter.com/top-100-most-popular-meme-stocks-today
2026-08-08T09:29:24+02:00,HBM,Hudbay Minerals,40,7,77,-2,https://feargreedmeter.com/top-100-most-popular-meme-stocks-today
2026-08-08T09:29:24+02:00,NET,Cloudflare,6,7,78,-21,https://feargreedmeter.com/top-100-most-popular-meme-stocks-today
2026-08-08T09:29:24+02:00,GOLD,Barrick Gold,25,7,79,2,https://feargreedmeter.com/top-100-most-popular-meme-stocks-today
2026-08-08T09:29:24+02:00,JUST,Goldman Sachs ETF Trust - Goldman Sachs Just Us Large Cap Equity ETF,28,7,80,4,https://feargreedmeter.com/top-100-most-popular-meme-stocks-today
2026-08-08T09:29:24+02:00,DNUT,Krispy Kreme,55,7,81,5,https://feargreedmeter.com/top-100-most-popular-meme-stocks-today
2026-08-08T09:29:24+02:00,CAN,Canaan,15,7,82,3,https://feargreedmeter.com/top-100-most-popular-meme-stocks-today
2026-08-08T09:29:24+02:00,DAY,Dayforce,13,7,83,6,https://feargreedmeter.com/top-100-most-popular-meme-stocks-today
2026-08-08T09:29:24+02:00,CBRS,Cerebras Systems,17,7,84,6,https://feargreedmeter.com/top-100-most-popular-meme-stocks-today
2026-08-08T09:29:24+02:00,AMZN,Amazon,8,6,85,-11,https://feargreedmeter.com/top-100-most-popular-meme-stocks-today
2026-08-08T09:29:24+02:00,AVGO,Broadcom,20,6,86,4,https://feargreedmeter.com/top-100-most-popular-meme-stocks-today
2026-08-08T09:29:24+02:00,REAL,The RealReal,28,6,87,5,https://feargreedmeter.com/top-100-most-popular-meme-stocks-today
2026-08-08T09:29:24+02:00,PS,Pluralsight,16,6,88,0,https://feargreedmeter.com/top-100-most-popular-meme-stocks-today
2026-08-08T09:29:24+02:00,IQ,iQIYI,36,6,89,-2,https://feargreedmeter.com/top-100-most-popular-meme-stocks-today
2026-08-08T09:29:24+02:00,UUUU,Energy Fuels,29,6,90,5,https://feargreedmeter.com/top-100-most-popular-meme-stocks-today
2026-08-08T09:29:24+02:00,AGI,Alamos Gold,9,6,91,-8,https://feargreedmeter.com/top-100-most-popular-meme-stocks-today
2026-08-08T09:29:24+02:00,RSP,Invesco Capital Management LLC - Invesco S&P 500 Equal Weight ETF,7,6,92,5,https://feargreedmeter.com/top-100-most-popular-meme-stocks-today
2026-08-08T09:29:24+02:00,EVER,EverQuote,21,6,93,3,https://feargreedmeter.com/top-100-most-popular-meme-stocks-today
2026-08-08T09:29:24+02:00,FCF,First Commonwealth Financial Corp,15,6,94,0,https://feargreedmeter.com/top-100-most-popular-meme-stocks-today
2026-08-08T09:29:24+02:00,AMC,AMC Entertainment,14,6,95,2,https://feargreedmeter.com/top-100-most-popular-meme-stocks-today
2026-08-08T09:29:24+02:00,OG,Onion Global,11,6,96,2,https://feargreedmeter.com/top-100-most-popular-meme-stocks-today
2026-08-08T09:29:24+02:00,IREN,Iris Energy,25,6,97,5,https://feargreedmeter.com/top-100-most-popular-meme-stocks-today
2026-08-08T09:29:24+02:00,APLD,Applied Blockchain,7,6,98,5,https://feargreedmeter.com/top-100-most-popular-meme-stocks-today
2026-08-08T09:29:24+02:00,RR,Richtech Robotics,9,6,99,-4,https://feargreedmeter.com/top-100-most-popular-meme-stocks-today
2026-08-08T09:29:24+02:00,OS,OneStream,17,6,100,-2,https://feargreedmeter.com/top-100-most-popular-meme-stocks-today
2026-08-08T10:08:35+02:00,HTZ,Hertz,4935,1684,1,-31,https://feargreedmeter.com/top-100-most-popular-meme-stocks-today
2026-08-08T10:08:35+02:00,SPCX,SpaceX,1535,356,2,-32,https://feargreedmeter.com/top-100-most-popular-meme-stocks-today
2026-08-08T10:08:35+02:00,SPY,SPDR S&P 500 ETF Trust,920,337,3,-71,https://feargreedmeter.com/top-100-most-popular-meme-stocks-today
2026-08-08T10:08:35+02:00,MU,Micron Technology,487,223,4,0,https://feargreedmeter.com/top-100-most-popular-meme-stocks-today
2026-08-08T10:08:35+02:00,SNDK,Sandisk,386,133,5,-99,https://feargreedmeter.com/top-100-most-popular-meme-stocks-today
2026-08-08T10:08:35+02:00,NBIS,Nebius Group,240,103,6,22,https://feargreedmeter.com/top-100-most-popular-meme-stocks-today
2026-08-08T10:08:35+02:00,RKLB,Rocket Lab USA,443,100,7,70,https://feargreedmeter.com/top-100-most-popular-meme-stocks-today
2026-08-08T10:08:35+02:00,SOUN,SoundHound AI,157,99,8,41,https://feargreedmeter.com/top-100-most-popular-meme-stocks-today
2026-08-08T10:08:35+02:00,QQQ,Invesco QQQ ETF,341,94,9,-36,https://feargreedmeter.com/top-100-most-popular-meme-stocks-today
2026-08-08T10:08:35+02:00,DTE,DTE Energy,425,91,10,-2,https://feargreedmeter.com/top-100-most-popular-meme-stocks-today
2026-08-08T10:08:35+02:00,PLTR,Palantir,256,91,11,73,https://feargreedmeter.com/top-100-most-popular-meme-stocks-today
2026-08-08T10:08:35+02:00,NVDA,NVIDIA,148,86,12,-57,https://feargreedmeter.com/top-100-most-popular-meme-stocks-today
2026-08-08T10:08:35+02:00,MSFT,Microsoft,152,82,13,-40,https://feargreedmeter.com/top-100-most-popular-meme-stocks-today
2026-08-08T10:08:35+02:00,ASTS,AST SpaceMobile,186,79,14,38,https://feargreedmeter.com/top-100-most-popular-meme-stocks-today
2026-08-08T10:08:35+02:00,AMD,AMD,128,69,15,16,https://feargreedmeter.com/top-100-most-popular-meme-stocks-today
2026-08-08T10:08:35+02:00,DOCS,Doximity,76,51,16,33,https://feargreedmeter.com/top-100-most-popular-meme-stocks-today
2026-08-08T10:08:35+02:00,GOOGL,Alphabet (Google),94,51,17,-4,https://feargreedmeter.com/top-100-most-popular-meme-stocks-today
2026-08-08T10:08:35+02:00,GOOG,Alphabet (Google),76,45,18,21,https://feargreedmeter.com/top-100-most-popular-meme-stocks-today
2026-08-08T10:08:35+02:00,TSLA,Tesla,586,44,19,6,https://feargreedmeter.com/top-100-most-popular-meme-stocks-today
2026-08-08T10:08:35+02:00,WEN,Wendy’s Company,232,36,20,-14,https://feargreedmeter.com/top-100-most-popular-meme-stocks-today
2026-08-08T10:08:35+02:00,OKLO,Oklo,64,33,21,14,https://feargreedmeter.com/top-100-most-popular-meme-stocks-today
2026-08-08T10:08:35+02:00,TTWO,Take 2 Interactive,69,32,22,14,https://feargreedmeter.com/top-100-most-popular-meme-stocks-today
2026-08-08T10:08:35+02:00,VOO,Vanguard S&P 500 ETF,51,30,23,6,https://feargreedmeter.com/top-100-most-popular-meme-stocks-today
2026-08-08T10:08:35+02:00,AAPL,Apple,49,29,24,-10,https://feargreedmeter.com/top-100-most-popular-meme-stocks-today
2026-08-08T10:08:35+02:00,RDDT,Reddit,59,29,25,13,https://feargreedmeter.com/top-100-most-popular-meme-stocks-today
2026-08-08T10:08:35+02:00,META,Meta Platforms (Facebook),38,28,26,-28,https://feargreedmeter.com/top-100-most-popular-meme-stocks-today
2026-08-08T10:08:35+02:00,TTD,The Trade Desk,52,26,27,-52,https://feargreedmeter.com/top-100-most-popular-meme-stocks-today
2026-08-08T10:08:35+02:00,NOW,ServiceNow,30,25,28,8,https://feargreedmeter.com/top-100-most-popular-meme-stocks-today
2026-08-08T10:08:35+02:00,WDC,Western Digital,40,25,29,-37,https://feargreedmeter.com/top-100-most-popular-meme-stocks-today
2026-08-08T10:08:35+02:00,ES,Eversource Energy,73,19,30,-4,https://feargreedmeter.com/top-100-most-popular-meme-stocks-today
2026-08-08T10:08:35+02:00,SMCI,Supermicro,115,19,31,18,https://feargreedmeter.com/top-100-most-popular-meme-stocks-today
2026-08-08T10:08:35+02:00,AM,Antero Midstream,80,19,32,-16,https://feargreedmeter.com/top-100-most-popular-meme-stocks-today
2026-08-08T10:08:35+02:00,IT,Gartner,108,18,33,-4,https://feargreedmeter.com/top-100-most-popular-meme-stocks-today
2026-08-08T10:08:35+02:00,GLD,SSgA SPDR Gold Shares,29,18,34,9,https://feargreedmeter.com/top-100-most-popular-meme-stocks-today
2026-08-08T10:08:35+02:00,AAOI,Applied Optoelectronics,50,18,35,-26,https://feargreedmeter.com/top-100-most-popular-meme-stocks-today
2026-08-08T10:08:35+02:00,CELH,Celsius Holdings,25,17,36,-12,https://feargreedmeter.com/top-100-most-popular-meme-stocks-today
2026-08-08T10:08:35+02:00,UP,Wheels Up,279,17,37,11,https://feargreedmeter.com/top-100-most-popular-meme-stocks-today
2026-08-08T10:08:35+02:00,ONDS,Ondas Holdings,34,17,38,7,https://feargreedmeter.com/top-100-most-popular-meme-stocks-today
2026-08-08T10:08:35+02:00,SOXL,Direxion Shares ETF Trust - Direxion Daily Semiconductor Bull 3X Share,18,16,39,-6,https://feargreedmeter.com/top-100-most-popular-meme-stocks-today
2026-08-08T10:08:35+02:00,CRSR,Corsair Gaming,21,16,40,4,https://feargreedmeter.com/top-100-most-popular-meme-stocks-today
2026-08-08T10:08:35+02:00,TLT,BlackRock Institutional Trust Company N.A. - BTC iShares 20+ Year Trea,82,15,41,14,https://feargreedmeter.com/top-100-most-popular-meme-stocks-today
2026-08-08T10:08:35+02:00,CRWV,CoreWeave,31,15,42,6,https://feargreedmeter.com/top-100-most-popular-meme-stocks-today
2026-08-08T10:08:35+02:00,ALL,Allstate,59,14,43,1,https://feargreedmeter.com/top-100-most-popular-meme-stocks-today
2026-08-08T10:08:35+02:00,SNOW,Snowflake,19,14,44,11,https://feargreedmeter.com/top-100-most-popular-meme-stocks-today
2026-08-08T10:08:35+02:00,USO,United States Commodity Funds LLC - United States Oil Fund,23,14,45,-2,https://feargreedmeter.com/top-100-most-popular-meme-stocks-today
2026-08-08T10:08:35+02:00,MSTR,MicroStrategy,51,14,46,3,https://feargreedmeter.com/top-100-most-popular-meme-stocks-today
2026-08-08T10:08:35+02:00,MP,MP Materials,57,14,47,8,https://feargreedmeter.com/top-100-most-popular-meme-stocks-today
2026-08-08T10:08:35+02:00,TEAM,Atlassian,13,13,48,-30,https://feargreedmeter.com/top-100-most-popular-meme-stocks-today
2026-08-08T10:08:35+02:00,PUMP,ProPetro,39,13,49,7,https://feargreedmeter.com/top-100-most-popular-meme-stocks-today
2026-08-08T10:08:35+02:00,OPEN,Opendoor,77,13,50,-22,https://feargreedmeter.com/top-100-most-popular-meme-stocks-today
2026-08-08T10:08:35+02:00,YOU,CLEAR Secure,27,13,51,-4,https://feargreedmeter.com/top-100-most-popular-meme-stocks-today
2026-08-08T10:08:35+02:00,LINK,Interlink Electronics,16,13,52,9,https://feargreedmeter.com/top-100-most-popular-meme-stocks-today
2026-08-08T10:08:35+02:00,LUNR,Intuitive Machines,99,13,53,12,https://feargreedmeter.com/top-100-most-popular-meme-stocks-today
2026-08-08T10:08:35+02:00,SO,Southern Company,467,12,54,2,https://feargreedmeter.com/top-100-most-popular-meme-stocks-today
2026-08-08T10:08:35+02:00,IBKR,Interactive Brokers,79,12,55,0,https://feargreedmeter.com/top-100-most-popular-meme-stocks-today
2026-08-08T10:08:35+02:00,HOOD,Robinhood,21,12,56,5,https://feargreedmeter.com/top-100-most-popular-meme-stocks-today
2026-08-08T10:08:35+02:00,GL,Globe Life,27,11,57,2,https://feargreedmeter.com/top-100-most-popular-meme-stocks-today
2026-08-08T10:08:35+02:00,GO,Grocery Outlet,81,11,58,4,https://feargreedmeter.com/top-100-most-popular-meme-stocks-today
2026-08-08T10:08:35+02:00,SLV,iShares Silver Trust,24,11,59,3,https://feargreedmeter.com/top-100-most-popular-meme-stocks-today
2026-08-08T10:08:35+02:00,API,Agora.io,34,11,60,-2,https://feargreedmeter.com/top-100-most-popular-meme-stocks-today
2026-08-08T10:08:35+02:00,LITE,Lumentum,12,10,61,9,https://feargreedmeter.com/top-100-most-popular-meme-stocks-today
2026-08-08T10:08:35+02:00,BE,Bloom Energy,18,10,62,-1,https://feargreedmeter.com/top-100-most-popular-meme-stocks-today
2026-08-08T10:08:35+02:00,SGOV,iShares Trust - iShares 0-3 Month Treasury Bond ETF,20,10,63,3,https://feargreedmeter.com/top-100-most-popular-meme-stocks-today
2026-08-08T10:08:35+02:00,EU,enCore Energy,-16,10,64,1,https://feargreedmeter.com/top-100-most-popular-meme-stocks-today
2026-08-08T10:08:35+02:00,CC,Chemours,15,9,65,4,https://feargreedmeter.com/top-100-most-popular-meme-stocks-today
2026-08-08T10:08:35+02:00,CAR,Avis Budget Group,19,9,66,-24,https://feargreedmeter.com/top-100-most-popular-meme-stocks-today
2026-08-08T10:08:35+02:00,OR,Osisko Gold Royalties,13,9,67,4,https://feargreedmeter.com/top-100-most-popular-meme-stocks-today
2026-08-08T10:08:35+02:00,ET,Energy Transfer Partners,33,9,68,-3,https://feargreedmeter.com/top-100-most-popular-meme-stocks-today
2026-08-08T10:08:35+02:00,CVNA,Carvana,18,9,69,8,https://feargreedmeter.com/top-100-most-popular-meme-stocks-today
2026-08-08T10:08:35+02:00,VT,"Vanguard Group, Inc. - Vanguard Total World Stock ETF",7,8,70,-2,https://feargreedmeter.com/top-100-most-popular-meme-stocks-today
2026-08-08T10:08:35+02:00,ABNB,Airbnb,12,8,71,0,https://feargreedmeter.com/top-100-most-popular-meme-stocks-today
2026-08-08T10:08:35+02:00,DJT,Trump Media & Technology Group,27,8,72,3,https://feargreedmeter.com/top-100-most-popular-meme-stocks-today
2026-08-08T10:08:35+02:00,ORCL,Oracle,9,7,73,4,https://feargreedmeter.com/top-100-most-popular-meme-stocks-today
2026-08-08T10:08:35+02:00,JPM,JPMorgan Chase,22,7,74,-10,https://feargreedmeter.com/top-100-most-popular-meme-stocks-today
2026-08-08T10:08:35+02:00,ON,ON Semiconductor,76,7,75,0,https://feargreedmeter.com/top-100-most-popular-meme-stocks-today
2026-08-08T10:08:35+02:00,UBER,Uber,79,7,76,1,https://feargreedmeter.com/top-100-most-popular-meme-stocks-today
2026-08-08T10:08:35+02:00,HBM,Hudbay Minerals,41,7,77,-2,https://feargreedmeter.com/top-100-most-popular-meme-stocks-today
2026-08-08T10:08:35+02:00,NET,Cloudflare,6,7,78,-25,https://feargreedmeter.com/top-100-most-popular-meme-stocks-today
2026-08-08T10:08:35+02:00,GOLD,Barrick Gold,25,7,79,2,https://feargreedmeter.com/top-100-most-popular-meme-stocks-today
2026-08-08T10:08:35+02:00,JUST,Goldman Sachs ETF Trust - Goldman Sachs Just Us Large Cap Equity ETF,28,7,80,4,https://feargreedmeter.com/top-100-most-popular-meme-stocks-today
2026-08-08T10:08:35+02:00,DNUT,Krispy Kreme,57,7,81,5,https://feargreedmeter.com/top-100-most-popular-meme-stocks-today
2026-08-08T10:08:35+02:00,CAN,Canaan,16,7,82,3,https://feargreedmeter.com/top-100-most-popular-meme-stocks-today
2026-08-08T10:08:35+02:00,CBRS,Cerebras Systems,17,7,83,6,https://feargreedmeter.com/top-100-most-popular-meme-stocks-today
2026-08-08T10:08:35+02:00,AMZN,Amazon,8,6,84,-11,https://feargreedmeter.com/top-100-most-popular-meme-stocks-today
2026-08-08T10:08:35+02:00,AVGO,Broadcom,21,6,85,4,https://feargreedmeter.com/top-100-most-popular-meme-stocks-today
2026-08-08T10:08:35+02:00,REAL,The RealReal,28,6,86,5,https://feargreedmeter.com/top-100-most-popular-meme-stocks-today
2026-08-08T10:08:35+02:00,PS,Pluralsight,15,6,87,0,https://feargreedmeter.com/top-100-most-popular-meme-stocks-today
2026-08-08T10:08:35+02:00,IQ,iQIYI,35,6,88,-2,https://feargreedmeter.com/top-100-most-popular-meme-stocks-today
2026-08-08T10:08:35+02:00,UUUU,Energy Fuels,26,6,89,5,https://feargreedmeter.com/top-100-most-popular-meme-stocks-today
2026-08-08T10:08:35+02:00,RSP,Invesco Capital Management LLC - Invesco S&P 500 Equal Weight ETF,6,6,90,5,https://feargreedmeter.com/top-100-most-popular-meme-stocks-today
2026-08-08T10:08:35+02:00,EVER,EverQuote,23,6,91,3,https://feargreedmeter.com/top-100-most-popular-meme-stocks-today
2026-08-08T10:08:35+02:00,AMC,AMC Entertainment,13,6,92,2,https://feargreedmeter.com/top-100-most-popular-meme-stocks-today
2026-08-08T10:08:35+02:00,OG,Onion Global,11,6,93,2,https://feargreedmeter.com/top-100-most-popular-meme-stocks-today
2026-08-08T10:08:35+02:00,IREN,Iris Energy,25,6,94,5,https://feargreedmeter.com/top-100-most-popular-meme-stocks-today
2026-08-08T10:08:35+02:00,APLD,Applied Blockchain,7,6,95,5,https://feargreedmeter.com/top-100-most-popular-meme-stocks-today
2026-08-08T10:08:35+02:00,RR,Richtech Robotics,13,6,96,-3,https://feargreedmeter.com/top-100-most-popular-meme-stocks-today
2026-08-08T10:08:35+02:00,DAY,Dayforce,11,6,97,5,https://feargreedmeter.com/top-100-most-popular-meme-stocks-today
2026-08-08T10:08:35+02:00,OS,OneStream,17,6,98,-2,https://feargreedmeter.com/top-100-most-popular-meme-stocks-today
2026-08-08T10:08:35+02:00,USAR,USA Rare Earth,32,6,99,5,https://feargreedmeter.com/top-100-most-popular-meme-stocks-today
2026-08-08T10:08:35+02:00,WMT,Walmart,7,5,100,3,https://feargreedmeter.com/top-100-most-popular-meme-stocks-today
