data_pobrania,kod,nazwa,upvotes,mentions,rank,mention_change,source_url
2026-08-21T00:01:05+02:00,MRNA,Moderna,1129,452,1,-215,https://feargreedmeter.com/top-100-most-popular-meme-stocks-today
2026-08-21T00:01:05+02:00,SPY,SPDR S&P 500 ETF Trust,1478,321,2,13,https://feargreedmeter.com/top-100-most-popular-meme-stocks-today
2026-08-21T00:01:05+02:00,RDDT,Reddit,524,182,3,91,https://feargreedmeter.com/top-100-most-popular-meme-stocks-today
2026-08-21T00:01:05+02:00,WMT,Walmart,774,155,4,142,https://feargreedmeter.com/top-100-most-popular-meme-stocks-today
2026-08-21T00:01:05+02:00,MU,Micron Technology,949,148,5,-53,https://feargreedmeter.com/top-100-most-popular-meme-stocks-today
2026-08-21T00:01:05+02:00,QQQ,Invesco QQQ ETF,1362,127,6,43,https://feargreedmeter.com/top-100-most-popular-meme-stocks-today
2026-08-21T00:01:05+02:00,SNDK,Sandisk,399,98,7,-31,https://feargreedmeter.com/top-100-most-popular-meme-stocks-today
2026-08-21T00:01:05+02:00,BULL,Webull,242,97,8,50,https://feargreedmeter.com/top-100-most-popular-meme-stocks-today
2026-08-21T00:01:05+02:00,META,Meta Platforms (Facebook),179,80,9,-30,https://feargreedmeter.com/top-100-most-popular-meme-stocks-today
2026-08-21T00:01:05+02:00,NVDA,NVIDIA,172,78,10,-14,https://feargreedmeter.com/top-100-most-popular-meme-stocks-today
2026-08-21T00:01:05+02:00,RNA,Avidity Biosciences,179,71,11,-30,https://feargreedmeter.com/top-100-most-popular-meme-stocks-today
2026-08-21T00:01:05+02:00,SPCX,SpaceX,126,70,12,23,https://feargreedmeter.com/top-100-most-popular-meme-stocks-today
2026-08-21T00:01:05+02:00,DTE,DTE Energy,203,63,13,-9,https://feargreedmeter.com/top-100-most-popular-meme-stocks-today
2026-08-21T00:01:05+02:00,MSTR,MicroStrategy,109,55,14,21,https://feargreedmeter.com/top-100-most-popular-meme-stocks-today
2026-08-21T00:01:05+02:00,GOOG,Alphabet (Google),114,51,15,1,https://feargreedmeter.com/top-100-most-popular-meme-stocks-today
2026-08-21T00:01:05+02:00,NBIS,Nebius Group,433,48,16,-99,https://feargreedmeter.com/top-100-most-popular-meme-stocks-today
2026-08-21T00:01:05+02:00,GOOGL,Alphabet (Google),101,42,17,-3,https://feargreedmeter.com/top-100-most-popular-meme-stocks-today
2026-08-21T00:01:05+02:00,SLS,Sellas Life Sciences,91,40,18,-1,https://feargreedmeter.com/top-100-most-popular-meme-stocks-today
2026-08-21T00:01:05+02:00,VOO,Vanguard S&P 500 ETF,118,33,19,-17,https://feargreedmeter.com/top-100-most-popular-meme-stocks-today
2026-08-21T00:01:05+02:00,ASTS,AST SpaceMobile,171,32,20,16,https://feargreedmeter.com/top-100-most-popular-meme-stocks-today
2026-08-21T00:01:05+02:00,AM,Antero Midstream,55,29,21,-6,https://feargreedmeter.com/top-100-most-popular-meme-stocks-today
2026-08-21T00:01:05+02:00,AMD,AMD,50,28,22,-30,https://feargreedmeter.com/top-100-most-popular-meme-stocks-today
2026-08-21T00:01:05+02:00,HOOD,Robinhood,60,28,23,12,https://feargreedmeter.com/top-100-most-popular-meme-stocks-today
2026-08-21T00:01:05+02:00,RKLB,Rocket Lab USA,68,27,24,8,https://feargreedmeter.com/top-100-most-popular-meme-stocks-today
2026-08-21T00:01:05+02:00,MSFT,Microsoft,55,26,25,-13,https://feargreedmeter.com/top-100-most-popular-meme-stocks-today
2026-08-21T00:01:05+02:00,TSLA,Tesla,27,25,26,-26,https://feargreedmeter.com/top-100-most-popular-meme-stocks-today
2026-08-21T00:01:05+02:00,GLD,SSgA SPDR Gold Shares,65,24,27,-10,https://feargreedmeter.com/top-100-most-popular-meme-stocks-today
2026-08-21T00:01:05+02:00,AAPL,Apple,53,23,28,-31,https://feargreedmeter.com/top-100-most-popular-meme-stocks-today
2026-08-21T00:01:05+02:00,AMZN,Amazon,32,21,29,-5,https://feargreedmeter.com/top-100-most-popular-meme-stocks-today
2026-08-21T00:01:05+02:00,SMCI,Supermicro,32,21,30,20,https://feargreedmeter.com/top-100-most-popular-meme-stocks-today
2026-08-21T00:01:05+02:00,MRVL,Marvell Technology Group,49,19,31,-64,https://feargreedmeter.com/top-100-most-popular-meme-stocks-today
2026-08-21T00:01:05+02:00,HTZ,Hertz,22,19,32,-40,https://feargreedmeter.com/top-100-most-popular-meme-stocks-today
2026-08-21T00:01:05+02:00,TEM,Tempus AI,33,19,33,13,https://feargreedmeter.com/top-100-most-popular-meme-stocks-today
2026-08-21T00:01:05+02:00,TLT,BlackRock Institutional Trust Company N.A. - BTC iShares 20+ Year Trea,23,18,34,-15,https://feargreedmeter.com/top-100-most-popular-meme-stocks-today
2026-08-21T00:01:05+02:00,IT,Gartner,155,17,35,2,https://feargreedmeter.com/top-100-most-popular-meme-stocks-today
2026-08-21T00:01:05+02:00,SGOV,iShares Trust - iShares 0-3 Month Treasury Bond ETF,56,17,36,13,https://feargreedmeter.com/top-100-most-popular-meme-stocks-today
2026-08-21T00:01:05+02:00,NFLX,Netflix,44,16,37,-22,https://feargreedmeter.com/top-100-most-popular-meme-stocks-today
2026-08-21T00:01:05+02:00,AVGO,Broadcom,33,16,38,-33,https://feargreedmeter.com/top-100-most-popular-meme-stocks-today
2026-08-21T00:01:05+02:00,PLTR,Palantir,31,16,39,9,https://feargreedmeter.com/top-100-most-popular-meme-stocks-today
2026-08-21T00:01:05+02:00,USO,United States Commodity Funds LLC - United States Oil Fund,27,16,40,6,https://feargreedmeter.com/top-100-most-popular-meme-stocks-today
2026-08-21T00:01:05+02:00,SOXL,Direxion Shares ETF Trust - Direxion Daily Semiconductor Bull 3X Share,30,16,41,0,https://feargreedmeter.com/top-100-most-popular-meme-stocks-today
2026-08-21T00:01:05+02:00,CAST,"FreeCast, Inc.",39,16,42,-20,https://feargreedmeter.com/top-100-most-popular-meme-stocks-today
2026-08-21T00:01:05+02:00,SCHD,Schwab Strategic Trust - CSIM Schwab US Dividend Equity ETF,75,14,43,2,https://feargreedmeter.com/top-100-most-popular-meme-stocks-today
2026-08-21T00:01:05+02:00,YOU,CLEAR Secure,36,14,44,-7,https://feargreedmeter.com/top-100-most-popular-meme-stocks-today
2026-08-21T00:01:05+02:00,INTC,Intel,47,13,45,1,https://feargreedmeter.com/top-100-most-popular-meme-stocks-today
2026-08-21T00:01:05+02:00,BE,Bloom Energy,33,13,46,-5,https://feargreedmeter.com/top-100-most-popular-meme-stocks-today
2026-08-21T00:01:05+02:00,COST,Costco,169,12,47,11,https://feargreedmeter.com/top-100-most-popular-meme-stocks-today
2026-08-21T00:01:05+02:00,IOVA,Iovance Biotherapeutics,13,12,48,10,https://feargreedmeter.com/top-100-most-popular-meme-stocks-today
2026-08-21T00:01:05+02:00,EU,enCore Energy,18,12,49,2,https://feargreedmeter.com/top-100-most-popular-meme-stocks-today
2026-08-21T00:01:05+02:00,ONDS,Ondas Holdings,24,12,50,6,https://feargreedmeter.com/top-100-most-popular-meme-stocks-today
2026-08-21T00:01:05+02:00,ALL,Allstate,36,11,51,0,https://feargreedmeter.com/top-100-most-popular-meme-stocks-today
2026-08-21T00:01:05+02:00,NOW,ServiceNow,13,11,52,-14,https://feargreedmeter.com/top-100-most-popular-meme-stocks-today
2026-08-21T00:01:05+02:00,TTWO,Take 2 Interactive,12,11,53,9,https://feargreedmeter.com/top-100-most-popular-meme-stocks-today
2026-08-21T00:01:05+02:00,IREN,Iris Energy,35,11,54,7,https://feargreedmeter.com/top-100-most-popular-meme-stocks-today
2026-08-21T00:01:05+02:00,ON,ON Semiconductor,37,10,55,4,https://feargreedmeter.com/top-100-most-popular-meme-stocks-today
2026-08-21T00:01:05+02:00,IQ,iQIYI,43,10,56,1,https://feargreedmeter.com/top-100-most-popular-meme-stocks-today
2026-08-21T00:01:05+02:00,IBKR,Interactive Brokers,19,10,57,3,https://feargreedmeter.com/top-100-most-popular-meme-stocks-today
2026-08-21T00:01:05+02:00,ES,Eversource Energy,44,9,58,-2,https://feargreedmeter.com/top-100-most-popular-meme-stocks-today
2026-08-21T00:01:05+02:00,BABA,Alibaba,35,9,59,2,https://feargreedmeter.com/top-100-most-popular-meme-stocks-today
2026-08-21T00:01:05+02:00,NOK,Nokia,7,9,60,5,https://feargreedmeter.com/top-100-most-popular-meme-stocks-today
2026-08-21T00:01:05+02:00,HBM,Hudbay Minerals,94,9,61,-4,https://feargreedmeter.com/top-100-most-popular-meme-stocks-today
2026-08-21T00:01:05+02:00,CD,Chindata,12,9,62,2,https://feargreedmeter.com/top-100-most-popular-meme-stocks-today
2026-08-21T00:01:05+02:00,API,Agora.io,18,9,63,0,https://feargreedmeter.com/top-100-most-popular-meme-stocks-today
2026-08-21T00:01:05+02:00,LINK,Interlink Electronics,13,9,64,5,https://feargreedmeter.com/top-100-most-popular-meme-stocks-today
2026-08-21T00:01:05+02:00,NKE,Nike,50,8,65,-8,https://feargreedmeter.com/top-100-most-popular-meme-stocks-today
2026-08-21T00:01:05+02:00,TGT,Target,27,8,66,-12,https://feargreedmeter.com/top-100-most-popular-meme-stocks-today
2026-08-21T00:01:05+02:00,ET,Energy Transfer Partners,23,8,67,-9,https://feargreedmeter.com/top-100-most-popular-meme-stocks-today
2026-08-21T00:01:05+02:00,WEAT,Teucrium Wheat Fund,41,8,68,8,https://feargreedmeter.com/top-100-most-popular-meme-stocks-today
2026-08-21T00:01:05+02:00,SOFI,SoFi,14,8,69,7,https://feargreedmeter.com/top-100-most-popular-meme-stocks-today
2026-08-21T00:01:05+02:00,UP,Wheels Up,31,8,70,-2,https://feargreedmeter.com/top-100-most-popular-meme-stocks-today
2026-08-21T00:01:05+02:00,MMA,Alta Global Group,10,8,71,8,https://feargreedmeter.com/top-100-most-popular-meme-stocks-today
2026-08-21T00:01:05+02:00,FLUX,Flux Power,12,8,72,7,https://feargreedmeter.com/top-100-most-popular-meme-stocks-today
2026-08-21T00:01:05+02:00,ROST,Ross Stores,10,7,73,7,https://feargreedmeter.com/top-100-most-popular-meme-stocks-today
2026-08-21T00:01:05+02:00,SO,Southern Company,23,7,74,-3,https://feargreedmeter.com/top-100-most-popular-meme-stocks-today
2026-08-21T00:01:05+02:00,ZYME,Zymeworks,8,7,75,7,https://feargreedmeter.com/top-100-most-popular-meme-stocks-today
2026-08-21T00:01:05+02:00,VT,"Vanguard Group, Inc. - Vanguard Total World Stock ETF",11,7,76,1,https://feargreedmeter.com/top-100-most-popular-meme-stocks-today
2026-08-21T00:01:05+02:00,ANY,Sphere 3D,21,7,77,5,https://feargreedmeter.com/top-100-most-popular-meme-stocks-today
2026-08-21T00:01:05+02:00,PR,Permian Resources,45,7,78,2,https://feargreedmeter.com/top-100-most-popular-meme-stocks-today
2026-08-21T00:01:05+02:00,BEEM,Beam Global,11,7,79,6,https://feargreedmeter.com/top-100-most-popular-meme-stocks-today
2026-08-21T00:01:05+02:00,KEEL,Keel Infrastructure,15,7,80,2,https://feargreedmeter.com/top-100-most-popular-meme-stocks-today
2026-08-21T00:01:05+02:00,CSCO,Cisco,9,6,81,-2,https://feargreedmeter.com/top-100-most-popular-meme-stocks-today
2026-08-21T00:01:05+02:00,DE,Deere & Company,11,6,82,6,https://feargreedmeter.com/top-100-most-popular-meme-stocks-today
2026-08-21T00:01:05+02:00,CC,Chemours,10,6,83,-7,https://feargreedmeter.com/top-100-most-popular-meme-stocks-today
2026-08-21T00:01:05+02:00,OSIS,OSI Systems,7,6,84,6,https://feargreedmeter.com/top-100-most-popular-meme-stocks-today
2026-08-21T00:01:05+02:00,DNA,Ginkgo Bioworks,15,6,85,3,https://feargreedmeter.com/top-100-most-popular-meme-stocks-today
2026-08-21T00:01:05+02:00,RIVN,Rivian,10,6,86,4,https://feargreedmeter.com/top-100-most-popular-meme-stocks-today
2026-08-21T00:01:05+02:00,HIVE,HIVE Blockchain Technologies,10,6,87,4,https://feargreedmeter.com/top-100-most-popular-meme-stocks-today
2026-08-21T00:01:05+02:00,UMAC,Unusual Machines,11,6,88,1,https://feargreedmeter.com/top-100-most-popular-meme-stocks-today
2026-08-21T00:01:05+02:00,DJT,Trump Media & Technology Group,105,6,89,3,https://feargreedmeter.com/top-100-most-popular-meme-stocks-today
2026-08-21T00:01:05+02:00,CRWV,CoreWeave,16,6,90,1,https://feargreedmeter.com/top-100-most-popular-meme-stocks-today
2026-08-21T00:01:05+02:00,BMNR,Bitmine Immersion Technologies,15,6,91,5,https://feargreedmeter.com/top-100-most-popular-meme-stocks-today
2026-08-21T00:01:05+02:00,SMA,SmartStop Self Storage REIT,7,6,92,5,https://feargreedmeter.com/top-100-most-popular-meme-stocks-today
2026-08-21T00:01:05+02:00,UNH,UnitedHealth,8,5,93,-4,https://feargreedmeter.com/top-100-most-popular-meme-stocks-today
2026-08-21T00:01:05+02:00,GO,Grocery Outlet,21,5,94,-2,https://feargreedmeter.com/top-100-most-popular-meme-stocks-today
2026-08-21T00:01:05+02:00,BJ,BJ's Wholesale Club,15,5,95,4,https://feargreedmeter.com/top-100-most-popular-meme-stocks-today
2026-08-21T00:01:05+02:00,VXUS,"Vanguard Group, Inc. - Vanguard Total International Stock ETF",12,5,96,1,https://feargreedmeter.com/top-100-most-popular-meme-stocks-today
2026-08-21T00:01:05+02:00,IWM,BlackRock Institutional Trust Company N.A. - BTC iShares Russell 2000,9,5,97,-1,https://feargreedmeter.com/top-100-most-popular-meme-stocks-today
2026-08-21T00:01:05+02:00,BBC,ETFis Series Trust I - Virtus LifeSci Biotech Clinical Trials ETF,3,5,98,2,https://feargreedmeter.com/top-100-most-popular-meme-stocks-today
2026-08-21T00:01:05+02:00,FCF,First Commonwealth Financial Corp,27,5,99,-10,https://feargreedmeter.com/top-100-most-popular-meme-stocks-today
2026-08-21T00:01:05+02:00,OPEN,Opendoor,9,5,100,0,https://feargreedmeter.com/top-100-most-popular-meme-stocks-today
2026-08-21T00:38:26+02:00,MRNA,Moderna,1076,429,1,-280,https://feargreedmeter.com/top-100-most-popular-meme-stocks-today
2026-08-21T00:38:26+02:00,SPY,SPDR S&P 500 ETF Trust,1508,324,2,17,https://feargreedmeter.com/top-100-most-popular-meme-stocks-today
2026-08-21T00:38:26+02:00,RDDT,Reddit,522,184,3,94,https://feargreedmeter.com/top-100-most-popular-meme-stocks-today
2026-08-21T00:38:26+02:00,MU,Micron Technology,1003,160,4,-40,https://feargreedmeter.com/top-100-most-popular-meme-stocks-today
2026-08-21T00:38:26+02:00,WMT,Walmart,784,157,5,144,https://feargreedmeter.com/top-100-most-popular-meme-stocks-today
2026-08-21T00:38:26+02:00,QQQ,Invesco QQQ ETF,1401,130,6,47,https://feargreedmeter.com/top-100-most-popular-meme-stocks-today
2026-08-21T00:38:26+02:00,SNDK,Sandisk,413,101,7,-29,https://feargreedmeter.com/top-100-most-popular-meme-stocks-today
2026-08-21T00:38:26+02:00,META,Meta Platforms (Facebook),177,81,8,-27,https://feargreedmeter.com/top-100-most-popular-meme-stocks-today
2026-08-21T00:38:26+02:00,NVDA,NVIDIA,178,80,9,-12,https://feargreedmeter.com/top-100-most-popular-meme-stocks-today
2026-08-21T00:38:26+02:00,BULL,Webull,173,79,10,1,https://feargreedmeter.com/top-100-most-popular-meme-stocks-today
2026-08-21T00:38:26+02:00,SPCX,SpaceX,129,71,11,24,https://feargreedmeter.com/top-100-most-popular-meme-stocks-today
2026-08-21T00:38:26+02:00,RNA,Avidity Biosciences,183,70,12,-40,https://feargreedmeter.com/top-100-most-popular-meme-stocks-today
2026-08-21T00:38:26+02:00,DTE,DTE Energy,205,63,13,-11,https://feargreedmeter.com/top-100-most-popular-meme-stocks-today
2026-08-21T00:38:26+02:00,MSTR,MicroStrategy,110,54,14,11,https://feargreedmeter.com/top-100-most-popular-meme-stocks-today
2026-08-21T00:38:26+02:00,GOOG,Alphabet (Google),120,51,15,1,https://feargreedmeter.com/top-100-most-popular-meme-stocks-today
2026-08-21T00:38:26+02:00,NBIS,Nebius Group,436,47,16,-100,https://feargreedmeter.com/top-100-most-popular-meme-stocks-today
2026-08-21T00:38:26+02:00,GOOGL,Alphabet (Google),106,44,17,-2,https://feargreedmeter.com/top-100-most-popular-meme-stocks-today
2026-08-21T00:38:26+02:00,SLS,Sellas Life Sciences,103,40,18,-12,https://feargreedmeter.com/top-100-most-popular-meme-stocks-today
2026-08-21T00:38:26+02:00,VOO,Vanguard S&P 500 ETF,124,33,19,-18,https://feargreedmeter.com/top-100-most-popular-meme-stocks-today
2026-08-21T00:38:26+02:00,ASTS,AST SpaceMobile,174,33,20,16,https://feargreedmeter.com/top-100-most-popular-meme-stocks-today
2026-08-21T00:38:26+02:00,RKLB,Rocket Lab USA,77,30,21,12,https://feargreedmeter.com/top-100-most-popular-meme-stocks-today
2026-08-21T00:38:26+02:00,AMD,AMD,66,29,22,-30,https://feargreedmeter.com/top-100-most-popular-meme-stocks-today
2026-08-21T00:38:26+02:00,AM,Antero Midstream,55,29,23,-6,https://feargreedmeter.com/top-100-most-popular-meme-stocks-today
2026-08-21T00:38:26+02:00,HOOD,Robinhood,61,28,24,9,https://feargreedmeter.com/top-100-most-popular-meme-stocks-today
2026-08-21T00:38:26+02:00,MSFT,Microsoft,55,27,25,-11,https://feargreedmeter.com/top-100-most-popular-meme-stocks-today
2026-08-21T00:38:26+02:00,TSLA,Tesla,27,25,26,-26,https://feargreedmeter.com/top-100-most-popular-meme-stocks-today
2026-08-21T00:38:26+02:00,GLD,SSgA SPDR Gold Shares,62,24,27,-11,https://feargreedmeter.com/top-100-most-popular-meme-stocks-today
2026-08-21T00:38:26+02:00,AAPL,Apple,50,23,28,-30,https://feargreedmeter.com/top-100-most-popular-meme-stocks-today
2026-08-21T00:38:26+02:00,AMZN,Amazon,37,23,29,-2,https://feargreedmeter.com/top-100-most-popular-meme-stocks-today
2026-08-21T00:38:26+02:00,SMCI,Supermicro,33,22,30,21,https://feargreedmeter.com/top-100-most-popular-meme-stocks-today
2026-08-21T00:38:26+02:00,MRVL,Marvell Technology Group,50,19,31,-64,https://feargreedmeter.com/top-100-most-popular-meme-stocks-today
2026-08-21T00:38:26+02:00,TLT,BlackRock Institutional Trust Company N.A. - BTC iShares 20+ Year Trea,27,19,32,-14,https://feargreedmeter.com/top-100-most-popular-meme-stocks-today
2026-08-21T00:38:26+02:00,HTZ,Hertz,22,19,33,-42,https://feargreedmeter.com/top-100-most-popular-meme-stocks-today
2026-08-21T00:38:26+02:00,TEM,Tempus AI,35,19,34,13,https://feargreedmeter.com/top-100-most-popular-meme-stocks-today
2026-08-21T00:38:26+02:00,SGOV,iShares Trust - iShares 0-3 Month Treasury Bond ETF,56,18,35,14,https://feargreedmeter.com/top-100-most-popular-meme-stocks-today
2026-08-21T00:38:26+02:00,USO,United States Commodity Funds LLC - United States Oil Fund,27,17,36,7,https://feargreedmeter.com/top-100-most-popular-meme-stocks-today
2026-08-21T00:38:26+02:00,NFLX,Netflix,46,16,37,-22,https://feargreedmeter.com/top-100-most-popular-meme-stocks-today
2026-08-21T00:38:26+02:00,AVGO,Broadcom,34,16,38,-33,https://feargreedmeter.com/top-100-most-popular-meme-stocks-today
2026-08-21T00:38:26+02:00,PLTR,Palantir,31,16,39,9,https://feargreedmeter.com/top-100-most-popular-meme-stocks-today
2026-08-21T00:38:26+02:00,SOXL,Direxion Shares ETF Trust - Direxion Daily Semiconductor Bull 3X Share,31,16,40,1,https://feargreedmeter.com/top-100-most-popular-meme-stocks-today
2026-08-21T00:38:26+02:00,CAST,"FreeCast, Inc.",37,15,41,-19,https://feargreedmeter.com/top-100-most-popular-meme-stocks-today
2026-08-21T00:38:26+02:00,SCHD,Schwab Strategic Trust - CSIM Schwab US Dividend Equity ETF,75,14,42,1,https://feargreedmeter.com/top-100-most-popular-meme-stocks-today
2026-08-21T00:38:26+02:00,YOU,CLEAR Secure,37,14,43,-8,https://feargreedmeter.com/top-100-most-popular-meme-stocks-today
2026-08-21T00:38:26+02:00,INTC,Intel,50,13,44,1,https://feargreedmeter.com/top-100-most-popular-meme-stocks-today
2026-08-21T00:38:26+02:00,IT,Gartner,26,13,45,-2,https://feargreedmeter.com/top-100-most-popular-meme-stocks-today
2026-08-21T00:38:26+02:00,BE,Bloom Energy,33,13,46,-5,https://feargreedmeter.com/top-100-most-popular-meme-stocks-today
2026-08-21T00:38:26+02:00,ONDS,Ondas Holdings,23,13,47,8,https://feargreedmeter.com/top-100-most-popular-meme-stocks-today
2026-08-21T00:38:26+02:00,COST,Costco,170,12,48,11,https://feargreedmeter.com/top-100-most-popular-meme-stocks-today
2026-08-21T00:38:26+02:00,NOW,ServiceNow,19,12,49,-13,https://feargreedmeter.com/top-100-most-popular-meme-stocks-today
2026-08-21T00:38:26+02:00,IOVA,Iovance Biotherapeutics,14,12,50,9,https://feargreedmeter.com/top-100-most-popular-meme-stocks-today
2026-08-21T00:38:26+02:00,IREN,Iris Energy,39,12,51,8,https://feargreedmeter.com/top-100-most-popular-meme-stocks-today
2026-08-21T00:38:26+02:00,EU,enCore Energy,18,12,52,1,https://feargreedmeter.com/top-100-most-popular-meme-stocks-today
2026-08-21T00:38:26+02:00,ALL,Allstate,38,11,53,-2,https://feargreedmeter.com/top-100-most-popular-meme-stocks-today
2026-08-21T00:38:26+02:00,TTWO,Take 2 Interactive,12,11,54,9,https://feargreedmeter.com/top-100-most-popular-meme-stocks-today
2026-08-21T00:38:26+02:00,ON,ON Semiconductor,41,11,55,4,https://feargreedmeter.com/top-100-most-popular-meme-stocks-today
2026-08-21T00:38:26+02:00,IQ,iQIYI,46,10,56,0,https://feargreedmeter.com/top-100-most-popular-meme-stocks-today
2026-08-21T00:38:26+02:00,ES,Eversource Energy,45,9,57,-1,https://feargreedmeter.com/top-100-most-popular-meme-stocks-today
2026-08-21T00:38:26+02:00,BABA,Alibaba,35,9,58,2,https://feargreedmeter.com/top-100-most-popular-meme-stocks-today
2026-08-21T00:38:26+02:00,NOK,Nokia,7,9,59,5,https://feargreedmeter.com/top-100-most-popular-meme-stocks-today
2026-08-21T00:38:26+02:00,HBM,Hudbay Minerals,93,9,60,-3,https://feargreedmeter.com/top-100-most-popular-meme-stocks-today
2026-08-21T00:38:26+02:00,UP,Wheels Up,33,9,61,-1,https://feargreedmeter.com/top-100-most-popular-meme-stocks-today
2026-08-21T00:38:26+02:00,CD,Chindata,12,9,62,2,https://feargreedmeter.com/top-100-most-popular-meme-stocks-today
2026-08-21T00:38:26+02:00,API,Agora.io,19,9,63,2,https://feargreedmeter.com/top-100-most-popular-meme-stocks-today
2026-08-21T00:38:26+02:00,NKE,Nike,50,8,64,-8,https://feargreedmeter.com/top-100-most-popular-meme-stocks-today
2026-08-21T00:38:26+02:00,TGT,Target,27,8,65,-12,https://feargreedmeter.com/top-100-most-popular-meme-stocks-today
2026-08-21T00:38:26+02:00,IBKR,Interactive Brokers,17,8,66,1,https://feargreedmeter.com/top-100-most-popular-meme-stocks-today
2026-08-21T00:38:26+02:00,ET,Energy Transfer Partners,24,8,67,-9,https://feargreedmeter.com/top-100-most-popular-meme-stocks-today
2026-08-21T00:38:26+02:00,WEAT,Teucrium Wheat Fund,42,8,68,8,https://feargreedmeter.com/top-100-most-popular-meme-stocks-today
2026-08-21T00:38:26+02:00,SOFI,SoFi,14,8,69,5,https://feargreedmeter.com/top-100-most-popular-meme-stocks-today
2026-08-21T00:38:26+02:00,LINK,Interlink Electronics,12,8,70,4,https://feargreedmeter.com/top-100-most-popular-meme-stocks-today
2026-08-21T00:38:26+02:00,MMA,Alta Global Group,10,8,71,8,https://feargreedmeter.com/top-100-most-popular-meme-stocks-today
2026-08-21T00:38:26+02:00,FLUX,Flux Power,12,8,72,7,https://feargreedmeter.com/top-100-most-popular-meme-stocks-today
2026-08-21T00:38:26+02:00,CSCO,Cisco,10,7,73,-1,https://feargreedmeter.com/top-100-most-popular-meme-stocks-today
2026-08-21T00:38:26+02:00,ROST,Ross Stores,10,7,74,7,https://feargreedmeter.com/top-100-most-popular-meme-stocks-today
2026-08-21T00:38:26+02:00,SO,Southern Company,20,7,75,-4,https://feargreedmeter.com/top-100-most-popular-meme-stocks-today
2026-08-21T00:38:26+02:00,ZYME,Zymeworks,8,7,76,7,https://feargreedmeter.com/top-100-most-popular-meme-stocks-today
2026-08-21T00:38:26+02:00,VT,"Vanguard Group, Inc. - Vanguard Total World Stock ETF",11,7,77,1,https://feargreedmeter.com/top-100-most-popular-meme-stocks-today
2026-08-21T00:38:26+02:00,ANY,Sphere 3D,23,7,78,5,https://feargreedmeter.com/top-100-most-popular-meme-stocks-today
2026-08-21T00:38:26+02:00,PR,Permian Resources,47,7,79,1,https://feargreedmeter.com/top-100-most-popular-meme-stocks-today
2026-08-21T00:38:26+02:00,BEEM,Beam Global,11,7,80,6,https://feargreedmeter.com/top-100-most-popular-meme-stocks-today
2026-08-21T00:38:26+02:00,KEEL,Keel Infrastructure,14,7,81,2,https://feargreedmeter.com/top-100-most-popular-meme-stocks-today
2026-08-21T00:38:26+02:00,DE,Deere & Company,12,6,82,6,https://feargreedmeter.com/top-100-most-popular-meme-stocks-today
2026-08-21T00:38:26+02:00,CC,Chemours,10,6,83,-9,https://feargreedmeter.com/top-100-most-popular-meme-stocks-today
2026-08-21T00:38:26+02:00,BBC,ETFis Series Trust I - Virtus LifeSci Biotech Clinical Trials ETF,4,6,84,3,https://feargreedmeter.com/top-100-most-popular-meme-stocks-today
2026-08-21T00:38:26+02:00,OSIS,OSI Systems,7,6,85,6,https://feargreedmeter.com/top-100-most-popular-meme-stocks-today
2026-08-21T00:38:26+02:00,FCF,First Commonwealth Financial Corp,77,6,86,-8,https://feargreedmeter.com/top-100-most-popular-meme-stocks-today
2026-08-21T00:38:26+02:00,DNA,Ginkgo Bioworks,17,6,87,3,https://feargreedmeter.com/top-100-most-popular-meme-stocks-today
2026-08-21T00:38:26+02:00,RIVN,Rivian,9,6,88,4,https://feargreedmeter.com/top-100-most-popular-meme-stocks-today
2026-08-21T00:38:26+02:00,HIVE,HIVE Blockchain Technologies,10,6,89,4,https://feargreedmeter.com/top-100-most-popular-meme-stocks-today
2026-08-21T00:38:26+02:00,UMAC,Unusual Machines,11,6,90,1,https://feargreedmeter.com/top-100-most-popular-meme-stocks-today
2026-08-21T00:38:26+02:00,DJT,Trump Media & Technology Group,106,6,91,3,https://feargreedmeter.com/top-100-most-popular-meme-stocks-today
2026-08-21T00:38:26+02:00,CRWV,CoreWeave,16,6,92,0,https://feargreedmeter.com/top-100-most-popular-meme-stocks-today
2026-08-21T00:38:26+02:00,SMA,SmartStop Self Storage REIT,7,6,93,5,https://feargreedmeter.com/top-100-most-popular-meme-stocks-today
2026-08-21T00:38:26+02:00,UNH,UnitedHealth,8,5,94,-4,https://feargreedmeter.com/top-100-most-popular-meme-stocks-today
2026-08-21T00:38:26+02:00,GO,Grocery Outlet,22,5,95,-2,https://feargreedmeter.com/top-100-most-popular-meme-stocks-today
2026-08-21T00:38:26+02:00,BJ,BJ's Wholesale Club,15,5,96,4,https://feargreedmeter.com/top-100-most-popular-meme-stocks-today
2026-08-21T00:38:26+02:00,VXUS,"Vanguard Group, Inc. - Vanguard Total International Stock ETF",15,5,97,1,https://feargreedmeter.com/top-100-most-popular-meme-stocks-today
2026-08-21T00:38:26+02:00,IWM,BlackRock Institutional Trust Company N.A. - BTC iShares Russell 2000,10,5,98,-1,https://feargreedmeter.com/top-100-most-popular-meme-stocks-today
2026-08-21T00:38:26+02:00,OPEN,Opendoor,8,5,99,-1,https://feargreedmeter.com/top-100-most-popular-meme-stocks-today
2026-08-21T00:38:26+02:00,NAT,Nordic American Tankers,84,5,100,4,https://feargreedmeter.com/top-100-most-popular-meme-stocks-today
2026-08-21T01:02:11+02:00,MRNA,Moderna,1048,418,1,-301,https://feargreedmeter.com/top-100-most-popular-meme-stocks-today
2026-08-21T01:02:11+02:00,SPY,SPDR S&P 500 ETF Trust,1527,330,2,26,https://feargreedmeter.com/top-100-most-popular-meme-stocks-today
2026-08-21T01:02:11+02:00,RDDT,Reddit,533,183,3,92,https://feargreedmeter.com/top-100-most-popular-meme-stocks-today
2026-08-21T01:02:11+02:00,MU,Micron Technology,1017,163,4,-38,https://feargreedmeter.com/top-100-most-popular-meme-stocks-today
2026-08-21T01:02:11+02:00,WMT,Walmart,841,158,5,145,https://feargreedmeter.com/top-100-most-popular-meme-stocks-today
2026-08-21T01:02:11+02:00,QQQ,Invesco QQQ ETF,1416,132,6,49,https://feargreedmeter.com/top-100-most-popular-meme-stocks-today
2026-08-21T01:02:11+02:00,SNDK,Sandisk,425,105,7,-24,https://feargreedmeter.com/top-100-most-popular-meme-stocks-today
2026-08-21T01:02:11+02:00,META,Meta Platforms (Facebook),183,83,8,-24,https://feargreedmeter.com/top-100-most-popular-meme-stocks-today
2026-08-21T01:02:11+02:00,NVDA,NVIDIA,180,81,9,-12,https://feargreedmeter.com/top-100-most-popular-meme-stocks-today
2026-08-21T01:02:11+02:00,BULL,Webull,171,77,10,-6,https://feargreedmeter.com/top-100-most-popular-meme-stocks-today
2026-08-21T01:02:11+02:00,SPCX,SpaceX,132,71,11,24,https://feargreedmeter.com/top-100-most-popular-meme-stocks-today
2026-08-21T01:02:11+02:00,RNA,Avidity Biosciences,158,63,12,-50,https://feargreedmeter.com/top-100-most-popular-meme-stocks-today
2026-08-21T01:02:11+02:00,DTE,DTE Energy,202,62,13,-12,https://feargreedmeter.com/top-100-most-popular-meme-stocks-today
2026-08-21T01:02:11+02:00,MSTR,MicroStrategy,108,54,14,10,https://feargreedmeter.com/top-100-most-popular-meme-stocks-today
2026-08-21T01:02:11+02:00,GOOG,Alphabet (Google),122,51,15,1,https://feargreedmeter.com/top-100-most-popular-meme-stocks-today
2026-08-21T01:02:11+02:00,NBIS,Nebius Group,445,47,16,-100,https://feargreedmeter.com/top-100-most-popular-meme-stocks-today
2026-08-21T01:02:11+02:00,GOOGL,Alphabet (Google),111,44,17,-2,https://feargreedmeter.com/top-100-most-popular-meme-stocks-today
2026-08-21T01:02:11+02:00,SLS,Sellas Life Sciences,101,38,18,-14,https://feargreedmeter.com/top-100-most-popular-meme-stocks-today
2026-08-21T01:02:11+02:00,ASTS,AST SpaceMobile,232,36,19,20,https://feargreedmeter.com/top-100-most-popular-meme-stocks-today
2026-08-21T01:02:11+02:00,VOO,Vanguard S&P 500 ETF,126,34,20,-17,https://feargreedmeter.com/top-100-most-popular-meme-stocks-today
2026-08-21T01:02:11+02:00,RKLB,Rocket Lab USA,81,30,21,12,https://feargreedmeter.com/top-100-most-popular-meme-stocks-today
2026-08-21T01:02:11+02:00,MSFT,Microsoft,56,28,22,-9,https://feargreedmeter.com/top-100-most-popular-meme-stocks-today
2026-08-21T01:02:11+02:00,AMD,AMD,65,28,23,-31,https://feargreedmeter.com/top-100-most-popular-meme-stocks-today
2026-08-21T01:02:11+02:00,HOOD,Robinhood,61,28,24,9,https://feargreedmeter.com/top-100-most-popular-meme-stocks-today
2026-08-21T01:02:11+02:00,AM,Antero Midstream,49,27,25,-8,https://feargreedmeter.com/top-100-most-popular-meme-stocks-today
2026-08-21T01:02:11+02:00,TSLA,Tesla,27,25,26,-26,https://feargreedmeter.com/top-100-most-popular-meme-stocks-today
2026-08-21T01:02:11+02:00,GLD,SSgA SPDR Gold Shares,62,24,27,-12,https://feargreedmeter.com/top-100-most-popular-meme-stocks-today
2026-08-21T01:02:11+02:00,AAPL,Apple,50,23,28,-30,https://feargreedmeter.com/top-100-most-popular-meme-stocks-today
2026-08-21T01:02:11+02:00,AMZN,Amazon,39,23,29,-1,https://feargreedmeter.com/top-100-most-popular-meme-stocks-today
2026-08-21T01:02:11+02:00,SMCI,Supermicro,33,22,30,21,https://feargreedmeter.com/top-100-most-popular-meme-stocks-today
2026-08-21T01:02:11+02:00,MRVL,Marvell Technology Group,50,19,31,-64,https://feargreedmeter.com/top-100-most-popular-meme-stocks-today
2026-08-21T01:02:11+02:00,TLT,BlackRock Institutional Trust Company N.A. - BTC iShares 20+ Year Trea,30,19,32,-14,https://feargreedmeter.com/top-100-most-popular-meme-stocks-today
2026-08-21T01:02:11+02:00,HTZ,Hertz,22,19,33,-42,https://feargreedmeter.com/top-100-most-popular-meme-stocks-today
2026-08-21T01:02:11+02:00,TEM,Tempus AI,35,19,34,13,https://feargreedmeter.com/top-100-most-popular-meme-stocks-today
2026-08-21T01:02:11+02:00,SGOV,iShares Trust - iShares 0-3 Month Treasury Bond ETF,56,18,35,14,https://feargreedmeter.com/top-100-most-popular-meme-stocks-today
2026-08-21T01:02:11+02:00,USO,United States Commodity Funds LLC - United States Oil Fund,27,17,36,7,https://feargreedmeter.com/top-100-most-popular-meme-stocks-today
2026-08-21T01:02:11+02:00,NFLX,Netflix,47,16,37,-22,https://feargreedmeter.com/top-100-most-popular-meme-stocks-today
2026-08-21T01:02:11+02:00,SOXL,Direxion Shares ETF Trust - Direxion Daily Semiconductor Bull 3X Share,31,16,38,1,https://feargreedmeter.com/top-100-most-popular-meme-stocks-today
2026-08-21T01:02:11+02:00,INTC,Intel,54,15,39,3,https://feargreedmeter.com/top-100-most-popular-meme-stocks-today
2026-08-21T01:02:11+02:00,AVGO,Broadcom,31,15,40,-34,https://feargreedmeter.com/top-100-most-popular-meme-stocks-today
2026-08-21T01:02:11+02:00,PLTR,Palantir,29,15,41,8,https://feargreedmeter.com/top-100-most-popular-meme-stocks-today
2026-08-21T01:02:11+02:00,YOU,CLEAR Secure,39,15,42,-7,https://feargreedmeter.com/top-100-most-popular-meme-stocks-today
2026-08-21T01:02:11+02:00,CAST,"FreeCast, Inc.",38,15,43,-20,https://feargreedmeter.com/top-100-most-popular-meme-stocks-today
2026-08-21T01:02:11+02:00,SCHD,Schwab Strategic Trust - CSIM Schwab US Dividend Equity ETF,75,14,44,1,https://feargreedmeter.com/top-100-most-popular-meme-stocks-today
2026-08-21T01:02:11+02:00,COST,Costco,192,13,45,12,https://feargreedmeter.com/top-100-most-popular-meme-stocks-today
2026-08-21T01:02:11+02:00,IT,Gartner,26,13,46,-2,https://feargreedmeter.com/top-100-most-popular-meme-stocks-today
2026-08-21T01:02:11+02:00,BE,Bloom Energy,33,13,47,-5,https://feargreedmeter.com/top-100-most-popular-meme-stocks-today
2026-08-21T01:02:11+02:00,ONDS,Ondas Holdings,23,13,48,8,https://feargreedmeter.com/top-100-most-popular-meme-stocks-today
2026-08-21T01:02:11+02:00,ALL,Allstate,38,12,49,-1,https://feargreedmeter.com/top-100-most-popular-meme-stocks-today
2026-08-21T01:02:11+02:00,NOW,ServiceNow,19,12,50,-12,https://feargreedmeter.com/top-100-most-popular-meme-stocks-today
2026-08-21T01:02:11+02:00,IOVA,Iovance Biotherapeutics,14,12,51,9,https://feargreedmeter.com/top-100-most-popular-meme-stocks-today
2026-08-21T01:02:11+02:00,IREN,Iris Energy,40,12,52,8,https://feargreedmeter.com/top-100-most-popular-meme-stocks-today
2026-08-21T01:02:11+02:00,EU,enCore Energy,17,12,53,0,https://feargreedmeter.com/top-100-most-popular-meme-stocks-today
2026-08-21T01:02:11+02:00,TTWO,Take 2 Interactive,12,11,54,9,https://feargreedmeter.com/top-100-most-popular-meme-stocks-today
2026-08-21T01:02:11+02:00,ON,ON Semiconductor,40,11,55,4,https://feargreedmeter.com/top-100-most-popular-meme-stocks-today
2026-08-21T01:02:11+02:00,IQ,iQIYI,49,10,56,0,https://feargreedmeter.com/top-100-most-popular-meme-stocks-today
2026-08-21T01:02:11+02:00,ES,Eversource Energy,43,9,57,1,https://feargreedmeter.com/top-100-most-popular-meme-stocks-today
2026-08-21T01:02:11+02:00,NOK,Nokia,7,9,58,5,https://feargreedmeter.com/top-100-most-popular-meme-stocks-today
2026-08-21T01:02:11+02:00,HBM,Hudbay Minerals,94,9,59,-3,https://feargreedmeter.com/top-100-most-popular-meme-stocks-today
2026-08-21T01:02:11+02:00,FCF,First Commonwealth Financial Corp,190,9,60,-5,https://feargreedmeter.com/top-100-most-popular-meme-stocks-today
2026-08-21T01:02:11+02:00,UP,Wheels Up,36,9,61,-1,https://feargreedmeter.com/top-100-most-popular-meme-stocks-today
2026-08-21T01:02:11+02:00,CD,Chindata,12,9,62,2,https://feargreedmeter.com/top-100-most-popular-meme-stocks-today
2026-08-21T01:02:11+02:00,API,Agora.io,19,9,63,1,https://feargreedmeter.com/top-100-most-popular-meme-stocks-today
2026-08-21T01:02:11+02:00,NKE,Nike,55,8,64,-8,https://feargreedmeter.com/top-100-most-popular-meme-stocks-today
2026-08-21T01:02:11+02:00,BABA,Alibaba,34,8,65,1,https://feargreedmeter.com/top-100-most-popular-meme-stocks-today
2026-08-21T01:02:11+02:00,IBKR,Interactive Brokers,18,8,66,0,https://feargreedmeter.com/top-100-most-popular-meme-stocks-today
2026-08-21T01:02:11+02:00,ET,Energy Transfer Partners,26,8,67,-9,https://feargreedmeter.com/top-100-most-popular-meme-stocks-today
2026-08-21T01:02:11+02:00,WEAT,Teucrium Wheat Fund,39,8,68,8,https://feargreedmeter.com/top-100-most-popular-meme-stocks-today
2026-08-21T01:02:11+02:00,SOFI,SoFi,14,8,69,5,https://feargreedmeter.com/top-100-most-popular-meme-stocks-today
2026-08-21T01:02:11+02:00,PR,Permian Resources,48,8,70,2,https://feargreedmeter.com/top-100-most-popular-meme-stocks-today
2026-08-21T01:02:11+02:00,LINK,Interlink Electronics,12,8,71,4,https://feargreedmeter.com/top-100-most-popular-meme-stocks-today
2026-08-21T01:02:11+02:00,MMA,Alta Global Group,10,8,72,8,https://feargreedmeter.com/top-100-most-popular-meme-stocks-today
2026-08-21T01:02:11+02:00,FLUX,Flux Power,12,8,73,7,https://feargreedmeter.com/top-100-most-popular-meme-stocks-today
2026-08-21T01:02:11+02:00,ROST,Ross Stores,10,7,74,7,https://feargreedmeter.com/top-100-most-popular-meme-stocks-today
2026-08-21T01:02:11+02:00,SO,Southern Company,20,7,75,-2,https://feargreedmeter.com/top-100-most-popular-meme-stocks-today
2026-08-21T01:02:11+02:00,TGT,Target,25,7,76,-13,https://feargreedmeter.com/top-100-most-popular-meme-stocks-today
2026-08-21T01:02:11+02:00,ZYME,Zymeworks,8,7,77,7,https://feargreedmeter.com/top-100-most-popular-meme-stocks-today
2026-08-21T01:02:11+02:00,VT,"Vanguard Group, Inc. - Vanguard Total World Stock ETF",11,7,78,1,https://feargreedmeter.com/top-100-most-popular-meme-stocks-today
2026-08-21T01:02:11+02:00,ANY,Sphere 3D,21,7,79,5,https://feargreedmeter.com/top-100-most-popular-meme-stocks-today
2026-08-21T01:02:11+02:00,BEEM,Beam Global,11,7,80,6,https://feargreedmeter.com/top-100-most-popular-meme-stocks-today
2026-08-21T01:02:11+02:00,KEEL,Keel Infrastructure,14,7,81,2,https://feargreedmeter.com/top-100-most-popular-meme-stocks-today
2026-08-21T01:02:11+02:00,CSCO,Cisco,9,6,82,-1,https://feargreedmeter.com/top-100-most-popular-meme-stocks-today
2026-08-21T01:02:11+02:00,DE,Deere & Company,12,6,83,6,https://feargreedmeter.com/top-100-most-popular-meme-stocks-today
2026-08-21T01:02:11+02:00,CC,Chemours,10,6,84,-9,https://feargreedmeter.com/top-100-most-popular-meme-stocks-today
2026-08-21T01:02:11+02:00,BBC,ETFis Series Trust I - Virtus LifeSci Biotech Clinical Trials ETF,4,6,85,3,https://feargreedmeter.com/top-100-most-popular-meme-stocks-today
2026-08-21T01:02:11+02:00,OSIS,OSI Systems,7,6,86,6,https://feargreedmeter.com/top-100-most-popular-meme-stocks-today
2026-08-21T01:02:11+02:00,DNA,Ginkgo Bioworks,17,6,87,3,https://feargreedmeter.com/top-100-most-popular-meme-stocks-today
2026-08-21T01:02:11+02:00,RIVN,Rivian,9,6,88,4,https://feargreedmeter.com/top-100-most-popular-meme-stocks-today
2026-08-21T01:02:11+02:00,HIVE,HIVE Blockchain Technologies,10,6,89,4,https://feargreedmeter.com/top-100-most-popular-meme-stocks-today
2026-08-21T01:02:11+02:00,UMAC,Unusual Machines,11,6,90,1,https://feargreedmeter.com/top-100-most-popular-meme-stocks-today
2026-08-21T01:02:11+02:00,DJT,Trump Media & Technology Group,106,6,91,3,https://feargreedmeter.com/top-100-most-popular-meme-stocks-today
2026-08-21T01:02:11+02:00,CRWV,CoreWeave,16,6,92,0,https://feargreedmeter.com/top-100-most-popular-meme-stocks-today
2026-08-21T01:02:11+02:00,SMA,SmartStop Self Storage REIT,7,6,93,5,https://feargreedmeter.com/top-100-most-popular-meme-stocks-today
2026-08-21T01:02:11+02:00,UNH,UnitedHealth,8,5,94,-4,https://feargreedmeter.com/top-100-most-popular-meme-stocks-today
2026-08-21T01:02:11+02:00,GO,Grocery Outlet,22,5,95,-2,https://feargreedmeter.com/top-100-most-popular-meme-stocks-today
2026-08-21T01:02:11+02:00,BJ,BJ's Wholesale Club,14,5,96,4,https://feargreedmeter.com/top-100-most-popular-meme-stocks-today
2026-08-21T01:02:11+02:00,VXUS,"Vanguard Group, Inc. - Vanguard Total International Stock ETF",15,5,97,1,https://feargreedmeter.com/top-100-most-popular-meme-stocks-today
2026-08-21T01:02:11+02:00,IWM,BlackRock Institutional Trust Company N.A. - BTC iShares Russell 2000,10,5,98,-1,https://feargreedmeter.com/top-100-most-popular-meme-stocks-today
2026-08-21T01:02:11+02:00,EVER,EverQuote,22,5,99,2,https://feargreedmeter.com/top-100-most-popular-meme-stocks-today
2026-08-21T01:02:11+02:00,NAT,Nordic American Tankers,84,5,100,4,https://feargreedmeter.com/top-100-most-popular-meme-stocks-today
2026-08-21T01:35:46+02:00,MRNA,Moderna,946,393,1,-348,https://feargreedmeter.com/top-100-most-popular-meme-stocks-today
2026-08-21T01:35:46+02:00,SPY,SPDR S&P 500 ETF Trust,1534,331,2,37,https://feargreedmeter.com/top-100-most-popular-meme-stocks-today
2026-08-21T01:35:46+02:00,RDDT,Reddit,560,184,3,94,https://feargreedmeter.com/top-100-most-popular-meme-stocks-today
2026-08-21T01:35:46+02:00,WMT,Walmart,948,165,4,151,https://feargreedmeter.com/top-100-most-popular-meme-stocks-today
2026-08-21T01:35:46+02:00,MU,Micron Technology,1017,161,5,-36,https://feargreedmeter.com/top-100-most-popular-meme-stocks-today
2026-08-21T01:35:46+02:00,QQQ,Invesco QQQ ETF,1443,136,6,59,https://feargreedmeter.com/top-100-most-popular-meme-stocks-today
2026-08-21T01:35:46+02:00,SNDK,Sandisk,430,106,7,-19,https://feargreedmeter.com/top-100-most-popular-meme-stocks-today
2026-08-21T01:35:46+02:00,NVDA,NVIDIA,179,84,8,-9,https://feargreedmeter.com/top-100-most-popular-meme-stocks-today
2026-08-21T01:35:46+02:00,META,Meta Platforms (Facebook),190,83,9,-20,https://feargreedmeter.com/top-100-most-popular-meme-stocks-today
2026-08-21T01:35:46+02:00,BULL,Webull,162,75,10,-13,https://feargreedmeter.com/top-100-most-popular-meme-stocks-today
2026-08-21T01:35:46+02:00,SPCX,SpaceX,130,70,11,24,https://feargreedmeter.com/top-100-most-popular-meme-stocks-today
2026-08-21T01:35:46+02:00,DTE,DTE Energy,201,61,12,-11,https://feargreedmeter.com/top-100-most-popular-meme-stocks-today
2026-08-21T01:35:46+02:00,RNA,Avidity Biosciences,147,61,13,-63,https://feargreedmeter.com/top-100-most-popular-meme-stocks-today
2026-08-21T01:35:46+02:00,GOOG,Alphabet (Google),162,53,14,2,https://feargreedmeter.com/top-100-most-popular-meme-stocks-today
2026-08-21T01:35:46+02:00,MSTR,MicroStrategy,98,51,15,7,https://feargreedmeter.com/top-100-most-popular-meme-stocks-today
2026-08-21T01:35:46+02:00,NBIS,Nebius Group,449,46,16,-101,https://feargreedmeter.com/top-100-most-popular-meme-stocks-today
2026-08-21T01:35:46+02:00,GOOGL,Alphabet (Google),124,45,17,0,https://feargreedmeter.com/top-100-most-popular-meme-stocks-today
2026-08-21T01:35:46+02:00,ASTS,AST SpaceMobile,229,35,18,21,https://feargreedmeter.com/top-100-most-popular-meme-stocks-today
2026-08-21T01:35:46+02:00,VOO,Vanguard S&P 500 ETF,127,34,19,-17,https://feargreedmeter.com/top-100-most-popular-meme-stocks-today
2026-08-21T01:35:46+02:00,SLS,Sellas Life Sciences,81,33,20,-23,https://feargreedmeter.com/top-100-most-popular-meme-stocks-today
2026-08-21T01:35:46+02:00,RKLB,Rocket Lab USA,83,30,21,12,https://feargreedmeter.com/top-100-most-popular-meme-stocks-today
2026-08-21T01:35:46+02:00,MSFT,Microsoft,65,29,22,-7,https://feargreedmeter.com/top-100-most-popular-meme-stocks-today
2026-08-21T01:35:46+02:00,AMD,AMD,91,29,23,-31,https://feargreedmeter.com/top-100-most-popular-meme-stocks-today
2026-08-21T01:35:46+02:00,HOOD,Robinhood,60,28,24,9,https://feargreedmeter.com/top-100-most-popular-meme-stocks-today
2026-08-21T01:35:46+02:00,AM,Antero Midstream,49,27,25,-9,https://feargreedmeter.com/top-100-most-popular-meme-stocks-today
2026-08-21T01:35:46+02:00,GLD,SSgA SPDR Gold Shares,62,24,26,-12,https://feargreedmeter.com/top-100-most-popular-meme-stocks-today
2026-08-21T01:35:46+02:00,TSLA,Tesla,24,23,27,-26,https://feargreedmeter.com/top-100-most-popular-meme-stocks-today
2026-08-21T01:35:46+02:00,SMCI,Supermicro,38,23,28,22,https://feargreedmeter.com/top-100-most-popular-meme-stocks-today
2026-08-21T01:35:46+02:00,AAPL,Apple,50,22,29,-33,https://feargreedmeter.com/top-100-most-popular-meme-stocks-today
2026-08-21T01:35:46+02:00,AMZN,Amazon,38,22,30,-3,https://feargreedmeter.com/top-100-most-popular-meme-stocks-today
2026-08-21T01:35:46+02:00,HTZ,Hertz,17,21,31,-40,https://feargreedmeter.com/top-100-most-popular-meme-stocks-today
2026-08-21T01:35:46+02:00,SGOV,iShares Trust - iShares 0-3 Month Treasury Bond ETF,58,19,32,15,https://feargreedmeter.com/top-100-most-popular-meme-stocks-today
2026-08-21T01:35:46+02:00,MRVL,Marvell Technology Group,50,18,33,-65,https://feargreedmeter.com/top-100-most-popular-meme-stocks-today
2026-08-21T01:35:46+02:00,TLT,BlackRock Institutional Trust Company N.A. - BTC iShares 20+ Year Trea,29,18,34,-15,https://feargreedmeter.com/top-100-most-popular-meme-stocks-today
2026-08-21T01:35:46+02:00,TEM,Tempus AI,30,18,35,12,https://feargreedmeter.com/top-100-most-popular-meme-stocks-today
2026-08-21T01:35:46+02:00,NFLX,Netflix,52,17,36,-21,https://feargreedmeter.com/top-100-most-popular-meme-stocks-today
2026-08-21T01:35:46+02:00,USO,United States Commodity Funds LLC - United States Oil Fund,28,17,37,7,https://feargreedmeter.com/top-100-most-popular-meme-stocks-today
2026-08-21T01:35:46+02:00,INTC,Intel,234,16,38,4,https://feargreedmeter.com/top-100-most-popular-meme-stocks-today
2026-08-21T01:35:46+02:00,SCHD,Schwab Strategic Trust - CSIM Schwab US Dividend Equity ETF,92,16,39,3,https://feargreedmeter.com/top-100-most-popular-meme-stocks-today
2026-08-21T01:35:46+02:00,AVGO,Broadcom,32,15,40,-35,https://feargreedmeter.com/top-100-most-popular-meme-stocks-today
2026-08-21T01:35:46+02:00,PLTR,Palantir,29,15,41,6,https://feargreedmeter.com/top-100-most-popular-meme-stocks-today
2026-08-21T01:35:46+02:00,SOXL,Direxion Shares ETF Trust - Direxion Daily Semiconductor Bull 3X Share,27,15,42,0,https://feargreedmeter.com/top-100-most-popular-meme-stocks-today
2026-08-21T01:35:46+02:00,YOU,CLEAR Secure,40,15,43,-7,https://feargreedmeter.com/top-100-most-popular-meme-stocks-today
2026-08-21T01:35:46+02:00,CAST,"FreeCast, Inc.",35,15,44,-20,https://feargreedmeter.com/top-100-most-popular-meme-stocks-today
2026-08-21T01:35:46+02:00,COST,Costco,190,13,45,12,https://feargreedmeter.com/top-100-most-popular-meme-stocks-today
2026-08-21T01:35:46+02:00,IT,Gartner,25,13,46,-4,https://feargreedmeter.com/top-100-most-popular-meme-stocks-today
2026-08-21T01:35:46+02:00,ONDS,Ondas Holdings,25,13,47,8,https://feargreedmeter.com/top-100-most-popular-meme-stocks-today
2026-08-21T01:35:46+02:00,ALL,Allstate,45,12,48,0,https://feargreedmeter.com/top-100-most-popular-meme-stocks-today
2026-08-21T01:35:46+02:00,ES,Eversource Energy,28,12,49,3,https://feargreedmeter.com/top-100-most-popular-meme-stocks-today
2026-08-21T01:35:46+02:00,NOW,ServiceNow,18,12,50,-13,https://feargreedmeter.com/top-100-most-popular-meme-stocks-today
2026-08-21T01:35:46+02:00,IOVA,Iovance Biotherapeutics,14,12,51,9,https://feargreedmeter.com/top-100-most-popular-meme-stocks-today
2026-08-21T01:35:46+02:00,BE,Bloom Energy,30,12,52,-6,https://feargreedmeter.com/top-100-most-popular-meme-stocks-today
2026-08-21T01:35:46+02:00,IREN,Iris Energy,41,12,53,9,https://feargreedmeter.com/top-100-most-popular-meme-stocks-today
2026-08-21T01:35:46+02:00,EU,enCore Energy,17,12,54,0,https://feargreedmeter.com/top-100-most-popular-meme-stocks-today
2026-08-21T01:35:46+02:00,TTWO,Take 2 Interactive,12,11,55,9,https://feargreedmeter.com/top-100-most-popular-meme-stocks-today
2026-08-21T01:35:46+02:00,ON,ON Semiconductor,42,11,56,4,https://feargreedmeter.com/top-100-most-popular-meme-stocks-today
2026-08-21T01:35:46+02:00,CD,Chindata,14,11,57,4,https://feargreedmeter.com/top-100-most-popular-meme-stocks-today
2026-08-21T01:35:46+02:00,IQ,iQIYI,49,10,58,0,https://feargreedmeter.com/top-100-most-popular-meme-stocks-today
2026-08-21T01:35:46+02:00,UP,Wheels Up,46,10,59,0,https://feargreedmeter.com/top-100-most-popular-meme-stocks-today
2026-08-21T01:35:46+02:00,ROST,Ross Stores,109,9,60,9,https://feargreedmeter.com/top-100-most-popular-meme-stocks-today
2026-08-21T01:35:46+02:00,NOK,Nokia,7,9,61,5,https://feargreedmeter.com/top-100-most-popular-meme-stocks-today
2026-08-21T01:35:46+02:00,HBM,Hudbay Minerals,97,9,62,-3,https://feargreedmeter.com/top-100-most-popular-meme-stocks-today
2026-08-21T01:35:46+02:00,FCF,First Commonwealth Financial Corp,399,9,63,-4,https://feargreedmeter.com/top-100-most-popular-meme-stocks-today
2026-08-21T01:35:46+02:00,API,Agora.io,19,9,64,2,https://feargreedmeter.com/top-100-most-popular-meme-stocks-today
2026-08-21T01:35:46+02:00,PR,Permian Resources,50,9,65,3,https://feargreedmeter.com/top-100-most-popular-meme-stocks-today
2026-08-21T01:35:46+02:00,NKE,Nike,57,8,66,-8,https://feargreedmeter.com/top-100-most-popular-meme-stocks-today
2026-08-21T01:35:46+02:00,TGT,Target,25,8,67,-13,https://feargreedmeter.com/top-100-most-popular-meme-stocks-today
2026-08-21T01:35:46+02:00,WEAT,Teucrium Wheat Fund,41,8,68,8,https://feargreedmeter.com/top-100-most-popular-meme-stocks-today
2026-08-21T01:35:46+02:00,SOFI,SoFi,14,8,69,5,https://feargreedmeter.com/top-100-most-popular-meme-stocks-today
2026-08-21T01:35:46+02:00,LINK,Interlink Electronics,12,8,70,5,https://feargreedmeter.com/top-100-most-popular-meme-stocks-today
2026-08-21T01:35:46+02:00,MMA,Alta Global Group,10,8,71,8,https://feargreedmeter.com/top-100-most-popular-meme-stocks-today
2026-08-21T01:35:46+02:00,FLUX,Flux Power,12,8,72,7,https://feargreedmeter.com/top-100-most-popular-meme-stocks-today
2026-08-21T01:35:46+02:00,SO,Southern Company,22,7,73,-2,https://feargreedmeter.com/top-100-most-popular-meme-stocks-today
2026-08-21T01:35:46+02:00,BABA,Alibaba,36,7,74,1,https://feargreedmeter.com/top-100-most-popular-meme-stocks-today
2026-08-21T01:35:46+02:00,IBKR,Interactive Brokers,14,7,75,-2,https://feargreedmeter.com/top-100-most-popular-meme-stocks-today
2026-08-21T01:35:46+02:00,ET,Energy Transfer Partners,25,7,76,-10,https://feargreedmeter.com/top-100-most-popular-meme-stocks-today
2026-08-21T01:35:46+02:00,VT,"Vanguard Group, Inc. - Vanguard Total World Stock ETF",11,7,77,1,https://feargreedmeter.com/top-100-most-popular-meme-stocks-today
2026-08-21T01:35:46+02:00,BBC,ETFis Series Trust I - Virtus LifeSci Biotech Clinical Trials ETF,5,7,78,3,https://feargreedmeter.com/top-100-most-popular-meme-stocks-today
2026-08-21T01:35:46+02:00,ANY,Sphere 3D,21,7,79,5,https://feargreedmeter.com/top-100-most-popular-meme-stocks-today
2026-08-21T01:35:46+02:00,RIVN,Rivian,11,7,80,4,https://feargreedmeter.com/top-100-most-popular-meme-stocks-today
2026-08-21T01:35:46+02:00,BEEM,Beam Global,11,7,81,6,https://feargreedmeter.com/top-100-most-popular-meme-stocks-today
2026-08-21T01:35:46+02:00,SMA,SmartStop Self Storage REIT,9,7,82,6,https://feargreedmeter.com/top-100-most-popular-meme-stocks-today
2026-08-21T01:35:46+02:00,KEEL,Keel Infrastructure,15,7,83,2,https://feargreedmeter.com/top-100-most-popular-meme-stocks-today
2026-08-21T01:35:46+02:00,CSCO,Cisco,10,6,84,-2,https://feargreedmeter.com/top-100-most-popular-meme-stocks-today
2026-08-21T01:35:46+02:00,DE,Deere & Company,11,6,85,6,https://feargreedmeter.com/top-100-most-popular-meme-stocks-today
2026-08-21T01:35:46+02:00,UNH,UnitedHealth,9,6,86,-3,https://feargreedmeter.com/top-100-most-popular-meme-stocks-today
2026-08-21T01:35:46+02:00,CC,Chemours,9,6,87,-8,https://feargreedmeter.com/top-100-most-popular-meme-stocks-today
2026-08-21T01:35:46+02:00,OSIS,OSI Systems,7,6,88,6,https://feargreedmeter.com/top-100-most-popular-meme-stocks-today
2026-08-21T01:35:46+02:00,DNA,Ginkgo Bioworks,17,6,89,3,https://feargreedmeter.com/top-100-most-popular-meme-stocks-today
2026-08-21T01:35:46+02:00,HIVE,HIVE Blockchain Technologies,10,6,90,4,https://feargreedmeter.com/top-100-most-popular-meme-stocks-today
2026-08-21T01:35:46+02:00,UMAC,Unusual Machines,11,6,91,1,https://feargreedmeter.com/top-100-most-popular-meme-stocks-today
2026-08-21T01:35:46+02:00,DJT,Trump Media & Technology Group,115,6,92,3,https://feargreedmeter.com/top-100-most-popular-meme-stocks-today
2026-08-21T01:35:46+02:00,GL,Globe Life,13,5,93,4,https://feargreedmeter.com/top-100-most-popular-meme-stocks-today
2026-08-21T01:35:46+02:00,ZYME,Zymeworks,6,5,94,4,https://feargreedmeter.com/top-100-most-popular-meme-stocks-today
2026-08-21T01:35:46+02:00,GO,Grocery Outlet,22,5,95,-2,https://feargreedmeter.com/top-100-most-popular-meme-stocks-today
2026-08-21T01:35:46+02:00,BJ,BJ's Wholesale Club,14,5,96,4,https://feargreedmeter.com/top-100-most-popular-meme-stocks-today
2026-08-21T01:35:46+02:00,VXUS,"Vanguard Group, Inc. - Vanguard Total International Stock ETF",13,5,97,1,https://feargreedmeter.com/top-100-most-popular-meme-stocks-today
2026-08-21T01:35:46+02:00,VTI,Vanguard Total Stock Market ETF,9,5,98,-5,https://feargreedmeter.com/top-100-most-popular-meme-stocks-today
2026-08-21T01:35:46+02:00,IWM,BlackRock Institutional Trust Company N.A. - BTC iShares Russell 2000,10,5,99,-1,https://feargreedmeter.com/top-100-most-popular-meme-stocks-today
2026-08-21T01:35:46+02:00,EVER,EverQuote,23,5,100,2,https://feargreedmeter.com/top-100-most-popular-meme-stocks-today
2026-08-21T01:57:08+02:00,MRNA,Moderna,903,383,1,-376,https://feargreedmeter.com/top-100-most-popular-meme-stocks-today
2026-08-21T01:57:08+02:00,SPY,SPDR S&P 500 ETF Trust,1534,331,2,36,https://feargreedmeter.com/top-100-most-popular-meme-stocks-today
2026-08-21T01:57:08+02:00,RDDT,Reddit,563,185,3,94,https://feargreedmeter.com/top-100-most-popular-meme-stocks-today
2026-08-21T01:57:08+02:00,WMT,Walmart,949,164,4,150,https://feargreedmeter.com/top-100-most-popular-meme-stocks-today
2026-08-21T01:57:08+02:00,MU,Micron Technology,1013,160,5,-37,https://feargreedmeter.com/top-100-most-popular-meme-stocks-today
2026-08-21T01:57:08+02:00,QQQ,Invesco QQQ ETF,1460,136,6,59,https://feargreedmeter.com/top-100-most-popular-meme-stocks-today
2026-08-21T01:57:08+02:00,SNDK,Sandisk,427,106,7,-19,https://feargreedmeter.com/top-100-most-popular-meme-stocks-today
2026-08-21T01:57:08+02:00,NVDA,NVIDIA,162,83,8,-7,https://feargreedmeter.com/top-100-most-popular-meme-stocks-today
2026-08-21T01:57:08+02:00,META,Meta Platforms (Facebook),201,83,9,-22,https://feargreedmeter.com/top-100-most-popular-meme-stocks-today
2026-08-21T01:57:08+02:00,BULL,Webull,161,74,10,-16,https://feargreedmeter.com/top-100-most-popular-meme-stocks-today
2026-08-21T01:57:08+02:00,SPCX,SpaceX,132,71,11,25,https://feargreedmeter.com/top-100-most-popular-meme-stocks-today
2026-08-21T01:57:08+02:00,DTE,DTE Energy,177,59,12,-9,https://feargreedmeter.com/top-100-most-popular-meme-stocks-today
2026-08-21T01:57:08+02:00,RNA,Avidity Biosciences,121,56,13,-69,https://feargreedmeter.com/top-100-most-popular-meme-stocks-today
2026-08-21T01:57:08+02:00,GOOG,Alphabet (Google),176,53,14,2,https://feargreedmeter.com/top-100-most-popular-meme-stocks-today
2026-08-21T01:57:08+02:00,MSTR,MicroStrategy,102,52,15,5,https://feargreedmeter.com/top-100-most-popular-meme-stocks-today
2026-08-21T01:57:08+02:00,NBIS,Nebius Group,452,48,16,-100,https://feargreedmeter.com/top-100-most-popular-meme-stocks-today
2026-08-21T01:57:08+02:00,GOOGL,Alphabet (Google),129,46,17,1,https://feargreedmeter.com/top-100-most-popular-meme-stocks-today
2026-08-21T01:57:08+02:00,ASTS,AST SpaceMobile,229,35,18,21,https://feargreedmeter.com/top-100-most-popular-meme-stocks-today
2026-08-21T01:57:08+02:00,VOO,Vanguard S&P 500 ETF,135,34,19,-16,https://feargreedmeter.com/top-100-most-popular-meme-stocks-today
2026-08-21T01:57:08+02:00,SLS,Sellas Life Sciences,76,32,20,-26,https://feargreedmeter.com/top-100-most-popular-meme-stocks-today
2026-08-21T01:57:08+02:00,RKLB,Rocket Lab USA,84,31,21,13,https://feargreedmeter.com/top-100-most-popular-meme-stocks-today
2026-08-21T01:57:08+02:00,MSFT,Microsoft,63,29,22,-6,https://feargreedmeter.com/top-100-most-popular-meme-stocks-today
2026-08-21T01:57:08+02:00,AMD,AMD,96,29,23,-31,https://feargreedmeter.com/top-100-most-popular-meme-stocks-today
2026-08-21T01:57:08+02:00,HOOD,Robinhood,61,27,24,8,https://feargreedmeter.com/top-100-most-popular-meme-stocks-today
2026-08-21T01:57:08+02:00,AM,Antero Midstream,47,26,25,-9,https://feargreedmeter.com/top-100-most-popular-meme-stocks-today
2026-08-21T01:57:08+02:00,GLD,SSgA SPDR Gold Shares,64,24,26,-12,https://feargreedmeter.com/top-100-most-popular-meme-stocks-today
2026-08-21T01:57:08+02:00,TSLA,Tesla,24,23,27,-26,https://feargreedmeter.com/top-100-most-popular-meme-stocks-today
2026-08-21T01:57:08+02:00,SMCI,Supermicro,38,23,28,22,https://feargreedmeter.com/top-100-most-popular-meme-stocks-today
2026-08-21T01:57:08+02:00,AAPL,Apple,50,22,29,-32,https://feargreedmeter.com/top-100-most-popular-meme-stocks-today
2026-08-21T01:57:08+02:00,AMZN,Amazon,35,20,30,-6,https://feargreedmeter.com/top-100-most-popular-meme-stocks-today
2026-08-21T01:57:08+02:00,TEM,Tempus AI,32,20,31,13,https://feargreedmeter.com/top-100-most-popular-meme-stocks-today
2026-08-21T01:57:08+02:00,SGOV,iShares Trust - iShares 0-3 Month Treasury Bond ETF,56,19,32,15,https://feargreedmeter.com/top-100-most-popular-meme-stocks-today
2026-08-21T01:57:08+02:00,MRVL,Marvell Technology Group,50,18,33,-66,https://feargreedmeter.com/top-100-most-popular-meme-stocks-today
2026-08-21T01:57:08+02:00,TLT,BlackRock Institutional Trust Company N.A. - BTC iShares 20+ Year Trea,31,18,34,-16,https://feargreedmeter.com/top-100-most-popular-meme-stocks-today
2026-08-21T01:57:08+02:00,HTZ,Hertz,20,18,35,-44,https://feargreedmeter.com/top-100-most-popular-meme-stocks-today
2026-08-21T01:57:08+02:00,NFLX,Netflix,52,17,36,-21,https://feargreedmeter.com/top-100-most-popular-meme-stocks-today
2026-08-21T01:57:08+02:00,USO,United States Commodity Funds LLC - United States Oil Fund,28,17,37,7,https://feargreedmeter.com/top-100-most-popular-meme-stocks-today
2026-08-21T01:57:08+02:00,INTC,Intel,398,16,38,4,https://feargreedmeter.com/top-100-most-popular-meme-stocks-today
2026-08-21T01:57:08+02:00,AVGO,Broadcom,33,16,39,-34,https://feargreedmeter.com/top-100-most-popular-meme-stocks-today
2026-08-21T01:57:08+02:00,PLTR,Palantir,29,15,40,6,https://feargreedmeter.com/top-100-most-popular-meme-stocks-today
2026-08-21T01:57:08+02:00,SCHD,Schwab Strategic Trust - CSIM Schwab US Dividend Equity ETF,91,15,41,2,https://feargreedmeter.com/top-100-most-popular-meme-stocks-today
2026-08-21T01:57:08+02:00,SOXL,Direxion Shares ETF Trust - Direxion Daily Semiconductor Bull 3X Share,27,15,42,0,https://feargreedmeter.com/top-100-most-popular-meme-stocks-today
2026-08-21T01:57:08+02:00,YOU,CLEAR Secure,40,15,43,-6,https://feargreedmeter.com/top-100-most-popular-meme-stocks-today
2026-08-21T01:57:08+02:00,CAST,"FreeCast, Inc.",35,15,44,-20,https://feargreedmeter.com/top-100-most-popular-meme-stocks-today
2026-08-21T01:57:08+02:00,IT,Gartner,26,14,45,-3,https://feargreedmeter.com/top-100-most-popular-meme-stocks-today
2026-08-21T01:57:08+02:00,ONDS,Ondas Holdings,26,14,46,9,https://feargreedmeter.com/top-100-most-popular-meme-stocks-today
2026-08-21T01:57:08+02:00,COST,Costco,190,13,47,12,https://feargreedmeter.com/top-100-most-popular-meme-stocks-today
2026-08-21T01:57:08+02:00,ALL,Allstate,45,12,48,0,https://feargreedmeter.com/top-100-most-popular-meme-stocks-today
2026-08-21T01:57:08+02:00,ES,Eversource Energy,30,12,49,3,https://feargreedmeter.com/top-100-most-popular-meme-stocks-today
2026-08-21T01:57:08+02:00,NOW,ServiceNow,17,12,50,-13,https://feargreedmeter.com/top-100-most-popular-meme-stocks-today
2026-08-21T01:57:08+02:00,BE,Bloom Energy,30,12,51,-7,https://feargreedmeter.com/top-100-most-popular-meme-stocks-today
2026-08-21T01:57:08+02:00,IREN,Iris Energy,41,12,52,9,https://feargreedmeter.com/top-100-most-popular-meme-stocks-today
2026-08-21T01:57:08+02:00,EU,enCore Energy,17,12,53,0,https://feargreedmeter.com/top-100-most-popular-meme-stocks-today
2026-08-21T01:57:08+02:00,TTWO,Take 2 Interactive,12,11,54,9,https://feargreedmeter.com/top-100-most-popular-meme-stocks-today
2026-08-21T01:57:08+02:00,ON,ON Semiconductor,42,11,55,4,https://feargreedmeter.com/top-100-most-popular-meme-stocks-today
2026-08-21T01:57:08+02:00,IOVA,Iovance Biotherapeutics,13,11,56,8,https://feargreedmeter.com/top-100-most-popular-meme-stocks-today
2026-08-21T01:57:08+02:00,CD,Chindata,15,11,57,4,https://feargreedmeter.com/top-100-most-popular-meme-stocks-today
2026-08-21T01:57:08+02:00,IQ,iQIYI,48,10,58,0,https://feargreedmeter.com/top-100-most-popular-meme-stocks-today
2026-08-21T01:57:08+02:00,BBC,ETFis Series Trust I - Virtus LifeSci Biotech Clinical Trials ETF,9,10,59,6,https://feargreedmeter.com/top-100-most-popular-meme-stocks-today
2026-08-21T01:57:08+02:00,UP,Wheels Up,46,10,60,0,https://feargreedmeter.com/top-100-most-popular-meme-stocks-today
2026-08-21T01:57:08+02:00,ROST,Ross Stores,109,9,61,9,https://feargreedmeter.com/top-100-most-popular-meme-stocks-today
2026-08-21T01:57:08+02:00,NOK,Nokia,7,9,62,5,https://feargreedmeter.com/top-100-most-popular-meme-stocks-today
2026-08-21T01:57:08+02:00,HBM,Hudbay Minerals,100,9,63,-3,https://feargreedmeter.com/top-100-most-popular-meme-stocks-today
2026-08-21T01:57:08+02:00,FCF,First Commonwealth Financial Corp,478,9,64,-5,https://feargreedmeter.com/top-100-most-popular-meme-stocks-today
2026-08-21T01:57:08+02:00,PR,Permian Resources,52,9,65,3,https://feargreedmeter.com/top-100-most-popular-meme-stocks-today
2026-08-21T01:57:08+02:00,NKE,Nike,57,8,66,-8,https://feargreedmeter.com/top-100-most-popular-meme-stocks-today
2026-08-21T01:57:08+02:00,TGT,Target,25,8,67,-13,https://feargreedmeter.com/top-100-most-popular-meme-stocks-today
2026-08-21T01:57:08+02:00,WEAT,Teucrium Wheat Fund,40,8,68,6,https://feargreedmeter.com/top-100-most-popular-meme-stocks-today
2026-08-21T01:57:08+02:00,API,Agora.io,20,8,69,1,https://feargreedmeter.com/top-100-most-popular-meme-stocks-today
2026-08-21T01:57:08+02:00,LINK,Interlink Electronics,12,8,70,4,https://feargreedmeter.com/top-100-most-popular-meme-stocks-today
2026-08-21T01:57:08+02:00,MMA,Alta Global Group,10,8,71,8,https://feargreedmeter.com/top-100-most-popular-meme-stocks-today
2026-08-21T01:57:08+02:00,FLUX,Flux Power,12,8,72,7,https://feargreedmeter.com/top-100-most-popular-meme-stocks-today
2026-08-21T01:57:08+02:00,SO,Southern Company,22,7,73,-2,https://feargreedmeter.com/top-100-most-popular-meme-stocks-today
2026-08-21T01:57:08+02:00,BABA,Alibaba,36,7,74,0,https://feargreedmeter.com/top-100-most-popular-meme-stocks-today
2026-08-21T01:57:08+02:00,ET,Energy Transfer Partners,23,7,75,-11,https://feargreedmeter.com/top-100-most-popular-meme-stocks-today
2026-08-21T01:57:08+02:00,VT,"Vanguard Group, Inc. - Vanguard Total World Stock ETF",11,7,76,1,https://feargreedmeter.com/top-100-most-popular-meme-stocks-today
2026-08-21T01:57:08+02:00,SOFI,SoFi,13,7,77,4,https://feargreedmeter.com/top-100-most-popular-meme-stocks-today
2026-08-21T01:57:08+02:00,ANY,Sphere 3D,21,7,78,5,https://feargreedmeter.com/top-100-most-popular-meme-stocks-today
2026-08-21T01:57:08+02:00,RIVN,Rivian,11,7,79,4,https://feargreedmeter.com/top-100-most-popular-meme-stocks-today
2026-08-21T01:57:08+02:00,BEEM,Beam Global,11,7,80,6,https://feargreedmeter.com/top-100-most-popular-meme-stocks-today
2026-08-21T01:57:08+02:00,SMA,SmartStop Self Storage REIT,8,7,81,6,https://feargreedmeter.com/top-100-most-popular-meme-stocks-today
2026-08-21T01:57:08+02:00,KEEL,Keel Infrastructure,15,7,82,2,https://feargreedmeter.com/top-100-most-popular-meme-stocks-today
2026-08-21T01:57:08+02:00,CSCO,Cisco,10,6,83,-2,https://feargreedmeter.com/top-100-most-popular-meme-stocks-today
2026-08-21T01:57:08+02:00,DE,Deere & Company,11,6,84,6,https://feargreedmeter.com/top-100-most-popular-meme-stocks-today
2026-08-21T01:57:08+02:00,UNH,UnitedHealth,9,6,85,-3,https://feargreedmeter.com/top-100-most-popular-meme-stocks-today
2026-08-21T01:57:08+02:00,IBKR,Interactive Brokers,12,6,86,-4,https://feargreedmeter.com/top-100-most-popular-meme-stocks-today
2026-08-21T01:57:08+02:00,OSIS,OSI Systems,7,6,87,6,https://feargreedmeter.com/top-100-most-popular-meme-stocks-today
2026-08-21T01:57:08+02:00,HIVE,HIVE Blockchain Technologies,10,6,88,4,https://feargreedmeter.com/top-100-most-popular-meme-stocks-today
2026-08-21T01:57:08+02:00,RR,Richtech Robotics,15,6,89,2,https://feargreedmeter.com/top-100-most-popular-meme-stocks-today
2026-08-21T01:57:08+02:00,UMAC,Unusual Machines,11,6,90,1,https://feargreedmeter.com/top-100-most-popular-meme-stocks-today
2026-08-21T01:57:08+02:00,DJT,Trump Media & Technology Group,115,6,91,3,https://feargreedmeter.com/top-100-most-popular-meme-stocks-today
2026-08-21T01:57:08+02:00,GL,Globe Life,13,5,92,4,https://feargreedmeter.com/top-100-most-popular-meme-stocks-today
2026-08-21T01:57:08+02:00,CC,Chemours,10,5,93,-9,https://feargreedmeter.com/top-100-most-popular-meme-stocks-today
2026-08-21T01:57:08+02:00,GO,Grocery Outlet,23,5,94,-3,https://feargreedmeter.com/top-100-most-popular-meme-stocks-today
2026-08-21T01:57:08+02:00,BJ,BJ's Wholesale Club,14,5,95,4,https://feargreedmeter.com/top-100-most-popular-meme-stocks-today
2026-08-21T01:57:08+02:00,VXUS,"Vanguard Group, Inc. - Vanguard Total International Stock ETF",14,5,96,1,https://feargreedmeter.com/top-100-most-popular-meme-stocks-today
2026-08-21T01:57:08+02:00,VTI,Vanguard Total Stock Market ETF,10,5,97,-5,https://feargreedmeter.com/top-100-most-popular-meme-stocks-today
2026-08-21T01:57:08+02:00,IWM,BlackRock Institutional Trust Company N.A. - BTC iShares Russell 2000,12,5,98,-1,https://feargreedmeter.com/top-100-most-popular-meme-stocks-today
2026-08-21T01:57:08+02:00,EVER,EverQuote,25,5,99,2,https://feargreedmeter.com/top-100-most-popular-meme-stocks-today
2026-08-21T01:57:08+02:00,NAT,Nordic American Tankers,85,5,100,4,https://feargreedmeter.com/top-100-most-popular-meme-stocks-today
2026-08-21T03:45:19+02:00,MRNA,Moderna,829,352,1,-448,https://feargreedmeter.com/top-100-most-popular-meme-stocks-today
2026-08-21T03:45:19+02:00,SPY,SPDR S&P 500 ETF Trust,1589,325,2,36,https://feargreedmeter.com/top-100-most-popular-meme-stocks-today
2026-08-21T03:45:19+02:00,RDDT,Reddit,567,186,3,97,https://feargreedmeter.com/top-100-most-popular-meme-stocks-today
2026-08-21T03:45:19+02:00,WMT,Walmart,1174,166,4,150,https://feargreedmeter.com/top-100-most-popular-meme-stocks-today
2026-08-21T03:45:19+02:00,MU,Micron Technology,1020,155,5,-33,https://feargreedmeter.com/top-100-most-popular-meme-stocks-today
2026-08-21T03:45:19+02:00,QQQ,Invesco QQQ ETF,801,132,6,58,https://feargreedmeter.com/top-100-most-popular-meme-stocks-today
2026-08-21T03:45:19+02:00,SNDK,Sandisk,432,102,7,-18,https://feargreedmeter.com/top-100-most-popular-meme-stocks-today
2026-08-21T03:45:19+02:00,META,Meta Platforms (Facebook),241,93,8,-1,https://feargreedmeter.com/top-100-most-popular-meme-stocks-today
2026-08-21T03:45:19+02:00,NVDA,NVIDIA,183,84,9,-3,https://feargreedmeter.com/top-100-most-popular-meme-stocks-today
2026-08-21T03:45:19+02:00,BULL,Webull,162,74,10,-19,https://feargreedmeter.com/top-100-most-popular-meme-stocks-today
2026-08-21T03:45:19+02:00,SPCX,SpaceX,131,70,11,23,https://feargreedmeter.com/top-100-most-popular-meme-stocks-today
2026-08-21T03:45:19+02:00,MSTR,MicroStrategy,106,54,12,6,https://feargreedmeter.com/top-100-most-popular-meme-stocks-today
2026-08-21T03:45:19+02:00,DTE,DTE Energy,180,53,13,-16,https://feargreedmeter.com/top-100-most-popular-meme-stocks-today
2026-08-21T03:45:19+02:00,RNA,Avidity Biosciences,114,52,14,-81,https://feargreedmeter.com/top-100-most-popular-meme-stocks-today
2026-08-21T03:45:19+02:00,GOOG,Alphabet (Google),210,51,15,2,https://feargreedmeter.com/top-100-most-popular-meme-stocks-today
2026-08-21T03:45:19+02:00,NBIS,Nebius Group,464,46,16,-100,https://feargreedmeter.com/top-100-most-popular-meme-stocks-today
2026-08-21T03:45:19+02:00,GOOGL,Alphabet (Google),134,44,17,0,https://feargreedmeter.com/top-100-most-popular-meme-stocks-today
2026-08-21T03:45:19+02:00,ASTS,AST SpaceMobile,262,38,18,23,https://feargreedmeter.com/top-100-most-popular-meme-stocks-today
2026-08-21T03:45:19+02:00,VOO,Vanguard S&P 500 ETF,138,33,19,-12,https://feargreedmeter.com/top-100-most-popular-meme-stocks-today
2026-08-21T03:45:19+02:00,SLS,Sellas Life Sciences,80,33,20,-30,https://feargreedmeter.com/top-100-most-popular-meme-stocks-today
2026-08-21T03:45:19+02:00,HOOD,Robinhood,70,31,21,11,https://feargreedmeter.com/top-100-most-popular-meme-stocks-today
2026-08-21T03:45:19+02:00,RKLB,Rocket Lab USA,74,30,22,11,https://feargreedmeter.com/top-100-most-popular-meme-stocks-today
2026-08-21T03:45:19+02:00,MSFT,Microsoft,69,28,23,-6,https://feargreedmeter.com/top-100-most-popular-meme-stocks-today
2026-08-21T03:45:19+02:00,AMD,AMD,111,28,24,-33,https://feargreedmeter.com/top-100-most-popular-meme-stocks-today
2026-08-21T03:45:19+02:00,TSLA,Tesla,43,25,25,-24,https://feargreedmeter.com/top-100-most-popular-meme-stocks-today
2026-08-21T03:45:19+02:00,AM,Antero Midstream,44,25,26,-11,https://feargreedmeter.com/top-100-most-popular-meme-stocks-today
2026-08-21T03:45:19+02:00,SMCI,Supermicro,34,23,27,22,https://feargreedmeter.com/top-100-most-popular-meme-stocks-today
2026-08-21T03:45:19+02:00,AAPL,Apple,50,22,28,-30,https://feargreedmeter.com/top-100-most-popular-meme-stocks-today
2026-08-21T03:45:19+02:00,GLD,SSgA SPDR Gold Shares,47,21,29,-15,https://feargreedmeter.com/top-100-most-popular-meme-stocks-today
2026-08-21T03:45:19+02:00,TLT,BlackRock Institutional Trust Company N.A. - BTC iShares 20+ Year Trea,31,21,30,-12,https://feargreedmeter.com/top-100-most-popular-meme-stocks-today
2026-08-21T03:45:19+02:00,HTZ,Hertz,23,21,31,-41,https://feargreedmeter.com/top-100-most-popular-meme-stocks-today
2026-08-21T03:45:19+02:00,SGOV,iShares Trust - iShares 0-3 Month Treasury Bond ETF,64,20,32,16,https://feargreedmeter.com/top-100-most-popular-meme-stocks-today
2026-08-21T03:45:19+02:00,TEM,Tempus AI,32,20,33,13,https://feargreedmeter.com/top-100-most-popular-meme-stocks-today
2026-08-21T03:45:19+02:00,MRVL,Marvell Technology Group,42,19,34,-65,https://feargreedmeter.com/top-100-most-popular-meme-stocks-today
2026-08-21T03:45:19+02:00,NFLX,Netflix,52,17,35,-21,https://feargreedmeter.com/top-100-most-popular-meme-stocks-today
2026-08-21T03:45:19+02:00,USO,United States Commodity Funds LLC - United States Oil Fund,29,17,36,7,https://feargreedmeter.com/top-100-most-popular-meme-stocks-today
2026-08-21T03:45:19+02:00,AMZN,Amazon,29,16,37,-9,https://feargreedmeter.com/top-100-most-popular-meme-stocks-today
2026-08-21T03:45:19+02:00,AVGO,Broadcom,31,16,38,-34,https://feargreedmeter.com/top-100-most-popular-meme-stocks-today
2026-08-21T03:45:19+02:00,ONDS,Ondas Holdings,27,16,39,10,https://feargreedmeter.com/top-100-most-popular-meme-stocks-today
2026-08-21T03:45:19+02:00,SOXL,Direxion Shares ETF Trust - Direxion Daily Semiconductor Bull 3X Share,26,15,40,2,https://feargreedmeter.com/top-100-most-popular-meme-stocks-today
2026-08-21T03:45:19+02:00,CAST,"FreeCast, Inc.",37,15,41,-17,https://feargreedmeter.com/top-100-most-popular-meme-stocks-today
2026-08-21T03:45:19+02:00,INTC,Intel,652,14,42,0,https://feargreedmeter.com/top-100-most-popular-meme-stocks-today
2026-08-21T03:45:19+02:00,COST,Costco,210,14,43,13,https://feargreedmeter.com/top-100-most-popular-meme-stocks-today
2026-08-21T03:45:19+02:00,YOU,CLEAR Secure,36,14,44,-8,https://feargreedmeter.com/top-100-most-popular-meme-stocks-today
2026-08-21T03:45:19+02:00,IT,Gartner,21,13,45,-2,https://feargreedmeter.com/top-100-most-popular-meme-stocks-today
2026-08-21T03:45:19+02:00,CD,Chindata,21,13,46,6,https://feargreedmeter.com/top-100-most-popular-meme-stocks-today
2026-08-21T03:45:19+02:00,ALL,Allstate,42,12,47,0,https://feargreedmeter.com/top-100-most-popular-meme-stocks-today
2026-08-21T03:45:19+02:00,BE,Bloom Energy,30,12,48,-6,https://feargreedmeter.com/top-100-most-popular-meme-stocks-today
2026-08-21T03:45:19+02:00,SCHD,Schwab Strategic Trust - CSIM Schwab US Dividend Equity ETF,100,12,49,-4,https://feargreedmeter.com/top-100-most-popular-meme-stocks-today
2026-08-21T03:45:19+02:00,NOW,ServiceNow,15,11,50,-13,https://feargreedmeter.com/top-100-most-popular-meme-stocks-today
2026-08-21T03:45:19+02:00,TTWO,Take 2 Interactive,12,11,51,9,https://feargreedmeter.com/top-100-most-popular-meme-stocks-today
2026-08-21T03:45:19+02:00,IQ,iQIYI,50,11,52,1,https://feargreedmeter.com/top-100-most-popular-meme-stocks-today
2026-08-21T03:45:19+02:00,IOVA,Iovance Biotherapeutics,15,11,53,9,https://feargreedmeter.com/top-100-most-popular-meme-stocks-today
2026-08-21T03:45:19+02:00,PLTR,Palantir,24,11,54,-1,https://feargreedmeter.com/top-100-most-popular-meme-stocks-today
2026-08-21T03:45:19+02:00,IREN,Iris Energy,30,11,55,8,https://feargreedmeter.com/top-100-most-popular-meme-stocks-today
2026-08-21T03:45:19+02:00,EU,enCore Energy,18,11,56,0,https://feargreedmeter.com/top-100-most-popular-meme-stocks-today
2026-08-21T03:45:19+02:00,ES,Eversource Energy,19,10,57,1,https://feargreedmeter.com/top-100-most-popular-meme-stocks-today
2026-08-21T03:45:19+02:00,ET,Energy Transfer Partners,29,10,58,-5,https://feargreedmeter.com/top-100-most-popular-meme-stocks-today
2026-08-21T03:45:19+02:00,UP,Wheels Up,46,10,59,0,https://feargreedmeter.com/top-100-most-popular-meme-stocks-today
2026-08-21T03:45:19+02:00,NKE,Nike,66,9,60,-7,https://feargreedmeter.com/top-100-most-popular-meme-stocks-today
2026-08-21T03:45:19+02:00,ROST,Ross Stores,244,9,61,9,https://feargreedmeter.com/top-100-most-popular-meme-stocks-today
2026-08-21T03:45:19+02:00,ON,ON Semiconductor,39,9,62,2,https://feargreedmeter.com/top-100-most-popular-meme-stocks-today
2026-08-21T03:45:19+02:00,HBM,Hudbay Minerals,100,9,63,-3,https://feargreedmeter.com/top-100-most-popular-meme-stocks-today
2026-08-21T03:45:19+02:00,BBC,ETFis Series Trust I - Virtus LifeSci Biotech Clinical Trials ETF,6,9,64,6,https://feargreedmeter.com/top-100-most-popular-meme-stocks-today
2026-08-21T03:45:19+02:00,PR,Permian Resources,49,9,65,3,https://feargreedmeter.com/top-100-most-popular-meme-stocks-today
2026-08-21T03:45:19+02:00,TGT,Target,27,8,66,-12,https://feargreedmeter.com/top-100-most-popular-meme-stocks-today
2026-08-21T03:45:19+02:00,NOK,Nokia,7,8,67,4,https://feargreedmeter.com/top-100-most-popular-meme-stocks-today
2026-08-21T03:45:19+02:00,FCF,First Commonwealth Financial Corp,791,8,68,-5,https://feargreedmeter.com/top-100-most-popular-meme-stocks-today
2026-08-21T03:45:19+02:00,API,Agora.io,22,8,69,1,https://feargreedmeter.com/top-100-most-popular-meme-stocks-today
2026-08-21T03:45:19+02:00,MMA,Alta Global Group,10,8,70,8,https://feargreedmeter.com/top-100-most-popular-meme-stocks-today
2026-08-21T03:45:19+02:00,FLUX,Flux Power,12,8,71,7,https://feargreedmeter.com/top-100-most-popular-meme-stocks-today
2026-08-21T03:45:19+02:00,SO,Southern Company,23,7,72,-2,https://feargreedmeter.com/top-100-most-popular-meme-stocks-today
2026-08-21T03:45:19+02:00,BABA,Alibaba,37,7,73,0,https://feargreedmeter.com/top-100-most-popular-meme-stocks-today
2026-08-21T03:45:19+02:00,VT,"Vanguard Group, Inc. - Vanguard Total World Stock ETF",11,7,74,2,https://feargreedmeter.com/top-100-most-popular-meme-stocks-today
2026-08-21T03:45:19+02:00,SOFI,SoFi,13,7,75,3,https://feargreedmeter.com/top-100-most-popular-meme-stocks-today
2026-08-21T03:45:19+02:00,LINK,Interlink Electronics,11,7,76,3,https://feargreedmeter.com/top-100-most-popular-meme-stocks-today
2026-08-21T03:45:19+02:00,BEEM,Beam Global,11,7,77,6,https://feargreedmeter.com/top-100-most-popular-meme-stocks-today
2026-08-21T03:45:19+02:00,KEEL,Keel Infrastructure,16,7,78,4,https://feargreedmeter.com/top-100-most-popular-meme-stocks-today
2026-08-21T03:45:19+02:00,CSCO,Cisco,10,6,79,-2,https://feargreedmeter.com/top-100-most-popular-meme-stocks-today
2026-08-21T03:45:19+02:00,DE,Deere & Company,11,6,80,6,https://feargreedmeter.com/top-100-most-popular-meme-stocks-today
2026-08-21T03:45:19+02:00,UNH,UnitedHealth,9,6,81,-3,https://feargreedmeter.com/top-100-most-popular-meme-stocks-today
2026-08-21T03:45:19+02:00,IBKR,Interactive Brokers,10,6,82,-6,https://feargreedmeter.com/top-100-most-popular-meme-stocks-today
2026-08-21T03:45:19+02:00,OSIS,OSI Systems,7,6,83,6,https://feargreedmeter.com/top-100-most-popular-meme-stocks-today
2026-08-21T03:45:19+02:00,ANY,Sphere 3D,23,6,84,4,https://feargreedmeter.com/top-100-most-popular-meme-stocks-today
2026-08-21T03:45:19+02:00,RIVN,Rivian,10,6,85,2,https://feargreedmeter.com/top-100-most-popular-meme-stocks-today
2026-08-21T03:45:19+02:00,HIVE,HIVE Blockchain Technologies,10,6,86,4,https://feargreedmeter.com/top-100-most-popular-meme-stocks-today
2026-08-21T03:45:19+02:00,RR,Richtech Robotics,14,6,87,2,https://feargreedmeter.com/top-100-most-popular-meme-stocks-today
2026-08-21T03:45:19+02:00,UMAC,Unusual Machines,11,6,88,1,https://feargreedmeter.com/top-100-most-popular-meme-stocks-today
2026-08-21T03:45:19+02:00,SMA,SmartStop Self Storage REIT,7,6,89,5,https://feargreedmeter.com/top-100-most-popular-meme-stocks-today
2026-08-21T03:45:19+02:00,GL,Globe Life,14,5,90,4,https://feargreedmeter.com/top-100-most-popular-meme-stocks-today
2026-08-21T03:45:19+02:00,GO,Grocery Outlet,26,5,91,-1,https://feargreedmeter.com/top-100-most-popular-meme-stocks-today
2026-08-21T03:45:19+02:00,BJ,BJ's Wholesale Club,15,5,92,4,https://feargreedmeter.com/top-100-most-popular-meme-stocks-today
2026-08-21T03:45:19+02:00,AGI,Alamos Gold,15,5,93,0,https://feargreedmeter.com/top-100-most-popular-meme-stocks-today
2026-08-21T03:45:19+02:00,VTI,Vanguard Total Stock Market ETF,8,5,94,-4,https://feargreedmeter.com/top-100-most-popular-meme-stocks-today
2026-08-21T03:45:19+02:00,IWM,BlackRock Institutional Trust Company N.A. - BTC iShares Russell 2000,11,5,95,1,https://feargreedmeter.com/top-100-most-popular-meme-stocks-today
2026-08-21T03:45:19+02:00,EVER,EverQuote,26,5,96,2,https://feargreedmeter.com/top-100-most-popular-meme-stocks-today
2026-08-21T03:45:19+02:00,GLP,Global Partners LP,15,5,97,-8,https://feargreedmeter.com/top-100-most-popular-meme-stocks-today
2026-08-21T03:45:19+02:00,LOT,Lotus Technology,5,5,98,2,https://feargreedmeter.com/top-100-most-popular-meme-stocks-today
2026-08-21T03:45:19+02:00,CRCL,Circle Internet Group,11,5,99,4,https://feargreedmeter.com/top-100-most-popular-meme-stocks-today
2026-08-21T03:45:19+02:00,PFE,Pfizer,11,4,100,3,https://feargreedmeter.com/top-100-most-popular-meme-stocks-today
2026-08-21T04:50:57+02:00,MRNA,Moderna,789,343,1,-475,https://feargreedmeter.com/top-100-most-popular-meme-stocks-today
2026-08-21T04:50:57+02:00,SPY,SPDR S&P 500 ETF Trust,1649,326,2,47,https://feargreedmeter.com/top-100-most-popular-meme-stocks-today
2026-08-21T04:50:57+02:00,RDDT,Reddit,577,186,3,95,https://feargreedmeter.com/top-100-most-popular-meme-stocks-today
2026-08-21T04:50:57+02:00,WMT,Walmart,1219,167,4,151,https://feargreedmeter.com/top-100-most-popular-meme-stocks-today
2026-08-21T04:50:57+02:00,MU,Micron Technology,1028,156,5,-35,https://feargreedmeter.com/top-100-most-popular-meme-stocks-today
2026-08-21T04:50:57+02:00,QQQ,Invesco QQQ ETF,860,134,6,56,https://feargreedmeter.com/top-100-most-popular-meme-stocks-today
2026-08-21T04:50:57+02:00,SNDK,Sandisk,432,100,7,-24,https://feargreedmeter.com/top-100-most-popular-meme-stocks-today
2026-08-21T04:50:57+02:00,META,Meta Platforms (Facebook),251,95,8,4,https://feargreedmeter.com/top-100-most-popular-meme-stocks-today
2026-08-21T04:50:57+02:00,NVDA,NVIDIA,198,88,9,1,https://feargreedmeter.com/top-100-most-popular-meme-stocks-today
2026-08-21T04:50:57+02:00,BULL,Webull,163,73,10,-23,https://feargreedmeter.com/top-100-most-popular-meme-stocks-today
2026-08-21T04:50:57+02:00,SPCX,SpaceX,113,70,11,25,https://feargreedmeter.com/top-100-most-popular-meme-stocks-today
2026-08-21T04:50:57+02:00,MSTR,MicroStrategy,110,59,12,10,https://feargreedmeter.com/top-100-most-popular-meme-stocks-today
2026-08-21T04:50:57+02:00,DTE,DTE Energy,192,53,13,-18,https://feargreedmeter.com/top-100-most-popular-meme-stocks-today
2026-08-21T04:50:57+02:00,GOOG,Alphabet (Google),202,49,14,0,https://feargreedmeter.com/top-100-most-popular-meme-stocks-today
2026-08-21T04:50:57+02:00,RNA,Avidity Biosciences,106,48,15,-87,https://feargreedmeter.com/top-100-most-popular-meme-stocks-today
2026-08-21T04:50:57+02:00,GOOGL,Alphabet (Google),142,46,16,1,https://feargreedmeter.com/top-100-most-popular-meme-stocks-today
2026-08-21T04:50:57+02:00,NBIS,Nebius Group,470,45,17,-100,https://feargreedmeter.com/top-100-most-popular-meme-stocks-today
2026-08-21T04:50:57+02:00,ASTS,AST SpaceMobile,266,39,18,24,https://feargreedmeter.com/top-100-most-popular-meme-stocks-today
2026-08-21T04:50:57+02:00,VOO,Vanguard S&P 500 ETF,145,34,19,-9,https://feargreedmeter.com/top-100-most-popular-meme-stocks-today
2026-08-21T04:50:57+02:00,HOOD,Robinhood,73,32,20,11,https://feargreedmeter.com/top-100-most-popular-meme-stocks-today
2026-08-21T04:50:57+02:00,SLS,Sellas Life Sciences,62,31,21,-32,https://feargreedmeter.com/top-100-most-popular-meme-stocks-today
2026-08-21T04:50:57+02:00,RKLB,Rocket Lab USA,75,30,22,11,https://feargreedmeter.com/top-100-most-popular-meme-stocks-today
2026-08-21T04:50:57+02:00,TSLA,Tesla,50,27,23,-21,https://feargreedmeter.com/top-100-most-popular-meme-stocks-today
2026-08-21T04:50:57+02:00,AMD,AMD,101,26,24,-34,https://feargreedmeter.com/top-100-most-popular-meme-stocks-today
2026-08-21T04:50:57+02:00,MSFT,Microsoft,60,24,25,-13,https://feargreedmeter.com/top-100-most-popular-meme-stocks-today
2026-08-21T04:50:57+02:00,SMCI,Supermicro,32,23,26,22,https://feargreedmeter.com/top-100-most-popular-meme-stocks-today
2026-08-21T04:50:57+02:00,AM,Antero Midstream,41,23,27,-14,https://feargreedmeter.com/top-100-most-popular-meme-stocks-today
2026-08-21T04:50:57+02:00,HTZ,Hertz,25,23,28,-39,https://feargreedmeter.com/top-100-most-popular-meme-stocks-today
2026-08-21T04:50:57+02:00,AAPL,Apple,51,22,29,-30,https://feargreedmeter.com/top-100-most-popular-meme-stocks-today
2026-08-21T04:50:57+02:00,TEM,Tempus AI,33,21,30,14,https://feargreedmeter.com/top-100-most-popular-meme-stocks-today
2026-08-21T04:50:57+02:00,GLD,SSgA SPDR Gold Shares,46,20,31,-20,https://feargreedmeter.com/top-100-most-popular-meme-stocks-today
2026-08-21T04:50:57+02:00,SGOV,iShares Trust - iShares 0-3 Month Treasury Bond ETF,64,20,32,16,https://feargreedmeter.com/top-100-most-popular-meme-stocks-today
2026-08-21T04:50:57+02:00,MRVL,Marvell Technology Group,43,19,33,-67,https://feargreedmeter.com/top-100-most-popular-meme-stocks-today
2026-08-21T04:50:57+02:00,TLT,BlackRock Institutional Trust Company N.A. - BTC iShares 20+ Year Trea,23,18,34,-16,https://feargreedmeter.com/top-100-most-popular-meme-stocks-today
2026-08-21T04:50:57+02:00,NFLX,Netflix,51,17,35,-21,https://feargreedmeter.com/top-100-most-popular-meme-stocks-today
2026-08-21T04:50:57+02:00,AMZN,Amazon,23,15,36,-12,https://feargreedmeter.com/top-100-most-popular-meme-stocks-today
2026-08-21T04:50:57+02:00,USO,United States Commodity Funds LLC - United States Oil Fund,24,15,37,4,https://feargreedmeter.com/top-100-most-popular-meme-stocks-today
2026-08-21T04:50:57+02:00,SOXL,Direxion Shares ETF Trust - Direxion Daily Semiconductor Bull 3X Share,27,15,38,2,https://feargreedmeter.com/top-100-most-popular-meme-stocks-today
2026-08-21T04:50:57+02:00,ONDS,Ondas Holdings,24,15,39,8,https://feargreedmeter.com/top-100-most-popular-meme-stocks-today
2026-08-21T04:50:57+02:00,CAST,"FreeCast, Inc.",38,15,40,-15,https://feargreedmeter.com/top-100-most-popular-meme-stocks-today
2026-08-21T04:50:57+02:00,COST,Costco,218,14,41,13,https://feargreedmeter.com/top-100-most-popular-meme-stocks-today
2026-08-21T04:50:57+02:00,AVGO,Broadcom,27,14,42,-39,https://feargreedmeter.com/top-100-most-popular-meme-stocks-today
2026-08-21T04:50:57+02:00,CD,Chindata,26,14,43,8,https://feargreedmeter.com/top-100-most-popular-meme-stocks-today
2026-08-21T04:50:57+02:00,INTC,Intel,645,13,44,-1,https://feargreedmeter.com/top-100-most-popular-meme-stocks-today
2026-08-21T04:50:57+02:00,IT,Gartner,25,13,45,-2,https://feargreedmeter.com/top-100-most-popular-meme-stocks-today
2026-08-21T04:50:57+02:00,YOU,CLEAR Secure,37,13,46,-8,https://feargreedmeter.com/top-100-most-popular-meme-stocks-today
2026-08-21T04:50:57+02:00,TTWO,Take 2 Interactive,13,12,47,10,https://feargreedmeter.com/top-100-most-popular-meme-stocks-today
2026-08-21T04:50:57+02:00,BE,Bloom Energy,29,12,48,-5,https://feargreedmeter.com/top-100-most-popular-meme-stocks-today
2026-08-21T04:50:57+02:00,SCHD,Schwab Strategic Trust - CSIM Schwab US Dividend Equity ETF,101,12,49,-4,https://feargreedmeter.com/top-100-most-popular-meme-stocks-today
2026-08-21T04:50:57+02:00,ALL,Allstate,42,11,50,-1,https://feargreedmeter.com/top-100-most-popular-meme-stocks-today
2026-08-21T04:50:57+02:00,IOVA,Iovance Biotherapeutics,16,11,51,9,https://feargreedmeter.com/top-100-most-popular-meme-stocks-today
2026-08-21T04:50:57+02:00,ET,Energy Transfer Partners,32,11,52,-3,https://feargreedmeter.com/top-100-most-popular-meme-stocks-today
2026-08-21T04:50:57+02:00,NOW,ServiceNow,18,10,53,-15,https://feargreedmeter.com/top-100-most-popular-meme-stocks-today
2026-08-21T04:50:57+02:00,IQ,iQIYI,55,10,54,0,https://feargreedmeter.com/top-100-most-popular-meme-stocks-today
2026-08-21T04:50:57+02:00,PLTR,Palantir,21,10,55,-3,https://feargreedmeter.com/top-100-most-popular-meme-stocks-today
2026-08-21T04:50:57+02:00,UP,Wheels Up,49,10,56,0,https://feargreedmeter.com/top-100-most-popular-meme-stocks-today
2026-08-21T04:50:57+02:00,IREN,Iris Energy,25,10,57,5,https://feargreedmeter.com/top-100-most-popular-meme-stocks-today
2026-08-21T04:50:57+02:00,PR,Permian Resources,60,10,58,5,https://feargreedmeter.com/top-100-most-popular-meme-stocks-today
2026-08-21T04:50:57+02:00,EU,enCore Energy,19,10,59,-2,https://feargreedmeter.com/top-100-most-popular-meme-stocks-today
2026-08-21T04:50:57+02:00,ES,Eversource Energy,17,9,60,-1,https://feargreedmeter.com/top-100-most-popular-meme-stocks-today
2026-08-21T04:50:57+02:00,NKE,Nike,70,9,61,-6,https://feargreedmeter.com/top-100-most-popular-meme-stocks-today
2026-08-21T04:50:57+02:00,ROST,Ross Stores,290,9,62,9,https://feargreedmeter.com/top-100-most-popular-meme-stocks-today
2026-08-21T04:50:57+02:00,ON,ON Semiconductor,40,9,63,-1,https://feargreedmeter.com/top-100-most-popular-meme-stocks-today
2026-08-21T04:50:57+02:00,HBM,Hudbay Minerals,103,9,64,-3,https://feargreedmeter.com/top-100-most-popular-meme-stocks-today
2026-08-21T04:50:57+02:00,BBC,ETFis Series Trust I - Virtus LifeSci Biotech Clinical Trials ETF,6,9,65,6,https://feargreedmeter.com/top-100-most-popular-meme-stocks-today
2026-08-21T04:50:57+02:00,API,Agora.io,20,9,66,4,https://feargreedmeter.com/top-100-most-popular-meme-stocks-today
2026-08-21T04:50:57+02:00,RR,Richtech Robotics,18,9,67,5,https://feargreedmeter.com/top-100-most-popular-meme-stocks-today
2026-08-21T04:50:57+02:00,TGT,Target,26,8,68,-11,https://feargreedmeter.com/top-100-most-popular-meme-stocks-today
2026-08-21T04:50:57+02:00,NOK,Nokia,7,8,69,4,https://feargreedmeter.com/top-100-most-popular-meme-stocks-today
2026-08-21T04:50:57+02:00,FCF,First Commonwealth Financial Corp,956,8,70,-4,https://feargreedmeter.com/top-100-most-popular-meme-stocks-today
2026-08-21T04:50:57+02:00,SOFI,SoFi,14,8,71,4,https://feargreedmeter.com/top-100-most-popular-meme-stocks-today
2026-08-21T04:50:57+02:00,MMA,Alta Global Group,10,8,72,8,https://feargreedmeter.com/top-100-most-popular-meme-stocks-today
2026-08-21T04:50:57+02:00,FLUX,Flux Power,12,8,73,7,https://feargreedmeter.com/top-100-most-popular-meme-stocks-today
2026-08-21T04:50:57+02:00,SMA,SmartStop Self Storage REIT,10,8,74,7,https://feargreedmeter.com/top-100-most-popular-meme-stocks-today
2026-08-21T04:50:57+02:00,SO,Southern Company,23,7,75,-1,https://feargreedmeter.com/top-100-most-popular-meme-stocks-today
2026-08-21T04:50:57+02:00,BABA,Alibaba,34,7,76,0,https://feargreedmeter.com/top-100-most-popular-meme-stocks-today
2026-08-21T04:50:57+02:00,VT,"Vanguard Group, Inc. - Vanguard Total World Stock ETF",11,7,77,3,https://feargreedmeter.com/top-100-most-popular-meme-stocks-today
2026-08-21T04:50:57+02:00,BEEM,Beam Global,11,7,78,6,https://feargreedmeter.com/top-100-most-popular-meme-stocks-today
2026-08-21T04:50:57+02:00,KEEL,Keel Infrastructure,16,7,79,4,https://feargreedmeter.com/top-100-most-popular-meme-stocks-today
2026-08-21T04:50:57+02:00,CSCO,Cisco,10,6,80,-2,https://feargreedmeter.com/top-100-most-popular-meme-stocks-today
2026-08-21T04:50:57+02:00,DE,Deere & Company,11,6,81,6,https://feargreedmeter.com/top-100-most-popular-meme-stocks-today
2026-08-21T04:50:57+02:00,IBKR,Interactive Brokers,15,6,82,-6,https://feargreedmeter.com/top-100-most-popular-meme-stocks-today
2026-08-21T04:50:57+02:00,GO,Grocery Outlet,31,6,83,0,https://feargreedmeter.com/top-100-most-popular-meme-stocks-today
2026-08-21T04:50:57+02:00,BJ,BJ's Wholesale Club,16,6,84,5,https://feargreedmeter.com/top-100-most-popular-meme-stocks-today
2026-08-21T04:50:57+02:00,VXUS,"Vanguard Group, Inc. - Vanguard Total International Stock ETF",10,6,85,3,https://feargreedmeter.com/top-100-most-popular-meme-stocks-today
2026-08-21T04:50:57+02:00,VTI,Vanguard Total Stock Market ETF,10,6,86,-3,https://feargreedmeter.com/top-100-most-popular-meme-stocks-today
2026-08-21T04:50:57+02:00,OSIS,OSI Systems,7,6,87,6,https://feargreedmeter.com/top-100-most-popular-meme-stocks-today
2026-08-21T04:50:57+02:00,ANY,Sphere 3D,23,6,88,4,https://feargreedmeter.com/top-100-most-popular-meme-stocks-today
2026-08-21T04:50:57+02:00,RIVN,Rivian,10,6,89,2,https://feargreedmeter.com/top-100-most-popular-meme-stocks-today
2026-08-21T04:50:57+02:00,HIVE,HIVE Blockchain Technologies,10,6,90,4,https://feargreedmeter.com/top-100-most-popular-meme-stocks-today
2026-08-21T04:50:57+02:00,SOUN,SoundHound AI,54,6,91,0,https://feargreedmeter.com/top-100-most-popular-meme-stocks-today
2026-08-21T04:50:57+02:00,LINK,Interlink Electronics,10,6,92,0,https://feargreedmeter.com/top-100-most-popular-meme-stocks-today
2026-08-21T04:50:57+02:00,UMAC,Unusual Machines,11,6,93,1,https://feargreedmeter.com/top-100-most-popular-meme-stocks-today
2026-08-21T04:50:57+02:00,UNH,UnitedHealth,7,5,94,-5,https://feargreedmeter.com/top-100-most-popular-meme-stocks-today
2026-08-21T04:50:57+02:00,AGI,Alamos Gold,20,5,95,1,https://feargreedmeter.com/top-100-most-popular-meme-stocks-today
2026-08-21T04:50:57+02:00,IWM,BlackRock Institutional Trust Company N.A. - BTC iShares Russell 2000,11,5,96,1,https://feargreedmeter.com/top-100-most-popular-meme-stocks-today
2026-08-21T04:50:57+02:00,EVER,EverQuote,23,5,97,2,https://feargreedmeter.com/top-100-most-popular-meme-stocks-today
2026-08-21T04:50:57+02:00,GLP,Global Partners LP,15,5,98,-8,https://feargreedmeter.com/top-100-most-popular-meme-stocks-today
2026-08-21T04:50:57+02:00,LOT,Lotus Technology,6,5,99,1,https://feargreedmeter.com/top-100-most-popular-meme-stocks-today
2026-08-21T04:50:57+02:00,CRWV,CoreWeave,12,5,100,-1,https://feargreedmeter.com/top-100-most-popular-meme-stocks-today
2026-08-21T05:41:38+02:00,MRNA,Moderna,755,332,1,-497,https://feargreedmeter.com/top-100-most-popular-meme-stocks-today
2026-08-21T05:41:38+02:00,SPY,SPDR S&P 500 ETF Trust,1669,330,2,56,https://feargreedmeter.com/top-100-most-popular-meme-stocks-today
2026-08-21T05:41:38+02:00,RDDT,Reddit,584,187,3,96,https://feargreedmeter.com/top-100-most-popular-meme-stocks-today
2026-08-21T05:41:38+02:00,WMT,Walmart,1289,168,4,153,https://feargreedmeter.com/top-100-most-popular-meme-stocks-today
2026-08-21T05:41:38+02:00,MU,Micron Technology,1023,156,5,-34,https://feargreedmeter.com/top-100-most-popular-meme-stocks-today
2026-08-21T05:41:38+02:00,QQQ,Invesco QQQ ETF,883,134,6,54,https://feargreedmeter.com/top-100-most-popular-meme-stocks-today
2026-08-21T05:41:38+02:00,SNDK,Sandisk,432,100,7,-20,https://feargreedmeter.com/top-100-most-popular-meme-stocks-today
2026-08-21T05:41:38+02:00,META,Meta Platforms (Facebook),262,96,8,5,https://feargreedmeter.com/top-100-most-popular-meme-stocks-today
2026-08-21T05:41:38+02:00,NVDA,NVIDIA,197,88,9,-1,https://feargreedmeter.com/top-100-most-popular-meme-stocks-today
2026-08-21T05:41:38+02:00,SPCX,SpaceX,126,71,10,25,https://feargreedmeter.com/top-100-most-popular-meme-stocks-today
2026-08-21T05:41:38+02:00,BULL,Webull,158,70,11,-27,https://feargreedmeter.com/top-100-most-popular-meme-stocks-today
2026-08-21T05:41:38+02:00,MSTR,MicroStrategy,116,62,12,13,https://feargreedmeter.com/top-100-most-popular-meme-stocks-today
2026-08-21T05:41:38+02:00,DTE,DTE Energy,194,53,13,-21,https://feargreedmeter.com/top-100-most-popular-meme-stocks-today
2026-08-21T05:41:38+02:00,GOOG,Alphabet (Google),203,49,14,0,https://feargreedmeter.com/top-100-most-popular-meme-stocks-today
2026-08-21T05:41:38+02:00,GOOGL,Alphabet (Google),141,46,15,0,https://feargreedmeter.com/top-100-most-popular-meme-stocks-today
2026-08-21T05:41:38+02:00,RNA,Avidity Biosciences,105,45,16,-95,https://feargreedmeter.com/top-100-most-popular-meme-stocks-today
2026-08-21T05:41:38+02:00,NBIS,Nebius Group,475,45,17,-100,https://feargreedmeter.com/top-100-most-popular-meme-stocks-today
2026-08-21T05:41:38+02:00,ASTS,AST SpaceMobile,281,39,18,24,https://feargreedmeter.com/top-100-most-popular-meme-stocks-today
2026-08-21T05:41:38+02:00,VOO,Vanguard S&P 500 ETF,129,34,19,-7,https://feargreedmeter.com/top-100-most-popular-meme-stocks-today
2026-08-21T05:41:38+02:00,HOOD,Robinhood,75,33,20,12,https://feargreedmeter.com/top-100-most-popular-meme-stocks-today
2026-08-21T05:41:38+02:00,SLS,Sellas Life Sciences,70,30,21,-35,https://feargreedmeter.com/top-100-most-popular-meme-stocks-today
2026-08-21T05:41:38+02:00,RKLB,Rocket Lab USA,70,28,22,8,https://feargreedmeter.com/top-100-most-popular-meme-stocks-today
2026-08-21T05:41:38+02:00,TSLA,Tesla,49,27,23,-20,https://feargreedmeter.com/top-100-most-popular-meme-stocks-today
2026-08-21T05:41:38+02:00,AMD,AMD,104,26,24,-35,https://feargreedmeter.com/top-100-most-popular-meme-stocks-today
2026-08-21T05:41:38+02:00,MSFT,Microsoft,62,23,25,-15,https://feargreedmeter.com/top-100-most-popular-meme-stocks-today
2026-08-21T05:41:38+02:00,SMCI,Supermicro,33,23,26,22,https://feargreedmeter.com/top-100-most-popular-meme-stocks-today
2026-08-21T05:41:38+02:00,AM,Antero Midstream,41,23,27,-13,https://feargreedmeter.com/top-100-most-popular-meme-stocks-today
2026-08-21T05:41:38+02:00,HTZ,Hertz,29,23,28,-39,https://feargreedmeter.com/top-100-most-popular-meme-stocks-today
2026-08-21T05:41:38+02:00,AAPL,Apple,52,22,29,-29,https://feargreedmeter.com/top-100-most-popular-meme-stocks-today
2026-08-21T05:41:38+02:00,GLD,SSgA SPDR Gold Shares,49,21,30,-19,https://feargreedmeter.com/top-100-most-popular-meme-stocks-today
2026-08-21T05:41:38+02:00,SGOV,iShares Trust - iShares 0-3 Month Treasury Bond ETF,67,20,31,16,https://feargreedmeter.com/top-100-most-popular-meme-stocks-today
2026-08-21T05:41:38+02:00,TEM,Tempus AI,26,20,32,12,https://feargreedmeter.com/top-100-most-popular-meme-stocks-today
2026-08-21T05:41:38+02:00,MRVL,Marvell Technology Group,43,19,33,-67,https://feargreedmeter.com/top-100-most-popular-meme-stocks-today
2026-08-21T05:41:38+02:00,TLT,BlackRock Institutional Trust Company N.A. - BTC iShares 20+ Year Trea,18,19,34,-15,https://feargreedmeter.com/top-100-most-popular-meme-stocks-today
2026-08-21T05:41:38+02:00,NFLX,Netflix,52,18,35,-20,https://feargreedmeter.com/top-100-most-popular-meme-stocks-today
2026-08-21T05:41:38+02:00,SOXL,Direxion Shares ETF Trust - Direxion Daily Semiconductor Bull 3X Share,29,17,36,4,https://feargreedmeter.com/top-100-most-popular-meme-stocks-today
2026-08-21T05:41:38+02:00,AMZN,Amazon,23,15,37,-14,https://feargreedmeter.com/top-100-most-popular-meme-stocks-today
2026-08-21T05:41:38+02:00,USO,United States Commodity Funds LLC - United States Oil Fund,24,15,38,3,https://feargreedmeter.com/top-100-most-popular-meme-stocks-today
2026-08-21T05:41:38+02:00,ONDS,Ondas Holdings,24,15,39,8,https://feargreedmeter.com/top-100-most-popular-meme-stocks-today
2026-08-21T05:41:38+02:00,CAST,"FreeCast, Inc.",34,15,40,-15,https://feargreedmeter.com/top-100-most-popular-meme-stocks-today
2026-08-21T05:41:38+02:00,INTC,Intel,646,14,41,0,https://feargreedmeter.com/top-100-most-popular-meme-stocks-today
2026-08-21T05:41:38+02:00,COST,Costco,225,14,42,13,https://feargreedmeter.com/top-100-most-popular-meme-stocks-today
2026-08-21T05:41:38+02:00,AVGO,Broadcom,26,14,43,-39,https://feargreedmeter.com/top-100-most-popular-meme-stocks-today
2026-08-21T05:41:38+02:00,IT,Gartner,23,13,44,-2,https://feargreedmeter.com/top-100-most-popular-meme-stocks-today
2026-08-21T05:41:38+02:00,YOU,CLEAR Secure,36,13,45,-8,https://feargreedmeter.com/top-100-most-popular-meme-stocks-today
2026-08-21T05:41:38+02:00,CD,Chindata,31,13,46,7,https://feargreedmeter.com/top-100-most-popular-meme-stocks-today
2026-08-21T05:41:38+02:00,TTWO,Take 2 Interactive,13,12,47,10,https://feargreedmeter.com/top-100-most-popular-meme-stocks-today
2026-08-21T05:41:38+02:00,BE,Bloom Energy,29,12,48,-5,https://feargreedmeter.com/top-100-most-popular-meme-stocks-today
2026-08-21T05:41:38+02:00,ALL,Allstate,41,11,49,-1,https://feargreedmeter.com/top-100-most-popular-meme-stocks-today
2026-08-21T05:41:38+02:00,IOVA,Iovance Biotherapeutics,16,11,50,9,https://feargreedmeter.com/top-100-most-popular-meme-stocks-today
2026-08-21T05:41:38+02:00,ET,Energy Transfer Partners,36,11,51,-3,https://feargreedmeter.com/top-100-most-popular-meme-stocks-today
2026-08-21T05:41:38+02:00,SCHD,Schwab Strategic Trust - CSIM Schwab US Dividend Equity ETF,104,11,52,-7,https://feargreedmeter.com/top-100-most-popular-meme-stocks-today
2026-08-21T05:41:38+02:00,PR,Permian Resources,71,11,53,6,https://feargreedmeter.com/top-100-most-popular-meme-stocks-today
2026-08-21T05:41:38+02:00,NOW,ServiceNow,19,10,54,-15,https://feargreedmeter.com/top-100-most-popular-meme-stocks-today
2026-08-21T05:41:38+02:00,IQ,iQIYI,59,10,55,-1,https://feargreedmeter.com/top-100-most-popular-meme-stocks-today
2026-08-21T05:41:38+02:00,PLTR,Palantir,20,10,56,-3,https://feargreedmeter.com/top-100-most-popular-meme-stocks-today
2026-08-21T05:41:38+02:00,UP,Wheels Up,48,10,57,-1,https://feargreedmeter.com/top-100-most-popular-meme-stocks-today
2026-08-21T05:41:38+02:00,IREN,Iris Energy,26,10,58,5,https://feargreedmeter.com/top-100-most-popular-meme-stocks-today
2026-08-21T05:41:38+02:00,EU,enCore Energy,18,10,59,-3,https://feargreedmeter.com/top-100-most-popular-meme-stocks-today
2026-08-21T05:41:38+02:00,NKE,Nike,67,9,60,-5,https://feargreedmeter.com/top-100-most-popular-meme-stocks-today
2026-08-21T05:41:38+02:00,ROST,Ross Stores,336,9,61,9,https://feargreedmeter.com/top-100-most-popular-meme-stocks-today
2026-08-21T05:41:38+02:00,BBC,ETFis Series Trust I - Virtus LifeSci Biotech Clinical Trials ETF,6,9,62,6,https://feargreedmeter.com/top-100-most-popular-meme-stocks-today
2026-08-21T05:41:38+02:00,RR,Richtech Robotics,21,9,63,5,https://feargreedmeter.com/top-100-most-popular-meme-stocks-today
2026-08-21T05:41:38+02:00,ES,Eversource Energy,12,8,64,-2,https://feargreedmeter.com/top-100-most-popular-meme-stocks-today
2026-08-21T05:41:38+02:00,TGT,Target,28,8,65,-11,https://feargreedmeter.com/top-100-most-popular-meme-stocks-today
2026-08-21T05:41:38+02:00,ON,ON Semiconductor,36,8,66,-1,https://feargreedmeter.com/top-100-most-popular-meme-stocks-today
2026-08-21T05:41:38+02:00,NOK,Nokia,7,8,67,4,https://feargreedmeter.com/top-100-most-popular-meme-stocks-today
2026-08-21T05:41:38+02:00,HBM,Hudbay Minerals,96,8,68,-4,https://feargreedmeter.com/top-100-most-popular-meme-stocks-today
2026-08-21T05:41:38+02:00,FCF,First Commonwealth Financial Corp,1081,8,69,-5,https://feargreedmeter.com/top-100-most-popular-meme-stocks-today
2026-08-21T05:41:38+02:00,SOFI,SoFi,14,8,70,4,https://feargreedmeter.com/top-100-most-popular-meme-stocks-today
2026-08-21T05:41:38+02:00,API,Agora.io,23,8,71,3,https://feargreedmeter.com/top-100-most-popular-meme-stocks-today
2026-08-21T05:41:38+02:00,MMA,Alta Global Group,10,8,72,8,https://feargreedmeter.com/top-100-most-popular-meme-stocks-today
2026-08-21T05:41:38+02:00,FLUX,Flux Power,12,8,73,7,https://feargreedmeter.com/top-100-most-popular-meme-stocks-today
2026-08-21T05:41:38+02:00,SMA,SmartStop Self Storage REIT,10,8,74,7,https://feargreedmeter.com/top-100-most-popular-meme-stocks-today
2026-08-21T05:41:38+02:00,BABA,Alibaba,35,7,75,0,https://feargreedmeter.com/top-100-most-popular-meme-stocks-today
2026-08-21T05:41:38+02:00,VXUS,"Vanguard Group, Inc. - Vanguard Total International Stock ETF",10,7,76,4,https://feargreedmeter.com/top-100-most-popular-meme-stocks-today
2026-08-21T05:41:38+02:00,VT,"Vanguard Group, Inc. - Vanguard Total World Stock ETF",13,7,77,1,https://feargreedmeter.com/top-100-most-popular-meme-stocks-today
2026-08-21T05:41:38+02:00,BEEM,Beam Global,11,7,78,6,https://feargreedmeter.com/top-100-most-popular-meme-stocks-today
2026-08-21T05:41:38+02:00,KEEL,Keel Infrastructure,16,7,79,4,https://feargreedmeter.com/top-100-most-popular-meme-stocks-today
2026-08-21T05:41:38+02:00,CSCO,Cisco,10,6,80,-2,https://feargreedmeter.com/top-100-most-popular-meme-stocks-today
2026-08-21T05:41:38+02:00,DE,Deere & Company,11,6,81,6,https://feargreedmeter.com/top-100-most-popular-meme-stocks-today
2026-08-21T05:41:38+02:00,IBKR,Interactive Brokers,15,6,82,-6,https://feargreedmeter.com/top-100-most-popular-meme-stocks-today
2026-08-21T05:41:38+02:00,GO,Grocery Outlet,28,6,83,0,https://feargreedmeter.com/top-100-most-popular-meme-stocks-today
2026-08-21T05:41:38+02:00,BJ,BJ's Wholesale Club,17,6,84,5,https://feargreedmeter.com/top-100-most-popular-meme-stocks-today
2026-08-21T05:41:38+02:00,VTI,Vanguard Total Stock Market ETF,9,6,85,-3,https://feargreedmeter.com/top-100-most-popular-meme-stocks-today
2026-08-21T05:41:38+02:00,OSIS,OSI Systems,7,6,86,6,https://feargreedmeter.com/top-100-most-popular-meme-stocks-today
2026-08-21T05:41:38+02:00,ANY,Sphere 3D,23,6,87,4,https://feargreedmeter.com/top-100-most-popular-meme-stocks-today
2026-08-21T05:41:38+02:00,HIVE,HIVE Blockchain Technologies,10,6,88,4,https://feargreedmeter.com/top-100-most-popular-meme-stocks-today
2026-08-21T05:41:38+02:00,SOUN,SoundHound AI,68,6,89,0,https://feargreedmeter.com/top-100-most-popular-meme-stocks-today
2026-08-21T05:41:38+02:00,UMAC,Unusual Machines,11,6,90,1,https://feargreedmeter.com/top-100-most-popular-meme-stocks-today
2026-08-21T05:41:38+02:00,LOT,Lotus Technology,7,6,91,2,https://feargreedmeter.com/top-100-most-popular-meme-stocks-today
2026-08-21T05:41:38+02:00,AAP,Advance Auto Parts,8,5,92,4,https://feargreedmeter.com/top-100-most-popular-meme-stocks-today
2026-08-21T05:41:38+02:00,SO,Southern Company,18,5,93,-5,https://feargreedmeter.com/top-100-most-popular-meme-stocks-today
2026-08-21T05:41:38+02:00,UNH,UnitedHealth,7,5,94,-4,https://feargreedmeter.com/top-100-most-popular-meme-stocks-today
2026-08-21T05:41:38+02:00,WTI,W&T Offshore,11,5,95,4,https://feargreedmeter.com/top-100-most-popular-meme-stocks-today
2026-08-21T05:41:38+02:00,EVER,EverQuote,23,5,96,2,https://feargreedmeter.com/top-100-most-popular-meme-stocks-today
2026-08-21T05:41:38+02:00,MARA,Marathon Digital Holdings,10,5,97,5,https://feargreedmeter.com/top-100-most-popular-meme-stocks-today
2026-08-21T05:41:38+02:00,RIVN,Rivian,8,5,98,0,https://feargreedmeter.com/top-100-most-popular-meme-stocks-today
2026-08-21T05:41:38+02:00,GLP,Global Partners LP,15,5,99,-8,https://feargreedmeter.com/top-100-most-popular-meme-stocks-today
2026-08-21T05:41:38+02:00,LINK,Interlink Electronics,8,5,100,-1,https://feargreedmeter.com/top-100-most-popular-meme-stocks-today
2026-08-21T06:23:39+02:00,MRNA,Moderna,746,329,1,-511,https://feargreedmeter.com/top-100-most-popular-meme-stocks-today
2026-08-21T06:23:39+02:00,SPY,SPDR S&P 500 ETF Trust,1676,329,2,57,https://feargreedmeter.com/top-100-most-popular-meme-stocks-today
2026-08-21T06:23:39+02:00,RDDT,Reddit,580,184,3,95,https://feargreedmeter.com/top-100-most-popular-meme-stocks-today
2026-08-21T06:23:39+02:00,WMT,Walmart,1333,169,4,154,https://feargreedmeter.com/top-100-most-popular-meme-stocks-today
2026-08-21T06:23:39+02:00,MU,Micron Technology,1026,157,5,-34,https://feargreedmeter.com/top-100-most-popular-meme-stocks-today
2026-08-21T06:23:39+02:00,QQQ,Invesco QQQ ETF,899,134,6,52,https://feargreedmeter.com/top-100-most-popular-meme-stocks-today
2026-08-21T06:23:39+02:00,SNDK,Sandisk,397,103,7,-21,https://feargreedmeter.com/top-100-most-popular-meme-stocks-today
2026-08-21T06:23:39+02:00,META,Meta Platforms (Facebook),283,96,8,6,https://feargreedmeter.com/top-100-most-popular-meme-stocks-today
2026-08-21T06:23:39+02:00,NVDA,NVIDIA,194,90,9,0,https://feargreedmeter.com/top-100-most-popular-meme-stocks-today
2026-08-21T06:23:39+02:00,SPCX,SpaceX,124,73,10,26,https://feargreedmeter.com/top-100-most-popular-meme-stocks-today
2026-08-21T06:23:39+02:00,BULL,Webull,142,65,11,-37,https://feargreedmeter.com/top-100-most-popular-meme-stocks-today
2026-08-21T06:23:39+02:00,MSTR,MicroStrategy,114,62,12,13,https://feargreedmeter.com/top-100-most-popular-meme-stocks-today
2026-08-21T06:23:39+02:00,DTE,DTE Energy,202,54,13,-21,https://feargreedmeter.com/top-100-most-popular-meme-stocks-today
2026-08-21T06:23:39+02:00,GOOG,Alphabet (Google),203,50,14,1,https://feargreedmeter.com/top-100-most-popular-meme-stocks-today
2026-08-21T06:23:39+02:00,GOOGL,Alphabet (Google),136,45,15,-1,https://feargreedmeter.com/top-100-most-popular-meme-stocks-today
2026-08-21T06:23:39+02:00,NBIS,Nebius Group,480,45,16,-99,https://feargreedmeter.com/top-100-most-popular-meme-stocks-today
2026-08-21T06:23:39+02:00,RNA,Avidity Biosciences,102,44,17,-97,https://feargreedmeter.com/top-100-most-popular-meme-stocks-today
2026-08-21T06:23:39+02:00,ASTS,AST SpaceMobile,283,39,18,24,https://feargreedmeter.com/top-100-most-popular-meme-stocks-today
2026-08-21T06:23:39+02:00,HOOD,Robinhood,75,34,19,13,https://feargreedmeter.com/top-100-most-popular-meme-stocks-today
2026-08-21T06:23:39+02:00,VOO,Vanguard S&P 500 ETF,128,32,20,-11,https://feargreedmeter.com/top-100-most-popular-meme-stocks-today
2026-08-21T06:23:39+02:00,SLS,Sellas Life Sciences,69,31,21,-35,https://feargreedmeter.com/top-100-most-popular-meme-stocks-today
2026-08-21T06:23:39+02:00,TSLA,Tesla,40,29,22,-17,https://feargreedmeter.com/top-100-most-popular-meme-stocks-today
2026-08-21T06:23:39+02:00,RKLB,Rocket Lab USA,68,28,23,7,https://feargreedmeter.com/top-100-most-popular-meme-stocks-today
2026-08-21T06:23:39+02:00,AMD,AMD,101,27,24,-34,https://feargreedmeter.com/top-100-most-popular-meme-stocks-today
2026-08-21T06:23:39+02:00,AM,Antero Midstream,48,27,25,-8,https://feargreedmeter.com/top-100-most-popular-meme-stocks-today
2026-08-21T06:23:39+02:00,SMCI,Supermicro,34,23,26,22,https://feargreedmeter.com/top-100-most-popular-meme-stocks-today
2026-08-21T06:23:39+02:00,GLD,SSgA SPDR Gold Shares,52,23,27,-17,https://feargreedmeter.com/top-100-most-popular-meme-stocks-today
2026-08-21T06:23:39+02:00,HTZ,Hertz,28,23,28,-39,https://feargreedmeter.com/top-100-most-popular-meme-stocks-today
2026-08-21T06:23:39+02:00,MSFT,Microsoft,65,22,29,-17,https://feargreedmeter.com/top-100-most-popular-meme-stocks-today
2026-08-21T06:23:39+02:00,AAPL,Apple,52,22,30,-29,https://feargreedmeter.com/top-100-most-popular-meme-stocks-today
2026-08-21T06:23:39+02:00,SGOV,iShares Trust - iShares 0-3 Month Treasury Bond ETF,69,21,31,17,https://feargreedmeter.com/top-100-most-popular-meme-stocks-today
2026-08-21T06:23:39+02:00,MRVL,Marvell Technology Group,44,19,32,-66,https://feargreedmeter.com/top-100-most-popular-meme-stocks-today
2026-08-21T06:23:39+02:00,TLT,BlackRock Institutional Trust Company N.A. - BTC iShares 20+ Year Trea,19,19,33,-18,https://feargreedmeter.com/top-100-most-popular-meme-stocks-today
2026-08-21T06:23:39+02:00,TEM,Tempus AI,23,19,34,9,https://feargreedmeter.com/top-100-most-popular-meme-stocks-today
2026-08-21T06:23:39+02:00,NFLX,Netflix,58,18,35,-20,https://feargreedmeter.com/top-100-most-popular-meme-stocks-today
2026-08-21T06:23:39+02:00,AMZN,Amazon,25,17,36,-11,https://feargreedmeter.com/top-100-most-popular-meme-stocks-today
2026-08-21T06:23:39+02:00,SOXL,Direxion Shares ETF Trust - Direxion Daily Semiconductor Bull 3X Share,29,17,37,4,https://feargreedmeter.com/top-100-most-popular-meme-stocks-today
2026-08-21T06:23:39+02:00,USO,United States Commodity Funds LLC - United States Oil Fund,24,15,38,3,https://feargreedmeter.com/top-100-most-popular-meme-stocks-today
2026-08-21T06:23:39+02:00,ONDS,Ondas Holdings,25,15,39,9,https://feargreedmeter.com/top-100-most-popular-meme-stocks-today
2026-08-21T06:23:39+02:00,CAST,"FreeCast, Inc.",36,15,40,-15,https://feargreedmeter.com/top-100-most-popular-meme-stocks-today
2026-08-21T06:23:39+02:00,COST,Costco,230,14,41,13,https://feargreedmeter.com/top-100-most-popular-meme-stocks-today
2026-08-21T06:23:39+02:00,AVGO,Broadcom,27,14,42,-39,https://feargreedmeter.com/top-100-most-popular-meme-stocks-today
2026-08-21T06:23:39+02:00,INTC,Intel,646,13,43,-1,https://feargreedmeter.com/top-100-most-popular-meme-stocks-today
2026-08-21T06:23:39+02:00,IT,Gartner,23,13,44,-1,https://feargreedmeter.com/top-100-most-popular-meme-stocks-today
2026-08-21T06:23:39+02:00,YOU,CLEAR Secure,34,13,45,-8,https://feargreedmeter.com/top-100-most-popular-meme-stocks-today
2026-08-21T06:23:39+02:00,CD,Chindata,34,13,46,8,https://feargreedmeter.com/top-100-most-popular-meme-stocks-today
2026-08-21T06:23:39+02:00,TTWO,Take 2 Interactive,13,12,47,10,https://feargreedmeter.com/top-100-most-popular-meme-stocks-today
2026-08-21T06:23:39+02:00,ALL,Allstate,43,11,48,-2,https://feargreedmeter.com/top-100-most-popular-meme-stocks-today
2026-08-21T06:23:39+02:00,IOVA,Iovance Biotherapeutics,16,11,49,9,https://feargreedmeter.com/top-100-most-popular-meme-stocks-today
2026-08-21T06:23:39+02:00,ET,Energy Transfer Partners,36,11,50,-3,https://feargreedmeter.com/top-100-most-popular-meme-stocks-today
2026-08-21T06:23:39+02:00,BE,Bloom Energy,27,11,51,-6,https://feargreedmeter.com/top-100-most-popular-meme-stocks-today
2026-08-21T06:23:39+02:00,SCHD,Schwab Strategic Trust - CSIM Schwab US Dividend Equity ETF,109,11,52,-8,https://feargreedmeter.com/top-100-most-popular-meme-stocks-today
2026-08-21T06:23:39+02:00,NKE,Nike,81,10,53,-4,https://feargreedmeter.com/top-100-most-popular-meme-stocks-today
2026-08-21T06:23:39+02:00,NOW,ServiceNow,17,10,54,-16,https://feargreedmeter.com/top-100-most-popular-meme-stocks-today
2026-08-21T06:23:39+02:00,IQ,iQIYI,61,10,55,-1,https://feargreedmeter.com/top-100-most-popular-meme-stocks-today
2026-08-21T06:23:39+02:00,UP,Wheels Up,49,10,56,0,https://feargreedmeter.com/top-100-most-popular-meme-stocks-today
2026-08-21T06:23:39+02:00,IREN,Iris Energy,25,10,57,5,https://feargreedmeter.com/top-100-most-popular-meme-stocks-today
2026-08-21T06:23:39+02:00,PR,Permian Resources,80,10,58,6,https://feargreedmeter.com/top-100-most-popular-meme-stocks-today
2026-08-21T06:23:39+02:00,ROST,Ross Stores,368,9,59,9,https://feargreedmeter.com/top-100-most-popular-meme-stocks-today
2026-08-21T06:23:39+02:00,PLTR,Palantir,18,9,60,-3,https://feargreedmeter.com/top-100-most-popular-meme-stocks-today
2026-08-21T06:23:39+02:00,BBC,ETFis Series Trust I - Virtus LifeSci Biotech Clinical Trials ETF,6,9,61,6,https://feargreedmeter.com/top-100-most-popular-meme-stocks-today
2026-08-21T06:23:39+02:00,EU,enCore Energy,16,9,62,-4,https://feargreedmeter.com/top-100-most-popular-meme-stocks-today
2026-08-21T06:23:39+02:00,RR,Richtech Robotics,20,9,63,5,https://feargreedmeter.com/top-100-most-popular-meme-stocks-today
2026-08-21T06:23:39+02:00,ES,Eversource Energy,12,8,64,-3,https://feargreedmeter.com/top-100-most-popular-meme-stocks-today
2026-08-21T06:23:39+02:00,TGT,Target,28,8,65,-11,https://feargreedmeter.com/top-100-most-popular-meme-stocks-today
2026-08-21T06:23:39+02:00,BABA,Alibaba,39,8,66,2,https://feargreedmeter.com/top-100-most-popular-meme-stocks-today
2026-08-21T06:23:39+02:00,NOK,Nokia,7,8,67,4,https://feargreedmeter.com/top-100-most-popular-meme-stocks-today
2026-08-21T06:23:39+02:00,HBM,Hudbay Minerals,100,8,68,-5,https://feargreedmeter.com/top-100-most-popular-meme-stocks-today
2026-08-21T06:23:39+02:00,VT,"Vanguard Group, Inc. - Vanguard Total World Stock ETF",15,8,69,1,https://feargreedmeter.com/top-100-most-popular-meme-stocks-today
2026-08-21T06:23:39+02:00,FCF,First Commonwealth Financial Corp,1160,8,70,-5,https://feargreedmeter.com/top-100-most-popular-meme-stocks-today
2026-08-21T06:23:39+02:00,SOFI,SoFi,14,8,71,4,https://feargreedmeter.com/top-100-most-popular-meme-stocks-today
2026-08-21T06:23:39+02:00,API,Agora.io,23,8,72,3,https://feargreedmeter.com/top-100-most-popular-meme-stocks-today
2026-08-21T06:23:39+02:00,MMA,Alta Global Group,10,8,73,8,https://feargreedmeter.com/top-100-most-popular-meme-stocks-today
2026-08-21T06:23:39+02:00,FLUX,Flux Power,12,8,74,7,https://feargreedmeter.com/top-100-most-popular-meme-stocks-today
2026-08-21T06:23:39+02:00,SMA,SmartStop Self Storage REIT,10,8,75,7,https://feargreedmeter.com/top-100-most-popular-meme-stocks-today
2026-08-21T06:23:39+02:00,ON,ON Semiconductor,39,7,76,-3,https://feargreedmeter.com/top-100-most-popular-meme-stocks-today
2026-08-21T06:23:39+02:00,BJ,BJ's Wholesale Club,18,7,77,6,https://feargreedmeter.com/top-100-most-popular-meme-stocks-today
2026-08-21T06:23:39+02:00,VXUS,"Vanguard Group, Inc. - Vanguard Total International Stock ETF",9,7,78,3,https://feargreedmeter.com/top-100-most-popular-meme-stocks-today
2026-08-21T06:23:39+02:00,BEEM,Beam Global,11,7,79,6,https://feargreedmeter.com/top-100-most-popular-meme-stocks-today
2026-08-21T06:23:39+02:00,KEEL,Keel Infrastructure,16,7,80,4,https://feargreedmeter.com/top-100-most-popular-meme-stocks-today
2026-08-21T06:23:39+02:00,CSCO,Cisco,10,6,81,-2,https://feargreedmeter.com/top-100-most-popular-meme-stocks-today
2026-08-21T06:23:39+02:00,DE,Deere & Company,11,6,82,6,https://feargreedmeter.com/top-100-most-popular-meme-stocks-today
2026-08-21T06:23:39+02:00,UNH,UnitedHealth,8,6,83,-3,https://feargreedmeter.com/top-100-most-popular-meme-stocks-today
2026-08-21T06:23:39+02:00,IBKR,Interactive Brokers,18,6,84,-6,https://feargreedmeter.com/top-100-most-popular-meme-stocks-today
2026-08-21T06:23:39+02:00,GO,Grocery Outlet,30,6,85,0,https://feargreedmeter.com/top-100-most-popular-meme-stocks-today
2026-08-21T06:23:39+02:00,VTI,Vanguard Total Stock Market ETF,8,6,86,-4,https://feargreedmeter.com/top-100-most-popular-meme-stocks-today
2026-08-21T06:23:39+02:00,OSIS,OSI Systems,7,6,87,6,https://feargreedmeter.com/top-100-most-popular-meme-stocks-today
2026-08-21T06:23:39+02:00,ANY,Sphere 3D,23,6,88,4,https://feargreedmeter.com/top-100-most-popular-meme-stocks-today
2026-08-21T06:23:39+02:00,HIVE,HIVE Blockchain Technologies,10,6,89,4,https://feargreedmeter.com/top-100-most-popular-meme-stocks-today
2026-08-21T06:23:39+02:00,SOUN,SoundHound AI,76,6,90,0,https://feargreedmeter.com/top-100-most-popular-meme-stocks-today
2026-08-21T06:23:39+02:00,UMAC,Unusual Machines,11,6,91,1,https://feargreedmeter.com/top-100-most-popular-meme-stocks-today
2026-08-21T06:23:39+02:00,LOT,Lotus Technology,7,6,92,3,https://feargreedmeter.com/top-100-most-popular-meme-stocks-today
2026-08-21T06:23:39+02:00,AAP,Advance Auto Parts,8,5,93,4,https://feargreedmeter.com/top-100-most-popular-meme-stocks-today
2026-08-21T06:23:39+02:00,SO,Southern Company,18,5,94,-5,https://feargreedmeter.com/top-100-most-popular-meme-stocks-today
2026-08-21T06:23:39+02:00,WTI,W&T Offshore,11,5,95,4,https://feargreedmeter.com/top-100-most-popular-meme-stocks-today
2026-08-21T06:23:39+02:00,EVER,EverQuote,23,5,96,2,https://feargreedmeter.com/top-100-most-popular-meme-stocks-today
2026-08-21T06:23:39+02:00,MARA,Marathon Digital Holdings,10,5,97,5,https://feargreedmeter.com/top-100-most-popular-meme-stocks-today
2026-08-21T06:23:39+02:00,RIVN,Rivian,8,5,98,0,https://feargreedmeter.com/top-100-most-popular-meme-stocks-today
2026-08-21T06:23:39+02:00,GLP,Global Partners LP,15,5,99,-8,https://feargreedmeter.com/top-100-most-popular-meme-stocks-today
2026-08-21T06:23:39+02:00,LINK,Interlink Electronics,8,5,100,-2,https://feargreedmeter.com/top-100-most-popular-meme-stocks-today
2026-08-21T07:03:51+02:00,SPY,SPDR S&P 500 ETF Trust,1693,332,1,62,https://feargreedmeter.com/top-100-most-popular-meme-stocks-today
2026-08-21T07:03:51+02:00,MRNA,Moderna,731,325,2,-519,https://feargreedmeter.com/top-100-most-popular-meme-stocks-today
2026-08-21T07:03:51+02:00,RDDT,Reddit,585,185,3,93,https://feargreedmeter.com/top-100-most-popular-meme-stocks-today
2026-08-21T07:03:51+02:00,WMT,Walmart,1380,171,4,156,https://feargreedmeter.com/top-100-most-popular-meme-stocks-today
2026-08-21T07:03:51+02:00,MU,Micron Technology,1024,157,5,-35,https://feargreedmeter.com/top-100-most-popular-meme-stocks-today
2026-08-21T07:03:51+02:00,QQQ,Invesco QQQ ETF,931,134,6,51,https://feargreedmeter.com/top-100-most-popular-meme-stocks-today
2026-08-21T07:03:51+02:00,SNDK,Sandisk,390,102,7,-22,https://feargreedmeter.com/top-100-most-popular-meme-stocks-today
2026-08-21T07:03:51+02:00,META,Meta Platforms (Facebook),288,93,8,4,https://feargreedmeter.com/top-100-most-popular-meme-stocks-today
2026-08-21T07:03:51+02:00,NVDA,NVIDIA,193,91,9,1,https://feargreedmeter.com/top-100-most-popular-meme-stocks-today
2026-08-21T07:03:51+02:00,SPCX,SpaceX,122,73,10,28,https://feargreedmeter.com/top-100-most-popular-meme-stocks-today
2026-08-21T07:03:51+02:00,BULL,Webull,139,63,11,-40,https://feargreedmeter.com/top-100-most-popular-meme-stocks-today
2026-08-21T07:03:51+02:00,MSTR,MicroStrategy,111,61,12,12,https://feargreedmeter.com/top-100-most-popular-meme-stocks-today
2026-08-21T07:03:51+02:00,DTE,DTE Energy,210,55,13,-20,https://feargreedmeter.com/top-100-most-popular-meme-stocks-today
2026-08-21T07:03:51+02:00,GOOG,Alphabet (Google),205,50,14,2,https://feargreedmeter.com/top-100-most-popular-meme-stocks-today
2026-08-21T07:03:51+02:00,GOOGL,Alphabet (Google),138,46,15,0,https://feargreedmeter.com/top-100-most-popular-meme-stocks-today
2026-08-21T07:03:51+02:00,NBIS,Nebius Group,488,45,16,-99,https://feargreedmeter.com/top-100-most-popular-meme-stocks-today
2026-08-21T07:03:51+02:00,RNA,Avidity Biosciences,95,43,17,-99,https://feargreedmeter.com/top-100-most-popular-meme-stocks-today
2026-08-21T07:03:51+02:00,ASTS,AST SpaceMobile,291,39,18,24,https://feargreedmeter.com/top-100-most-popular-meme-stocks-today
2026-08-21T07:03:51+02:00,HOOD,Robinhood,77,34,19,13,https://feargreedmeter.com/top-100-most-popular-meme-stocks-today
2026-08-21T07:03:51+02:00,SLS,Sellas Life Sciences,69,31,20,-35,https://feargreedmeter.com/top-100-most-popular-meme-stocks-today
2026-08-21T07:03:51+02:00,TSLA,Tesla,39,30,21,-16,https://feargreedmeter.com/top-100-most-popular-meme-stocks-today
2026-08-21T07:03:51+02:00,VOO,Vanguard S&P 500 ETF,129,30,22,-14,https://feargreedmeter.com/top-100-most-popular-meme-stocks-today
2026-08-21T07:03:51+02:00,RKLB,Rocket Lab USA,68,28,23,8,https://feargreedmeter.com/top-100-most-popular-meme-stocks-today
2026-08-21T07:03:51+02:00,AMD,AMD,102,27,24,-34,https://feargreedmeter.com/top-100-most-popular-meme-stocks-today
2026-08-21T07:03:51+02:00,AM,Antero Midstream,47,27,25,-8,https://feargreedmeter.com/top-100-most-popular-meme-stocks-today
2026-08-21T07:03:51+02:00,MSFT,Microsoft,67,23,26,-17,https://feargreedmeter.com/top-100-most-popular-meme-stocks-today
2026-08-21T07:03:51+02:00,SMCI,Supermicro,34,23,27,22,https://feargreedmeter.com/top-100-most-popular-meme-stocks-today
2026-08-21T07:03:51+02:00,GLD,SSgA SPDR Gold Shares,54,23,28,-17,https://feargreedmeter.com/top-100-most-popular-meme-stocks-today
2026-08-21T07:03:51+02:00,HTZ,Hertz,27,23,29,-39,https://feargreedmeter.com/top-100-most-popular-meme-stocks-today
2026-08-21T07:03:51+02:00,AAPL,Apple,51,22,30,-29,https://feargreedmeter.com/top-100-most-popular-meme-stocks-today
2026-08-21T07:03:51+02:00,SGOV,iShares Trust - iShares 0-3 Month Treasury Bond ETF,68,21,31,17,https://feargreedmeter.com/top-100-most-popular-meme-stocks-today
2026-08-21T07:03:51+02:00,MRVL,Marvell Technology Group,44,19,32,-66,https://feargreedmeter.com/top-100-most-popular-meme-stocks-today
2026-08-21T07:03:51+02:00,TEM,Tempus AI,23,19,33,9,https://feargreedmeter.com/top-100-most-popular-meme-stocks-today
2026-08-21T07:03:51+02:00,NFLX,Netflix,59,18,34,-20,https://feargreedmeter.com/top-100-most-popular-meme-stocks-today
2026-08-21T07:03:51+02:00,TLT,BlackRock Institutional Trust Company N.A. - BTC iShares 20+ Year Trea,18,18,35,-18,https://feargreedmeter.com/top-100-most-popular-meme-stocks-today
2026-08-21T07:03:51+02:00,AMZN,Amazon,24,17,36,-11,https://feargreedmeter.com/top-100-most-popular-meme-stocks-today
2026-08-21T07:03:51+02:00,SOXL,Direxion Shares ETF Trust - Direxion Daily Semiconductor Bull 3X Share,29,17,37,4,https://feargreedmeter.com/top-100-most-popular-meme-stocks-today
2026-08-21T07:03:51+02:00,USO,United States Commodity Funds LLC - United States Oil Fund,24,15,38,3,https://feargreedmeter.com/top-100-most-popular-meme-stocks-today
2026-08-21T07:03:51+02:00,ONDS,Ondas Holdings,25,15,39,9,https://feargreedmeter.com/top-100-most-popular-meme-stocks-today
2026-08-21T07:03:51+02:00,CAST,"FreeCast, Inc.",35,15,40,-15,https://feargreedmeter.com/top-100-most-popular-meme-stocks-today
2026-08-21T07:03:51+02:00,COST,Costco,235,14,41,13,https://feargreedmeter.com/top-100-most-popular-meme-stocks-today
2026-08-21T07:03:51+02:00,AVGO,Broadcom,27,14,42,-39,https://feargreedmeter.com/top-100-most-popular-meme-stocks-today
2026-08-21T07:03:51+02:00,IT,Gartner,23,13,43,-3,https://feargreedmeter.com/top-100-most-popular-meme-stocks-today
2026-08-21T07:03:51+02:00,YOU,CLEAR Secure,36,13,44,-8,https://feargreedmeter.com/top-100-most-popular-meme-stocks-today
2026-08-21T07:03:51+02:00,CD,Chindata,35,13,45,8,https://feargreedmeter.com/top-100-most-popular-meme-stocks-today
2026-08-21T07:03:51+02:00,INTC,Intel,643,12,46,-3,https://feargreedmeter.com/top-100-most-popular-meme-stocks-today
2026-08-21T07:03:51+02:00,TTWO,Take 2 Interactive,13,12,47,10,https://feargreedmeter.com/top-100-most-popular-meme-stocks-today
2026-08-21T07:03:51+02:00,ALL,Allstate,47,11,48,-2,https://feargreedmeter.com/top-100-most-popular-meme-stocks-today
2026-08-21T07:03:51+02:00,NKE,Nike,81,11,49,-3,https://feargreedmeter.com/top-100-most-popular-meme-stocks-today
2026-08-21T07:03:51+02:00,IOVA,Iovance Biotherapeutics,16,11,50,9,https://feargreedmeter.com/top-100-most-popular-meme-stocks-today
2026-08-21T07:03:51+02:00,ET,Energy Transfer Partners,32,11,51,-3,https://feargreedmeter.com/top-100-most-popular-meme-stocks-today
2026-08-21T07:03:51+02:00,BE,Bloom Energy,29,11,52,-7,https://feargreedmeter.com/top-100-most-popular-meme-stocks-today
2026-08-21T07:03:51+02:00,SCHD,Schwab Strategic Trust - CSIM Schwab US Dividend Equity ETF,113,11,53,-9,https://feargreedmeter.com/top-100-most-popular-meme-stocks-today
2026-08-21T07:03:51+02:00,NOW,ServiceNow,17,10,54,-16,https://feargreedmeter.com/top-100-most-popular-meme-stocks-today
2026-08-21T07:03:51+02:00,IQ,iQIYI,64,10,55,-1,https://feargreedmeter.com/top-100-most-popular-meme-stocks-today
2026-08-21T07:03:51+02:00,PLTR,Palantir,19,10,56,-3,https://feargreedmeter.com/top-100-most-popular-meme-stocks-today
2026-08-21T07:03:51+02:00,UP,Wheels Up,56,10,57,0,https://feargreedmeter.com/top-100-most-popular-meme-stocks-today
2026-08-21T07:03:51+02:00,IREN,Iris Energy,25,10,58,5,https://feargreedmeter.com/top-100-most-popular-meme-stocks-today
2026-08-21T07:03:51+02:00,PR,Permian Resources,85,10,59,6,https://feargreedmeter.com/top-100-most-popular-meme-stocks-today
2026-08-21T07:03:51+02:00,ROST,Ross Stores,386,9,60,9,https://feargreedmeter.com/top-100-most-popular-meme-stocks-today
2026-08-21T07:03:51+02:00,BBC,ETFis Series Trust I - Virtus LifeSci Biotech Clinical Trials ETF,6,9,61,6,https://feargreedmeter.com/top-100-most-popular-meme-stocks-today
2026-08-21T07:03:51+02:00,EU,enCore Energy,17,9,62,-4,https://feargreedmeter.com/top-100-most-popular-meme-stocks-today
2026-08-21T07:03:51+02:00,RR,Richtech Robotics,19,9,63,5,https://feargreedmeter.com/top-100-most-popular-meme-stocks-today
2026-08-21T07:03:51+02:00,ES,Eversource Energy,12,8,64,-3,https://feargreedmeter.com/top-100-most-popular-meme-stocks-today
2026-08-21T07:03:51+02:00,TGT,Target,28,8,65,-11,https://feargreedmeter.com/top-100-most-popular-meme-stocks-today
2026-08-21T07:03:51+02:00,BABA,Alibaba,38,8,66,2,https://feargreedmeter.com/top-100-most-popular-meme-stocks-today
2026-08-21T07:03:51+02:00,NOK,Nokia,7,8,67,4,https://feargreedmeter.com/top-100-most-popular-meme-stocks-today
2026-08-21T07:03:51+02:00,VT,"Vanguard Group, Inc. - Vanguard Total World Stock ETF",16,8,68,1,https://feargreedmeter.com/top-100-most-popular-meme-stocks-today
2026-08-21T07:03:51+02:00,FCF,First Commonwealth Financial Corp,1280,8,69,-5,https://feargreedmeter.com/top-100-most-popular-meme-stocks-today
2026-08-21T07:03:51+02:00,SOFI,SoFi,14,8,70,4,https://feargreedmeter.com/top-100-most-popular-meme-stocks-today
2026-08-21T07:03:51+02:00,API,Agora.io,21,8,71,3,https://feargreedmeter.com/top-100-most-popular-meme-stocks-today
2026-08-21T07:03:51+02:00,MMA,Alta Global Group,10,8,72,8,https://feargreedmeter.com/top-100-most-popular-meme-stocks-today
2026-08-21T07:03:51+02:00,FLUX,Flux Power,12,8,73,7,https://feargreedmeter.com/top-100-most-popular-meme-stocks-today
2026-08-21T07:03:51+02:00,ON,ON Semiconductor,39,7,74,-3,https://feargreedmeter.com/top-100-most-popular-meme-stocks-today
2026-08-21T07:03:51+02:00,HBM,Hudbay Minerals,104,7,75,-6,https://feargreedmeter.com/top-100-most-popular-meme-stocks-today
2026-08-21T07:03:51+02:00,BJ,BJ's Wholesale Club,20,7,76,6,https://feargreedmeter.com/top-100-most-popular-meme-stocks-today
2026-08-21T07:03:51+02:00,VXUS,"Vanguard Group, Inc. - Vanguard Total International Stock ETF",10,7,77,3,https://feargreedmeter.com/top-100-most-popular-meme-stocks-today
2026-08-21T07:03:51+02:00,BEEM,Beam Global,11,7,78,6,https://feargreedmeter.com/top-100-most-popular-meme-stocks-today
2026-08-21T07:03:51+02:00,SMA,SmartStop Self Storage REIT,9,7,79,6,https://feargreedmeter.com/top-100-most-popular-meme-stocks-today
2026-08-21T07:03:51+02:00,KEEL,Keel Infrastructure,16,7,80,4,https://feargreedmeter.com/top-100-most-popular-meme-stocks-today
2026-08-21T07:03:51+02:00,CSCO,Cisco,10,6,81,-2,https://feargreedmeter.com/top-100-most-popular-meme-stocks-today
2026-08-21T07:03:51+02:00,DE,Deere & Company,11,6,82,6,https://feargreedmeter.com/top-100-most-popular-meme-stocks-today
2026-08-21T07:03:51+02:00,SO,Southern Company,21,6,83,-4,https://feargreedmeter.com/top-100-most-popular-meme-stocks-today
2026-08-21T07:03:51+02:00,UNH,UnitedHealth,8,6,84,-3,https://feargreedmeter.com/top-100-most-popular-meme-stocks-today
2026-08-21T07:03:51+02:00,IBKR,Interactive Brokers,21,6,85,-6,https://feargreedmeter.com/top-100-most-popular-meme-stocks-today
2026-08-21T07:03:51+02:00,GO,Grocery Outlet,31,6,86,0,https://feargreedmeter.com/top-100-most-popular-meme-stocks-today
2026-08-21T07:03:51+02:00,VTI,Vanguard Total Stock Market ETF,9,6,87,-4,https://feargreedmeter.com/top-100-most-popular-meme-stocks-today
2026-08-21T07:03:51+02:00,OSIS,OSI Systems,7,6,88,6,https://feargreedmeter.com/top-100-most-popular-meme-stocks-today
2026-08-21T07:03:51+02:00,ANY,Sphere 3D,22,6,89,5,https://feargreedmeter.com/top-100-most-popular-meme-stocks-today
2026-08-21T07:03:51+02:00,HIVE,HIVE Blockchain Technologies,10,6,90,4,https://feargreedmeter.com/top-100-most-popular-meme-stocks-today
2026-08-21T07:03:51+02:00,SOUN,SoundHound AI,85,6,91,0,https://feargreedmeter.com/top-100-most-popular-meme-stocks-today
2026-08-21T07:03:51+02:00,UMAC,Unusual Machines,11,6,92,1,https://feargreedmeter.com/top-100-most-popular-meme-stocks-today
2026-08-21T07:03:51+02:00,LOT,Lotus Technology,7,6,93,3,https://feargreedmeter.com/top-100-most-popular-meme-stocks-today
2026-08-21T07:03:51+02:00,AAP,Advance Auto Parts,8,5,94,4,https://feargreedmeter.com/top-100-most-popular-meme-stocks-today
2026-08-21T07:03:51+02:00,WTI,W&T Offshore,11,5,95,4,https://feargreedmeter.com/top-100-most-popular-meme-stocks-today
2026-08-21T07:03:51+02:00,EVER,EverQuote,25,5,96,3,https://feargreedmeter.com/top-100-most-popular-meme-stocks-today
2026-08-21T07:03:51+02:00,MARA,Marathon Digital Holdings,10,5,97,5,https://feargreedmeter.com/top-100-most-popular-meme-stocks-today
2026-08-21T07:03:51+02:00,RIVN,Rivian,8,5,98,0,https://feargreedmeter.com/top-100-most-popular-meme-stocks-today
2026-08-21T07:03:51+02:00,GLP,Global Partners LP,15,5,99,-8,https://feargreedmeter.com/top-100-most-popular-meme-stocks-today
2026-08-21T07:03:51+02:00,LINK,Interlink Electronics,8,5,100,-2,https://feargreedmeter.com/top-100-most-popular-meme-stocks-today
2026-08-21T07:45:02+02:00,SPY,SPDR S&P 500 ETF Trust,1715,333,1,63,https://feargreedmeter.com/top-100-most-popular-meme-stocks-today
2026-08-21T07:45:02+02:00,MRNA,Moderna,725,325,2,-525,https://feargreedmeter.com/top-100-most-popular-meme-stocks-today
2026-08-21T07:45:02+02:00,RDDT,Reddit,583,183,3,92,https://feargreedmeter.com/top-100-most-popular-meme-stocks-today
2026-08-21T07:45:02+02:00,WMT,Walmart,1381,171,4,156,https://feargreedmeter.com/top-100-most-popular-meme-stocks-today
2026-08-21T07:45:02+02:00,MU,Micron Technology,1024,157,5,-33,https://feargreedmeter.com/top-100-most-popular-meme-stocks-today
2026-08-21T07:45:02+02:00,QQQ,Invesco QQQ ETF,948,133,6,50,https://feargreedmeter.com/top-100-most-popular-meme-stocks-today
2026-08-21T07:45:02+02:00,SNDK,Sandisk,389,100,7,-23,https://feargreedmeter.com/top-100-most-popular-meme-stocks-today
2026-08-21T07:45:02+02:00,META,Meta Platforms (Facebook),290,95,8,6,https://feargreedmeter.com/top-100-most-popular-meme-stocks-today
2026-08-21T07:45:02+02:00,NVDA,NVIDIA,205,94,9,4,https://feargreedmeter.com/top-100-most-popular-meme-stocks-today
2026-08-21T07:45:02+02:00,SPCX,SpaceX,115,69,10,24,https://feargreedmeter.com/top-100-most-popular-meme-stocks-today
2026-08-21T07:45:02+02:00,MSTR,MicroStrategy,108,62,11,11,https://feargreedmeter.com/top-100-most-popular-meme-stocks-today
2026-08-21T07:45:02+02:00,BULL,Webull,139,62,12,-42,https://feargreedmeter.com/top-100-most-popular-meme-stocks-today
2026-08-21T07:45:02+02:00,DTE,DTE Energy,210,56,13,-17,https://feargreedmeter.com/top-100-most-popular-meme-stocks-today
2026-08-21T07:45:02+02:00,GOOG,Alphabet (Google),206,50,14,3,https://feargreedmeter.com/top-100-most-popular-meme-stocks-today
2026-08-21T07:45:02+02:00,GOOGL,Alphabet (Google),144,46,15,0,https://feargreedmeter.com/top-100-most-popular-meme-stocks-today
2026-08-21T07:45:02+02:00,NBIS,Nebius Group,488,45,16,-96,https://feargreedmeter.com/top-100-most-popular-meme-stocks-today
2026-08-21T07:45:02+02:00,RNA,Avidity Biosciences,93,41,17,-102,https://feargreedmeter.com/top-100-most-popular-meme-stocks-today
2026-08-21T07:45:02+02:00,ASTS,AST SpaceMobile,293,39,18,24,https://feargreedmeter.com/top-100-most-popular-meme-stocks-today
2026-08-21T07:45:02+02:00,HOOD,Robinhood,78,34,19,13,https://feargreedmeter.com/top-100-most-popular-meme-stocks-today
2026-08-21T07:45:02+02:00,SLS,Sellas Life Sciences,69,31,20,-35,https://feargreedmeter.com/top-100-most-popular-meme-stocks-today
2026-08-21T07:45:02+02:00,TSLA,Tesla,43,30,21,-15,https://feargreedmeter.com/top-100-most-popular-meme-stocks-today
2026-08-21T07:45:02+02:00,VOO,Vanguard S&P 500 ETF,128,30,22,-12,https://feargreedmeter.com/top-100-most-popular-meme-stocks-today
2026-08-21T07:45:02+02:00,RKLB,Rocket Lab USA,70,28,23,8,https://feargreedmeter.com/top-100-most-popular-meme-stocks-today
2026-08-21T07:45:02+02:00,AMD,AMD,104,27,24,-33,https://feargreedmeter.com/top-100-most-popular-meme-stocks-today
2026-08-21T07:45:02+02:00,AM,Antero Midstream,48,27,25,-8,https://feargreedmeter.com/top-100-most-popular-meme-stocks-today
2026-08-21T07:45:02+02:00,GLD,SSgA SPDR Gold Shares,60,24,26,-16,https://feargreedmeter.com/top-100-most-popular-meme-stocks-today
2026-08-21T07:45:02+02:00,MSFT,Microsoft,69,23,27,-16,https://feargreedmeter.com/top-100-most-popular-meme-stocks-today
2026-08-21T07:45:02+02:00,AAPL,Apple,54,23,28,-28,https://feargreedmeter.com/top-100-most-popular-meme-stocks-today
2026-08-21T07:45:02+02:00,SMCI,Supermicro,32,23,29,22,https://feargreedmeter.com/top-100-most-popular-meme-stocks-today
2026-08-21T07:45:02+02:00,HTZ,Hertz,30,23,30,-39,https://feargreedmeter.com/top-100-most-popular-meme-stocks-today
2026-08-21T07:45:02+02:00,SGOV,iShares Trust - iShares 0-3 Month Treasury Bond ETF,69,21,31,17,https://feargreedmeter.com/top-100-most-popular-meme-stocks-today
2026-08-21T07:45:02+02:00,MRVL,Marvell Technology Group,44,19,32,-64,https://feargreedmeter.com/top-100-most-popular-meme-stocks-today
2026-08-21T07:45:02+02:00,TEM,Tempus AI,23,19,33,9,https://feargreedmeter.com/top-100-most-popular-meme-stocks-today
2026-08-21T07:45:02+02:00,NFLX,Netflix,61,18,34,-20,https://feargreedmeter.com/top-100-most-popular-meme-stocks-today
2026-08-21T07:45:02+02:00,TLT,BlackRock Institutional Trust Company N.A. - BTC iShares 20+ Year Trea,16,18,35,-19,https://feargreedmeter.com/top-100-most-popular-meme-stocks-today
2026-08-21T07:45:02+02:00,AMZN,Amazon,24,17,36,-10,https://feargreedmeter.com/top-100-most-popular-meme-stocks-today
2026-08-21T07:45:02+02:00,SOXL,Direxion Shares ETF Trust - Direxion Daily Semiconductor Bull 3X Share,29,17,37,4,https://feargreedmeter.com/top-100-most-popular-meme-stocks-today
2026-08-21T07:45:02+02:00,COST,Costco,236,15,38,14,https://feargreedmeter.com/top-100-most-popular-meme-stocks-today
2026-08-21T07:45:02+02:00,USO,United States Commodity Funds LLC - United States Oil Fund,24,15,39,4,https://feargreedmeter.com/top-100-most-popular-meme-stocks-today
2026-08-21T07:45:02+02:00,ONDS,Ondas Holdings,25,15,40,9,https://feargreedmeter.com/top-100-most-popular-meme-stocks-today
2026-08-21T07:45:02+02:00,CAST,"FreeCast, Inc.",38,15,41,-15,https://feargreedmeter.com/top-100-most-popular-meme-stocks-today
2026-08-21T07:45:02+02:00,AVGO,Broadcom,26,14,42,-39,https://feargreedmeter.com/top-100-most-popular-meme-stocks-today
2026-08-21T07:45:02+02:00,YOU,CLEAR Secure,39,14,43,-7,https://feargreedmeter.com/top-100-most-popular-meme-stocks-today
2026-08-21T07:45:02+02:00,CD,Chindata,37,14,44,9,https://feargreedmeter.com/top-100-most-popular-meme-stocks-today
2026-08-21T07:45:02+02:00,IT,Gartner,23,13,45,-3,https://feargreedmeter.com/top-100-most-popular-meme-stocks-today
2026-08-21T07:45:02+02:00,INTC,Intel,645,12,46,-4,https://feargreedmeter.com/top-100-most-popular-meme-stocks-today
2026-08-21T07:45:02+02:00,TTWO,Take 2 Interactive,13,12,47,11,https://feargreedmeter.com/top-100-most-popular-meme-stocks-today
2026-08-21T07:45:02+02:00,ALL,Allstate,46,11,48,-2,https://feargreedmeter.com/top-100-most-popular-meme-stocks-today
2026-08-21T07:45:02+02:00,NKE,Nike,81,11,49,-3,https://feargreedmeter.com/top-100-most-popular-meme-stocks-today
2026-08-21T07:45:02+02:00,IOVA,Iovance Biotherapeutics,16,11,50,9,https://feargreedmeter.com/top-100-most-popular-meme-stocks-today
2026-08-21T07:45:02+02:00,BE,Bloom Energy,29,11,51,-6,https://feargreedmeter.com/top-100-most-popular-meme-stocks-today
2026-08-21T07:45:02+02:00,SCHD,Schwab Strategic Trust - CSIM Schwab US Dividend Equity ETF,112,11,52,-9,https://feargreedmeter.com/top-100-most-popular-meme-stocks-today
2026-08-21T07:45:02+02:00,NOW,ServiceNow,18,10,53,-16,https://feargreedmeter.com/top-100-most-popular-meme-stocks-today
2026-08-21T07:45:02+02:00,IQ,iQIYI,65,10,54,-1,https://feargreedmeter.com/top-100-most-popular-meme-stocks-today
2026-08-21T07:45:02+02:00,ET,Energy Transfer Partners,22,10,55,-4,https://feargreedmeter.com/top-100-most-popular-meme-stocks-today
2026-08-21T07:45:02+02:00,PLTR,Palantir,19,10,56,-3,https://feargreedmeter.com/top-100-most-popular-meme-stocks-today
2026-08-21T07:45:02+02:00,UP,Wheels Up,58,10,57,0,https://feargreedmeter.com/top-100-most-popular-meme-stocks-today
2026-08-21T07:45:02+02:00,IREN,Iris Energy,25,10,58,5,https://feargreedmeter.com/top-100-most-popular-meme-stocks-today
2026-08-21T07:45:02+02:00,PR,Permian Resources,96,10,59,7,https://feargreedmeter.com/top-100-most-popular-meme-stocks-today
2026-08-21T07:45:02+02:00,ES,Eversource Energy,13,9,60,-1,https://feargreedmeter.com/top-100-most-popular-meme-stocks-today
2026-08-21T07:45:02+02:00,ROST,Ross Stores,386,9,61,9,https://feargreedmeter.com/top-100-most-popular-meme-stocks-today
2026-08-21T07:45:02+02:00,BBC,ETFis Series Trust I - Virtus LifeSci Biotech Clinical Trials ETF,5,9,62,6,https://feargreedmeter.com/top-100-most-popular-meme-stocks-today
2026-08-21T07:45:02+02:00,EU,enCore Energy,17,9,63,-4,https://feargreedmeter.com/top-100-most-popular-meme-stocks-today
2026-08-21T07:45:02+02:00,RR,Richtech Robotics,19,9,64,6,https://feargreedmeter.com/top-100-most-popular-meme-stocks-today
2026-08-21T07:45:02+02:00,TGT,Target,28,8,65,-11,https://feargreedmeter.com/top-100-most-popular-meme-stocks-today
2026-08-21T07:45:02+02:00,BABA,Alibaba,38,8,66,2,https://feargreedmeter.com/top-100-most-popular-meme-stocks-today
2026-08-21T07:45:02+02:00,NOK,Nokia,7,8,67,4,https://feargreedmeter.com/top-100-most-popular-meme-stocks-today
2026-08-21T07:45:02+02:00,VT,"Vanguard Group, Inc. - Vanguard Total World Stock ETF",16,8,68,1,https://feargreedmeter.com/top-100-most-popular-meme-stocks-today
2026-08-21T07:45:02+02:00,FCF,First Commonwealth Financial Corp,1363,8,69,-5,https://feargreedmeter.com/top-100-most-popular-meme-stocks-today
2026-08-21T07:45:02+02:00,SOFI,SoFi,14,8,70,4,https://feargreedmeter.com/top-100-most-popular-meme-stocks-today
2026-08-21T07:45:02+02:00,API,Agora.io,21,8,71,3,https://feargreedmeter.com/top-100-most-popular-meme-stocks-today
2026-08-21T07:45:02+02:00,MMA,Alta Global Group,10,8,72,8,https://feargreedmeter.com/top-100-most-popular-meme-stocks-today
2026-08-21T07:45:02+02:00,FLUX,Flux Power,12,8,73,7,https://feargreedmeter.com/top-100-most-popular-meme-stocks-today
2026-08-21T07:45:02+02:00,ON,ON Semiconductor,43,7,74,-2,https://feargreedmeter.com/top-100-most-popular-meme-stocks-today
2026-08-21T07:45:02+02:00,HBM,Hudbay Minerals,98,7,75,-7,https://feargreedmeter.com/top-100-most-popular-meme-stocks-today
2026-08-21T07:45:02+02:00,BJ,BJ's Wholesale Club,20,7,76,6,https://feargreedmeter.com/top-100-most-popular-meme-stocks-today
2026-08-21T07:45:02+02:00,VXUS,"Vanguard Group, Inc. - Vanguard Total International Stock ETF",11,7,77,3,https://feargreedmeter.com/top-100-most-popular-meme-stocks-today
2026-08-21T07:45:02+02:00,LOT,Lotus Technology,8,7,78,4,https://feargreedmeter.com/top-100-most-popular-meme-stocks-today
2026-08-21T07:45:02+02:00,BEEM,Beam Global,11,7,79,6,https://feargreedmeter.com/top-100-most-popular-meme-stocks-today
2026-08-21T07:45:02+02:00,SMA,SmartStop Self Storage REIT,9,7,80,6,https://feargreedmeter.com/top-100-most-popular-meme-stocks-today
2026-08-21T07:45:02+02:00,KEEL,Keel Infrastructure,16,7,81,4,https://feargreedmeter.com/top-100-most-popular-meme-stocks-today
2026-08-21T07:45:02+02:00,CSCO,Cisco,10,6,82,-2,https://feargreedmeter.com/top-100-most-popular-meme-stocks-today
2026-08-21T07:45:02+02:00,DE,Deere & Company,11,6,83,6,https://feargreedmeter.com/top-100-most-popular-meme-stocks-today
2026-08-21T07:45:02+02:00,SO,Southern Company,19,6,84,-4,https://feargreedmeter.com/top-100-most-popular-meme-stocks-today
2026-08-21T07:45:02+02:00,JPM,JPMorgan Chase,24,6,85,3,https://feargreedmeter.com/top-100-most-popular-meme-stocks-today
2026-08-21T07:45:02+02:00,UNH,UnitedHealth,8,6,86,-3,https://feargreedmeter.com/top-100-most-popular-meme-stocks-today
2026-08-21T07:45:02+02:00,VTI,Vanguard Total Stock Market ETF,10,6,87,-4,https://feargreedmeter.com/top-100-most-popular-meme-stocks-today
2026-08-21T07:45:02+02:00,OSIS,OSI Systems,7,6,88,6,https://feargreedmeter.com/top-100-most-popular-meme-stocks-today
2026-08-21T07:45:02+02:00,HIVE,HIVE Blockchain Technologies,10,6,89,4,https://feargreedmeter.com/top-100-most-popular-meme-stocks-today
2026-08-21T07:45:02+02:00,SOUN,SoundHound AI,86,6,90,0,https://feargreedmeter.com/top-100-most-popular-meme-stocks-today
2026-08-21T07:45:02+02:00,UMAC,Unusual Machines,11,6,91,1,https://feargreedmeter.com/top-100-most-popular-meme-stocks-today
2026-08-21T07:45:02+02:00,AAP,Advance Auto Parts,8,5,92,4,https://feargreedmeter.com/top-100-most-popular-meme-stocks-today
2026-08-21T07:45:02+02:00,WTI,W&T Offshore,11,5,93,4,https://feargreedmeter.com/top-100-most-popular-meme-stocks-today
2026-08-21T07:45:02+02:00,IBKR,Interactive Brokers,17,5,94,-7,https://feargreedmeter.com/top-100-most-popular-meme-stocks-today
2026-08-21T07:45:02+02:00,GO,Grocery Outlet,23,5,95,-1,https://feargreedmeter.com/top-100-most-popular-meme-stocks-today
2026-08-21T07:45:02+02:00,AGI,Alamos Gold,39,5,96,2,https://feargreedmeter.com/top-100-most-popular-meme-stocks-today
2026-08-21T07:45:02+02:00,SSO,ProShares Trust - ProShares Ultra S&P500,4,5,97,5,https://feargreedmeter.com/top-100-most-popular-meme-stocks-today
2026-08-21T07:45:02+02:00,SLV,iShares Silver Trust,19,5,98,-1,https://feargreedmeter.com/top-100-most-popular-meme-stocks-today
2026-08-21T07:45:02+02:00,MARA,Marathon Digital Holdings,10,5,99,5,https://feargreedmeter.com/top-100-most-popular-meme-stocks-today
2026-08-21T07:45:02+02:00,ANY,Sphere 3D,11,5,100,4,https://feargreedmeter.com/top-100-most-popular-meme-stocks-today
