data_pobrania,kod,nazwa,upvotes,mentions,rank,mention_change,source_url
2026-08-11T00:22:32+02:00,SPY,SPDR S&P 500 ETF Trust,1703,430,1,339,https://feargreedmeter.com/top-100-most-popular-meme-stocks-today
2026-08-11T00:22:32+02:00,HTZ,Hertz,1188,385,2,320,https://feargreedmeter.com/top-100-most-popular-meme-stocks-today
2026-08-11T00:22:32+02:00,RKLB,Rocket Lab USA,945,322,3,291,https://feargreedmeter.com/top-100-most-popular-meme-stocks-today
2026-08-11T00:22:32+02:00,ASTS,AST SpaceMobile,611,209,4,185,https://feargreedmeter.com/top-100-most-popular-meme-stocks-today
2026-08-11T00:22:32+02:00,MU,Micron Technology,741,195,5,138,https://feargreedmeter.com/top-100-most-popular-meme-stocks-today
2026-08-11T00:22:32+02:00,SPCX,SpaceX,354,169,6,104,https://feargreedmeter.com/top-100-most-popular-meme-stocks-today
2026-08-11T00:22:32+02:00,NVDA,NVIDIA,379,144,7,124,https://feargreedmeter.com/top-100-most-popular-meme-stocks-today
2026-08-11T00:22:32+02:00,MSFT,Microsoft,429,107,8,98,https://feargreedmeter.com/top-100-most-popular-meme-stocks-today
2026-08-11T00:22:32+02:00,SNDK,Sandisk,244,97,9,81,https://feargreedmeter.com/top-100-most-popular-meme-stocks-today
2026-08-11T00:22:32+02:00,PLTR,Palantir,131,60,10,47,https://feargreedmeter.com/top-100-most-popular-meme-stocks-today
2026-08-11T00:22:32+02:00,META,Meta Platforms (Facebook),105,59,11,49,https://feargreedmeter.com/top-100-most-popular-meme-stocks-today
2026-08-11T00:22:32+02:00,NBIS,Nebius Group,273,58,12,16,https://feargreedmeter.com/top-100-most-popular-meme-stocks-today
2026-08-11T00:22:32+02:00,QQQ,Invesco QQQ ETF,141,54,13,27,https://feargreedmeter.com/top-100-most-popular-meme-stocks-today
2026-08-11T00:22:32+02:00,GOOGL,Alphabet (Google),86,47,14,37,https://feargreedmeter.com/top-100-most-popular-meme-stocks-today
2026-08-11T00:22:32+02:00,ACHR,Archer Aviation,97,47,15,44,https://feargreedmeter.com/top-100-most-popular-meme-stocks-today
2026-08-11T00:22:32+02:00,DTE,DTE Energy,137,46,16,0,https://feargreedmeter.com/top-100-most-popular-meme-stocks-today
2026-08-11T00:22:32+02:00,AAPL,Apple,119,44,17,39,https://feargreedmeter.com/top-100-most-popular-meme-stocks-today
2026-08-11T00:22:32+02:00,HIMS,Hims & Hers Health,93,37,18,34,https://feargreedmeter.com/top-100-most-popular-meme-stocks-today
2026-08-11T00:22:32+02:00,IT,Gartner,61,37,19,26,https://feargreedmeter.com/top-100-most-popular-meme-stocks-today
2026-08-11T00:22:32+02:00,ONDS,Ondas Holdings,86,32,20,15,https://feargreedmeter.com/top-100-most-popular-meme-stocks-today
2026-08-11T00:22:32+02:00,AMD,AMD,85,31,21,23,https://feargreedmeter.com/top-100-most-popular-meme-stocks-today
2026-08-11T00:22:32+02:00,USO,United States Commodity Funds LLC - United States Oil Fund,59,28,22,25,https://feargreedmeter.com/top-100-most-popular-meme-stocks-today
2026-08-11T00:22:32+02:00,SMCI,Supermicro,61,28,23,18,https://feargreedmeter.com/top-100-most-popular-meme-stocks-today
2026-08-11T00:22:32+02:00,VOO,Vanguard S&P 500 ETF,96,27,24,-10,https://feargreedmeter.com/top-100-most-popular-meme-stocks-today
2026-08-11T00:22:32+02:00,GOOG,Alphabet (Google),54,26,25,18,https://feargreedmeter.com/top-100-most-popular-meme-stocks-today
2026-08-11T00:22:32+02:00,NOW,ServiceNow,119,25,26,22,https://feargreedmeter.com/top-100-most-popular-meme-stocks-today
2026-08-11T00:22:32+02:00,TSLA,Tesla,91,25,27,21,https://feargreedmeter.com/top-100-most-popular-meme-stocks-today
2026-08-11T00:22:32+02:00,TTD,The Trade Desk,199,24,28,15,https://feargreedmeter.com/top-100-most-popular-meme-stocks-today
2026-08-11T00:22:32+02:00,YOU,CLEAR Secure,87,21,29,15,https://feargreedmeter.com/top-100-most-popular-meme-stocks-today
2026-08-11T00:22:32+02:00,AMZN,Amazon,44,21,30,19,https://feargreedmeter.com/top-100-most-popular-meme-stocks-today
2026-08-11T00:22:32+02:00,SLV,iShares Silver Trust,48,20,31,16,https://feargreedmeter.com/top-100-most-popular-meme-stocks-today
2026-08-11T00:22:32+02:00,GLD,SSgA SPDR Gold Shares,48,20,32,15,https://feargreedmeter.com/top-100-most-popular-meme-stocks-today
2026-08-11T00:22:32+02:00,AM,Antero Midstream,56,20,33,12,https://feargreedmeter.com/top-100-most-popular-meme-stocks-today
2026-08-11T00:22:32+02:00,CRWV,CoreWeave,35,19,34,7,https://feargreedmeter.com/top-100-most-popular-meme-stocks-today
2026-08-11T00:22:32+02:00,RDDT,Reddit,163,19,35,12,https://feargreedmeter.com/top-100-most-popular-meme-stocks-today
2026-08-11T00:22:32+02:00,API,Agora.io,32,19,36,10,https://feargreedmeter.com/top-100-most-popular-meme-stocks-today
2026-08-11T00:22:32+02:00,CC,Chemours,1907,19,37,17,https://feargreedmeter.com/top-100-most-popular-meme-stocks-today
2026-08-11T00:22:32+02:00,USAR,USA Rare Earth,36,15,38,14,https://feargreedmeter.com/top-100-most-popular-meme-stocks-today
2026-08-11T00:22:32+02:00,DJT,Trump Media & Technology Group,74,15,39,9,https://feargreedmeter.com/top-100-most-popular-meme-stocks-today
2026-08-11T00:22:32+02:00,INTC,Intel,315,15,40,11,https://feargreedmeter.com/top-100-most-popular-meme-stocks-today
2026-08-11T00:22:32+02:00,INFQ,Infleqtion,18,12,41,5,https://feargreedmeter.com/top-100-most-popular-meme-stocks-today
2026-08-11T00:22:32+02:00,SCHD,Schwab Strategic Trust - CSIM Schwab US Dividend Equity ETF,9,11,42,4,https://feargreedmeter.com/top-100-most-popular-meme-stocks-today
2026-08-11T00:22:32+02:00,IP,International Paper,50,11,43,10,https://feargreedmeter.com/top-100-most-popular-meme-stocks-today
2026-08-11T00:22:32+02:00,ES,Eversource Energy,18,11,44,3,https://feargreedmeter.com/top-100-most-popular-meme-stocks-today
2026-08-11T00:22:32+02:00,AAOI,Applied Optoelectronics,20,10,45,2,https://feargreedmeter.com/top-100-most-popular-meme-stocks-today
2026-08-11T00:22:32+02:00,SOXL,Direxion Shares ETF Trust - Direxion Daily Semiconductor Bull 3X Share,22,10,46,1,https://feargreedmeter.com/top-100-most-popular-meme-stocks-today
2026-08-11T00:22:32+02:00,AGI,Alamos Gold,14,10,47,9,https://feargreedmeter.com/top-100-most-popular-meme-stocks-today
2026-08-11T00:22:32+02:00,UBER,Uber,85,10,48,9,https://feargreedmeter.com/top-100-most-popular-meme-stocks-today
2026-08-11T00:22:32+02:00,COHR,Coherent,19,10,49,4,https://feargreedmeter.com/top-100-most-popular-meme-stocks-today
2026-08-11T00:22:32+02:00,IQ,iQIYI,21,10,50,1,https://feargreedmeter.com/top-100-most-popular-meme-stocks-today
2026-08-11T00:22:32+02:00,PS,Pluralsight,160,10,51,6,https://feargreedmeter.com/top-100-most-popular-meme-stocks-today
2026-08-11T00:22:32+02:00,OKLO,Oklo,23,9,52,7,https://feargreedmeter.com/top-100-most-popular-meme-stocks-today
2026-08-11T00:22:32+02:00,RR,Richtech Robotics,49,9,53,0,https://feargreedmeter.com/top-100-most-popular-meme-stocks-today
2026-08-11T00:22:32+02:00,GLP,Global Partners LP,39,9,54,7,https://feargreedmeter.com/top-100-most-popular-meme-stocks-today
2026-08-11T00:22:32+02:00,RCAT,Red Cat Holdings,14,9,55,9,https://feargreedmeter.com/top-100-most-popular-meme-stocks-today
2026-08-11T00:22:32+02:00,VC,Visteon,364,9,56,8,https://feargreedmeter.com/top-100-most-popular-meme-stocks-today
2026-08-11T00:22:32+02:00,WDC,Western Digital,19,9,57,8,https://feargreedmeter.com/top-100-most-popular-meme-stocks-today
2026-08-11T00:22:32+02:00,ORCL,Oracle,19,9,58,8,https://feargreedmeter.com/top-100-most-popular-meme-stocks-today
2026-08-11T00:22:32+02:00,SION,Sionna Therapeutics,14,8,59,8,https://feargreedmeter.com/top-100-most-popular-meme-stocks-today
2026-08-11T00:22:32+02:00,SOUN,SoundHound AI,13,8,60,2,https://feargreedmeter.com/top-100-most-popular-meme-stocks-today
2026-08-11T00:22:32+02:00,SLS,Sellas Life Sciences,18,8,61,3,https://feargreedmeter.com/top-100-most-popular-meme-stocks-today
2026-08-11T00:22:32+02:00,SNOW,Snowflake,20,8,62,7,https://feargreedmeter.com/top-100-most-popular-meme-stocks-today
2026-08-11T00:22:32+02:00,LITE,Lumentum,17,8,63,2,https://feargreedmeter.com/top-100-most-popular-meme-stocks-today
2026-08-11T00:22:32+02:00,MRVL,Marvell Technology Group,16,8,64,5,https://feargreedmeter.com/top-100-most-popular-meme-stocks-today
2026-08-11T00:22:32+02:00,PLUG,Plug Power,18,8,65,7,https://feargreedmeter.com/top-100-most-popular-meme-stocks-today
2026-08-11T00:22:32+02:00,RIOT,Riot Blockchain,12,8,66,7,https://feargreedmeter.com/top-100-most-popular-meme-stocks-today
2026-08-11T00:22:32+02:00,WEN,Wendy’s Company,22,8,67,1,https://feargreedmeter.com/top-100-most-popular-meme-stocks-today
2026-08-11T00:22:32+02:00,NFLX,Netflix,51,8,68,7,https://feargreedmeter.com/top-100-most-popular-meme-stocks-today
2026-08-11T00:22:32+02:00,VIVK,Vivakor,22,7,69,7,https://feargreedmeter.com/top-100-most-popular-meme-stocks-today
2026-08-11T00:22:32+02:00,UP,Wheels Up,11,7,70,5,https://feargreedmeter.com/top-100-most-popular-meme-stocks-today
2026-08-11T00:22:32+02:00,CAKE,The Cheesecake Factory,13,7,71,7,https://feargreedmeter.com/top-100-most-popular-meme-stocks-today
2026-08-11T00:22:32+02:00,SGOV,iShares Trust - iShares 0-3 Month Treasury Bond ETF,23,7,72,6,https://feargreedmeter.com/top-100-most-popular-meme-stocks-today
2026-08-11T00:22:32+02:00,VTI,Vanguard Total Stock Market ETF,6,7,73,5,https://feargreedmeter.com/top-100-most-popular-meme-stocks-today
2026-08-11T00:22:32+02:00,VT,"Vanguard Group, Inc. - Vanguard Total World Stock ETF",13,7,74,5,https://feargreedmeter.com/top-100-most-popular-meme-stocks-today
2026-08-11T00:22:32+02:00,SMH,VanEck Vectors ETF Trust - VanEck Vectors Semiconductor ETF,44,7,75,6,https://feargreedmeter.com/top-100-most-popular-meme-stocks-today
2026-08-11T00:22:32+02:00,GO,Grocery Outlet,14,7,76,6,https://feargreedmeter.com/top-100-most-popular-meme-stocks-today
2026-08-11T00:22:32+02:00,ON,ON Semiconductor,17,7,77,1,https://feargreedmeter.com/top-100-most-popular-meme-stocks-today
2026-08-11T00:22:32+02:00,JPM,JPMorgan Chase,31,7,78,6,https://feargreedmeter.com/top-100-most-popular-meme-stocks-today
2026-08-11T00:22:32+02:00,POET,POET Technologies,17,6,79,5,https://feargreedmeter.com/top-100-most-popular-meme-stocks-today
2026-08-11T00:22:32+02:00,ARR,ARMOUR Residential REIT,153,6,80,5,https://feargreedmeter.com/top-100-most-popular-meme-stocks-today
2026-08-11T00:22:32+02:00,CD,Chindata,9,6,81,5,https://feargreedmeter.com/top-100-most-popular-meme-stocks-today
2026-08-11T00:22:32+02:00,HOOD,Robinhood,14,6,82,2,https://feargreedmeter.com/top-100-most-popular-meme-stocks-today
2026-08-11T00:22:32+02:00,FCF,First Commonwealth Financial Corp,7,6,83,2,https://feargreedmeter.com/top-100-most-popular-meme-stocks-today
2026-08-11T00:22:32+02:00,ABNB,Airbnb,7,6,84,5,https://feargreedmeter.com/top-100-most-popular-meme-stocks-today
2026-08-11T00:22:32+02:00,GME,GameStop,12,6,85,3,https://feargreedmeter.com/top-100-most-popular-meme-stocks-today
2026-08-11T00:22:32+02:00,VXUS,"Vanguard Group, Inc. - Vanguard Total International Stock ETF",3,6,86,4,https://feargreedmeter.com/top-100-most-popular-meme-stocks-today
2026-08-11T00:22:32+02:00,VTV,"Vanguard Group, Inc. - Vanguard Value ETF",4,6,87,5,https://feargreedmeter.com/top-100-most-popular-meme-stocks-today
2026-08-11T00:22:32+02:00,CVNA,Carvana,9,6,88,5,https://feargreedmeter.com/top-100-most-popular-meme-stocks-today
2026-08-11T00:22:32+02:00,ET,Energy Transfer Partners,282,6,89,3,https://feargreedmeter.com/top-100-most-popular-meme-stocks-today
2026-08-11T00:22:32+02:00,HBM,Hudbay Minerals,26,6,90,0,https://feargreedmeter.com/top-100-most-popular-meme-stocks-today
2026-08-11T00:22:32+02:00,CRWD,CrowdStrike,9,6,91,5,https://feargreedmeter.com/top-100-most-popular-meme-stocks-today
2026-08-11T00:22:32+02:00,TX,Ternium,355,6,92,5,https://feargreedmeter.com/top-100-most-popular-meme-stocks-today
2026-08-11T00:22:32+02:00,NKE,Nike,21,6,93,5,https://feargreedmeter.com/top-100-most-popular-meme-stocks-today
2026-08-11T00:22:32+02:00,HPE,Hewlett Packard Enterprise,11,6,94,5,https://feargreedmeter.com/top-100-most-popular-meme-stocks-today
2026-08-11T00:22:32+02:00,GL,Globe Life,134,6,95,5,https://feargreedmeter.com/top-100-most-popular-meme-stocks-today
2026-08-11T00:22:32+02:00,ALL,Allstate,-11,6,96,4,https://feargreedmeter.com/top-100-most-popular-meme-stocks-today
2026-08-11T00:22:32+02:00,KO,Coca-Cola,9,6,97,-5,https://feargreedmeter.com/top-100-most-popular-meme-stocks-today
2026-08-11T00:22:32+02:00,TSM,TSMC,17,6,98,5,https://feargreedmeter.com/top-100-most-popular-meme-stocks-today
2026-08-11T00:22:32+02:00,KEEL,Keel Infrastructure,9,5,99,3,https://feargreedmeter.com/top-100-most-popular-meme-stocks-today
2026-08-11T00:22:32+02:00,OS,OneStream,,5,100,2,https://feargreedmeter.com/top-100-most-popular-meme-stocks-today
2026-08-11T01:05:01+02:00,SPY,SPDR S&P 500 ETF Trust,1736,440,1,341,https://feargreedmeter.com/top-100-most-popular-meme-stocks-today
2026-08-11T01:05:01+02:00,HTZ,Hertz,1138,381,2,311,https://feargreedmeter.com/top-100-most-popular-meme-stocks-today
2026-08-11T01:05:01+02:00,RKLB,Rocket Lab USA,1006,334,3,302,https://feargreedmeter.com/top-100-most-popular-meme-stocks-today
2026-08-11T01:05:01+02:00,ASTS,AST SpaceMobile,651,221,4,196,https://feargreedmeter.com/top-100-most-popular-meme-stocks-today
2026-08-11T01:05:01+02:00,MU,Micron Technology,775,197,5,141,https://feargreedmeter.com/top-100-most-popular-meme-stocks-today
2026-08-11T01:05:01+02:00,SPCX,SpaceX,375,176,6,112,https://feargreedmeter.com/top-100-most-popular-meme-stocks-today
2026-08-11T01:05:01+02:00,NVDA,NVIDIA,402,151,7,130,https://feargreedmeter.com/top-100-most-popular-meme-stocks-today
2026-08-11T01:05:01+02:00,MSFT,Microsoft,445,108,8,99,https://feargreedmeter.com/top-100-most-popular-meme-stocks-today
2026-08-11T01:05:01+02:00,SNDK,Sandisk,226,94,9,72,https://feargreedmeter.com/top-100-most-popular-meme-stocks-today
2026-08-11T01:05:01+02:00,PLTR,Palantir,130,60,10,46,https://feargreedmeter.com/top-100-most-popular-meme-stocks-today
2026-08-11T01:05:01+02:00,META,Meta Platforms (Facebook),103,59,11,49,https://feargreedmeter.com/top-100-most-popular-meme-stocks-today
2026-08-11T01:05:01+02:00,NBIS,Nebius Group,294,58,12,14,https://feargreedmeter.com/top-100-most-popular-meme-stocks-today
2026-08-11T01:05:01+02:00,QQQ,Invesco QQQ ETF,141,58,13,29,https://feargreedmeter.com/top-100-most-popular-meme-stocks-today
2026-08-11T01:05:01+02:00,DTE,DTE Energy,146,51,14,10,https://feargreedmeter.com/top-100-most-popular-meme-stocks-today
2026-08-11T01:05:01+02:00,GOOGL,Alphabet (Google),90,47,15,37,https://feargreedmeter.com/top-100-most-popular-meme-stocks-today
2026-08-11T01:05:01+02:00,ACHR,Archer Aviation,98,47,16,44,https://feargreedmeter.com/top-100-most-popular-meme-stocks-today
2026-08-11T01:05:01+02:00,AAPL,Apple,121,43,17,37,https://feargreedmeter.com/top-100-most-popular-meme-stocks-today
2026-08-11T01:05:01+02:00,HIMS,Hims & Hers Health,97,39,18,36,https://feargreedmeter.com/top-100-most-popular-meme-stocks-today
2026-08-11T01:05:01+02:00,IT,Gartner,52,34,19,21,https://feargreedmeter.com/top-100-most-popular-meme-stocks-today
2026-08-11T01:05:01+02:00,ONDS,Ondas Holdings,82,31,20,14,https://feargreedmeter.com/top-100-most-popular-meme-stocks-today
2026-08-11T01:05:01+02:00,AMD,AMD,91,31,21,23,https://feargreedmeter.com/top-100-most-popular-meme-stocks-today
2026-08-11T01:05:01+02:00,USO,United States Commodity Funds LLC - United States Oil Fund,62,29,22,26,https://feargreedmeter.com/top-100-most-popular-meme-stocks-today
2026-08-11T01:05:01+02:00,SMCI,Supermicro,51,26,23,15,https://feargreedmeter.com/top-100-most-popular-meme-stocks-today
2026-08-11T01:05:01+02:00,NOW,ServiceNow,131,26,24,23,https://feargreedmeter.com/top-100-most-popular-meme-stocks-today
2026-08-11T01:05:01+02:00,TSLA,Tesla,95,25,25,21,https://feargreedmeter.com/top-100-most-popular-meme-stocks-today
2026-08-11T01:05:01+02:00,GOOG,Alphabet (Google),53,25,26,15,https://feargreedmeter.com/top-100-most-popular-meme-stocks-today
2026-08-11T01:05:01+02:00,VOO,Vanguard S&P 500 ETF,75,24,27,-14,https://feargreedmeter.com/top-100-most-popular-meme-stocks-today
2026-08-11T01:05:01+02:00,TTD,The Trade Desk,208,24,28,15,https://feargreedmeter.com/top-100-most-popular-meme-stocks-today
2026-08-11T01:05:01+02:00,YOU,CLEAR Secure,84,21,29,17,https://feargreedmeter.com/top-100-most-popular-meme-stocks-today
2026-08-11T01:05:01+02:00,AM,Antero Midstream,58,21,30,13,https://feargreedmeter.com/top-100-most-popular-meme-stocks-today
2026-08-11T01:05:01+02:00,AMZN,Amazon,48,21,31,19,https://feargreedmeter.com/top-100-most-popular-meme-stocks-today
2026-08-11T01:05:01+02:00,CRWV,CoreWeave,36,20,32,8,https://feargreedmeter.com/top-100-most-popular-meme-stocks-today
2026-08-11T01:05:01+02:00,API,Agora.io,31,20,33,10,https://feargreedmeter.com/top-100-most-popular-meme-stocks-today
2026-08-11T01:05:01+02:00,GLD,SSgA SPDR Gold Shares,49,20,34,14,https://feargreedmeter.com/top-100-most-popular-meme-stocks-today
2026-08-11T01:05:01+02:00,CC,Chemours,1927,20,35,17,https://feargreedmeter.com/top-100-most-popular-meme-stocks-today
2026-08-11T01:05:01+02:00,RDDT,Reddit,160,19,36,11,https://feargreedmeter.com/top-100-most-popular-meme-stocks-today
2026-08-11T01:05:01+02:00,SLV,iShares Silver Trust,44,19,37,14,https://feargreedmeter.com/top-100-most-popular-meme-stocks-today
2026-08-11T01:05:01+02:00,USAR,USA Rare Earth,37,15,38,14,https://feargreedmeter.com/top-100-most-popular-meme-stocks-today
2026-08-11T01:05:01+02:00,INTC,Intel,331,15,39,11,https://feargreedmeter.com/top-100-most-popular-meme-stocks-today
2026-08-11T01:05:01+02:00,DJT,Trump Media & Technology Group,68,14,40,8,https://feargreedmeter.com/top-100-most-popular-meme-stocks-today
2026-08-11T01:05:01+02:00,IP,International Paper,50,12,41,11,https://feargreedmeter.com/top-100-most-popular-meme-stocks-today
2026-08-11T01:05:01+02:00,INFQ,Infleqtion,18,11,42,2,https://feargreedmeter.com/top-100-most-popular-meme-stocks-today
2026-08-11T01:05:01+02:00,ES,Eversource Energy,18,11,43,3,https://feargreedmeter.com/top-100-most-popular-meme-stocks-today
2026-08-11T01:05:01+02:00,AAOI,Applied Optoelectronics,19,10,44,2,https://feargreedmeter.com/top-100-most-popular-meme-stocks-today
2026-08-11T01:05:01+02:00,RCAT,Red Cat Holdings,15,10,45,10,https://feargreedmeter.com/top-100-most-popular-meme-stocks-today
2026-08-11T01:05:01+02:00,SOXL,Direxion Shares ETF Trust - Direxion Daily Semiconductor Bull 3X Share,22,10,46,1,https://feargreedmeter.com/top-100-most-popular-meme-stocks-today
2026-08-11T01:05:01+02:00,SCHD,Schwab Strategic Trust - CSIM Schwab US Dividend Equity ETF,8,10,47,4,https://feargreedmeter.com/top-100-most-popular-meme-stocks-today
2026-08-11T01:05:01+02:00,AGI,Alamos Gold,14,10,48,9,https://feargreedmeter.com/top-100-most-popular-meme-stocks-today
2026-08-11T01:05:01+02:00,UBER,Uber,87,10,49,9,https://feargreedmeter.com/top-100-most-popular-meme-stocks-today
2026-08-11T01:05:01+02:00,COHR,Coherent,19,10,50,4,https://feargreedmeter.com/top-100-most-popular-meme-stocks-today
2026-08-11T01:05:01+02:00,IQ,iQIYI,21,10,51,1,https://feargreedmeter.com/top-100-most-popular-meme-stocks-today
2026-08-11T01:05:01+02:00,PS,Pluralsight,157,10,52,6,https://feargreedmeter.com/top-100-most-popular-meme-stocks-today
2026-08-11T01:05:01+02:00,RIOT,Riot Blockchain,14,10,53,9,https://feargreedmeter.com/top-100-most-popular-meme-stocks-today
2026-08-11T01:05:01+02:00,RR,Richtech Robotics,58,9,54,0,https://feargreedmeter.com/top-100-most-popular-meme-stocks-today
2026-08-11T01:05:01+02:00,GLP,Global Partners LP,42,9,55,7,https://feargreedmeter.com/top-100-most-popular-meme-stocks-today
2026-08-11T01:05:01+02:00,MRVL,Marvell Technology Group,16,9,56,6,https://feargreedmeter.com/top-100-most-popular-meme-stocks-today
2026-08-11T01:05:01+02:00,VC,Visteon,364,9,57,8,https://feargreedmeter.com/top-100-most-popular-meme-stocks-today
2026-08-11T01:05:01+02:00,ORCL,Oracle,19,9,58,8,https://feargreedmeter.com/top-100-most-popular-meme-stocks-today
2026-08-11T01:05:01+02:00,SION,Sionna Therapeutics,14,8,59,8,https://feargreedmeter.com/top-100-most-popular-meme-stocks-today
2026-08-11T01:05:01+02:00,OKLO,Oklo,22,8,60,6,https://feargreedmeter.com/top-100-most-popular-meme-stocks-today
2026-08-11T01:05:01+02:00,LUNR,Intuitive Machines,25,8,61,6,https://feargreedmeter.com/top-100-most-popular-meme-stocks-today
2026-08-11T01:05:01+02:00,UP,Wheels Up,12,8,62,6,https://feargreedmeter.com/top-100-most-popular-meme-stocks-today
2026-08-11T01:05:01+02:00,SNOW,Snowflake,20,8,63,7,https://feargreedmeter.com/top-100-most-popular-meme-stocks-today
2026-08-11T01:05:01+02:00,GO,Grocery Outlet,16,8,64,7,https://feargreedmeter.com/top-100-most-popular-meme-stocks-today
2026-08-11T01:05:01+02:00,LITE,Lumentum,17,8,65,2,https://feargreedmeter.com/top-100-most-popular-meme-stocks-today
2026-08-11T01:05:01+02:00,PLUG,Plug Power,19,8,66,7,https://feargreedmeter.com/top-100-most-popular-meme-stocks-today
2026-08-11T01:05:01+02:00,WEN,Wendy’s Company,22,8,67,2,https://feargreedmeter.com/top-100-most-popular-meme-stocks-today
2026-08-11T01:05:01+02:00,WDC,Western Digital,14,8,68,7,https://feargreedmeter.com/top-100-most-popular-meme-stocks-today
2026-08-11T01:05:01+02:00,NFLX,Netflix,52,8,69,7,https://feargreedmeter.com/top-100-most-popular-meme-stocks-today
2026-08-11T01:05:01+02:00,VIVK,Vivakor,24,7,70,7,https://feargreedmeter.com/top-100-most-popular-meme-stocks-today
2026-08-11T01:05:01+02:00,SOUN,SoundHound AI,11,7,71,1,https://feargreedmeter.com/top-100-most-popular-meme-stocks-today
2026-08-11T01:05:01+02:00,CD,Chindata,10,7,72,6,https://feargreedmeter.com/top-100-most-popular-meme-stocks-today
2026-08-11T01:05:01+02:00,SLS,Sellas Life Sciences,16,7,73,2,https://feargreedmeter.com/top-100-most-popular-meme-stocks-today
2026-08-11T01:05:01+02:00,CAKE,The Cheesecake Factory,13,7,74,7,https://feargreedmeter.com/top-100-most-popular-meme-stocks-today
2026-08-11T01:05:01+02:00,TLT,BlackRock Institutional Trust Company N.A. - BTC iShares 20+ Year Trea,19,7,75,6,https://feargreedmeter.com/top-100-most-popular-meme-stocks-today
2026-08-11T01:05:01+02:00,VTI,Vanguard Total Stock Market ETF,7,7,76,5,https://feargreedmeter.com/top-100-most-popular-meme-stocks-today
2026-08-11T01:05:01+02:00,SMH,VanEck Vectors ETF Trust - VanEck Vectors Semiconductor ETF,43,7,77,6,https://feargreedmeter.com/top-100-most-popular-meme-stocks-today
2026-08-11T01:05:01+02:00,CRWD,CrowdStrike,10,7,78,6,https://feargreedmeter.com/top-100-most-popular-meme-stocks-today
2026-08-11T01:05:01+02:00,ON,ON Semiconductor,18,7,79,1,https://feargreedmeter.com/top-100-most-popular-meme-stocks-today
2026-08-11T01:05:01+02:00,JPM,JPMorgan Chase,33,7,80,6,https://feargreedmeter.com/top-100-most-popular-meme-stocks-today
2026-08-11T01:05:01+02:00,NKE,Nike,22,7,81,6,https://feargreedmeter.com/top-100-most-popular-meme-stocks-today
2026-08-11T01:05:01+02:00,ALL,Allstate,-10,7,82,4,https://feargreedmeter.com/top-100-most-popular-meme-stocks-today
2026-08-11T01:05:01+02:00,POET,POET Technologies,16,6,83,5,https://feargreedmeter.com/top-100-most-popular-meme-stocks-today
2026-08-11T01:05:01+02:00,ARR,ARMOUR Residential REIT,152,6,84,5,https://feargreedmeter.com/top-100-most-popular-meme-stocks-today
2026-08-11T01:05:01+02:00,HOOD,Robinhood,14,6,85,2,https://feargreedmeter.com/top-100-most-popular-meme-stocks-today
2026-08-11T01:05:01+02:00,FCF,First Commonwealth Financial Corp,9,6,86,2,https://feargreedmeter.com/top-100-most-popular-meme-stocks-today
2026-08-11T01:05:01+02:00,ABNB,Airbnb,7,6,87,5,https://feargreedmeter.com/top-100-most-popular-meme-stocks-today
2026-08-11T01:05:01+02:00,SGOV,iShares Trust - iShares 0-3 Month Treasury Bond ETF,21,6,88,5,https://feargreedmeter.com/top-100-most-popular-meme-stocks-today
2026-08-11T01:05:01+02:00,VXUS,"Vanguard Group, Inc. - Vanguard Total International Stock ETF",4,6,89,4,https://feargreedmeter.com/top-100-most-popular-meme-stocks-today
2026-08-11T01:05:01+02:00,VTV,"Vanguard Group, Inc. - Vanguard Value ETF",6,6,90,5,https://feargreedmeter.com/top-100-most-popular-meme-stocks-today
2026-08-11T01:05:01+02:00,CVNA,Carvana,9,6,91,5,https://feargreedmeter.com/top-100-most-popular-meme-stocks-today
2026-08-11T01:05:01+02:00,ET,Energy Transfer Partners,279,6,92,3,https://feargreedmeter.com/top-100-most-popular-meme-stocks-today
2026-08-11T01:05:01+02:00,TX,Ternium,357,6,93,5,https://feargreedmeter.com/top-100-most-popular-meme-stocks-today
2026-08-11T01:05:01+02:00,HPE,Hewlett Packard Enterprise,11,6,94,5,https://feargreedmeter.com/top-100-most-popular-meme-stocks-today
2026-08-11T01:05:01+02:00,GL,Globe Life,134,6,95,5,https://feargreedmeter.com/top-100-most-popular-meme-stocks-today
2026-08-11T01:05:01+02:00,KO,Coca-Cola,9,6,96,-7,https://feargreedmeter.com/top-100-most-popular-meme-stocks-today
2026-08-11T01:05:01+02:00,TSM,TSMC,15,6,97,5,https://feargreedmeter.com/top-100-most-popular-meme-stocks-today
2026-08-11T01:05:01+02:00,KEEL,Keel Infrastructure,10,5,98,3,https://feargreedmeter.com/top-100-most-popular-meme-stocks-today
2026-08-11T01:05:01+02:00,OS,OneStream,,5,99,3,https://feargreedmeter.com/top-100-most-popular-meme-stocks-today
2026-08-11T01:05:01+02:00,APP,AppLovin,10,5,100,3,https://feargreedmeter.com/top-100-most-popular-meme-stocks-today
2026-08-11T01:48:00+02:00,SPY,SPDR S&P 500 ETF Trust,1760,443,1,343,https://feargreedmeter.com/top-100-most-popular-meme-stocks-today
2026-08-11T01:48:00+02:00,HTZ,Hertz,1120,363,2,284,https://feargreedmeter.com/top-100-most-popular-meme-stocks-today
2026-08-11T01:48:00+02:00,RKLB,Rocket Lab USA,1052,335,3,296,https://feargreedmeter.com/top-100-most-popular-meme-stocks-today
2026-08-11T01:48:00+02:00,ASTS,AST SpaceMobile,698,223,4,193,https://feargreedmeter.com/top-100-most-popular-meme-stocks-today
2026-08-11T01:48:00+02:00,MU,Micron Technology,797,200,5,143,https://feargreedmeter.com/top-100-most-popular-meme-stocks-today
2026-08-11T01:48:00+02:00,SPCX,SpaceX,360,169,6,106,https://feargreedmeter.com/top-100-most-popular-meme-stocks-today
2026-08-11T01:48:00+02:00,NVDA,NVIDIA,413,151,7,130,https://feargreedmeter.com/top-100-most-popular-meme-stocks-today
2026-08-11T01:48:00+02:00,MSFT,Microsoft,455,109,8,100,https://feargreedmeter.com/top-100-most-popular-meme-stocks-today
2026-08-11T01:48:00+02:00,SNDK,Sandisk,232,96,9,73,https://feargreedmeter.com/top-100-most-popular-meme-stocks-today
2026-08-11T01:48:00+02:00,NBIS,Nebius Group,298,60,10,13,https://feargreedmeter.com/top-100-most-popular-meme-stocks-today
2026-08-11T01:48:00+02:00,PLTR,Palantir,132,60,11,48,https://feargreedmeter.com/top-100-most-popular-meme-stocks-today
2026-08-11T01:48:00+02:00,META,Meta Platforms (Facebook),101,59,12,51,https://feargreedmeter.com/top-100-most-popular-meme-stocks-today
2026-08-11T01:48:00+02:00,QQQ,Invesco QQQ ETF,141,58,13,29,https://feargreedmeter.com/top-100-most-popular-meme-stocks-today
2026-08-11T01:48:00+02:00,DTE,DTE Energy,148,51,14,13,https://feargreedmeter.com/top-100-most-popular-meme-stocks-today
2026-08-11T01:48:00+02:00,GOOGL,Alphabet (Google),92,48,15,38,https://feargreedmeter.com/top-100-most-popular-meme-stocks-today
2026-08-11T01:48:00+02:00,ACHR,Archer Aviation,98,47,16,44,https://feargreedmeter.com/top-100-most-popular-meme-stocks-today
2026-08-11T01:48:00+02:00,AAPL,Apple,121,43,17,37,https://feargreedmeter.com/top-100-most-popular-meme-stocks-today
2026-08-11T01:48:00+02:00,HIMS,Hims & Hers Health,103,40,18,36,https://feargreedmeter.com/top-100-most-popular-meme-stocks-today
2026-08-11T01:48:00+02:00,IT,Gartner,61,33,19,18,https://feargreedmeter.com/top-100-most-popular-meme-stocks-today
2026-08-11T01:48:00+02:00,AMD,AMD,85,32,20,23,https://feargreedmeter.com/top-100-most-popular-meme-stocks-today
2026-08-11T01:48:00+02:00,ONDS,Ondas Holdings,73,30,21,11,https://feargreedmeter.com/top-100-most-popular-meme-stocks-today
2026-08-11T01:48:00+02:00,USO,United States Commodity Funds LLC - United States Oil Fund,63,29,22,26,https://feargreedmeter.com/top-100-most-popular-meme-stocks-today
2026-08-11T01:48:00+02:00,SMCI,Supermicro,54,28,23,16,https://feargreedmeter.com/top-100-most-popular-meme-stocks-today
2026-08-11T01:48:00+02:00,NOW,ServiceNow,138,26,24,23,https://feargreedmeter.com/top-100-most-popular-meme-stocks-today
2026-08-11T01:48:00+02:00,GOOG,Alphabet (Google),54,26,25,15,https://feargreedmeter.com/top-100-most-popular-meme-stocks-today
2026-08-11T01:48:00+02:00,TSLA,Tesla,95,25,26,21,https://feargreedmeter.com/top-100-most-popular-meme-stocks-today
2026-08-11T01:48:00+02:00,VOO,Vanguard S&P 500 ETF,75,24,27,-18,https://feargreedmeter.com/top-100-most-popular-meme-stocks-today
2026-08-11T01:48:00+02:00,TTD,The Trade Desk,210,24,28,15,https://feargreedmeter.com/top-100-most-popular-meme-stocks-today
2026-08-11T01:48:00+02:00,API,Agora.io,37,22,29,11,https://feargreedmeter.com/top-100-most-popular-meme-stocks-today
2026-08-11T01:48:00+02:00,AM,Antero Midstream,60,22,30,14,https://feargreedmeter.com/top-100-most-popular-meme-stocks-today
2026-08-11T01:48:00+02:00,YOU,CLEAR Secure,86,21,31,17,https://feargreedmeter.com/top-100-most-popular-meme-stocks-today
2026-08-11T01:48:00+02:00,CRWV,CoreWeave,36,20,32,9,https://feargreedmeter.com/top-100-most-popular-meme-stocks-today
2026-08-11T01:48:00+02:00,AMZN,Amazon,46,20,33,18,https://feargreedmeter.com/top-100-most-popular-meme-stocks-today
2026-08-11T01:48:00+02:00,SLV,iShares Silver Trust,44,19,34,14,https://feargreedmeter.com/top-100-most-popular-meme-stocks-today
2026-08-11T01:48:00+02:00,GLD,SSgA SPDR Gold Shares,45,19,35,13,https://feargreedmeter.com/top-100-most-popular-meme-stocks-today
2026-08-11T01:48:00+02:00,CC,Chemours,160,18,36,14,https://feargreedmeter.com/top-100-most-popular-meme-stocks-today
2026-08-11T01:48:00+02:00,RDDT,Reddit,141,17,37,7,https://feargreedmeter.com/top-100-most-popular-meme-stocks-today
2026-08-11T01:48:00+02:00,USAR,USA Rare Earth,37,15,38,14,https://feargreedmeter.com/top-100-most-popular-meme-stocks-today
2026-08-11T01:48:00+02:00,INTC,Intel,330,15,39,11,https://feargreedmeter.com/top-100-most-popular-meme-stocks-today
2026-08-11T01:48:00+02:00,DJT,Trump Media & Technology Group,68,14,40,8,https://feargreedmeter.com/top-100-most-popular-meme-stocks-today
2026-08-11T01:48:00+02:00,VC,Visteon,414,13,41,12,https://feargreedmeter.com/top-100-most-popular-meme-stocks-today
2026-08-11T01:48:00+02:00,IP,International Paper,52,12,42,11,https://feargreedmeter.com/top-100-most-popular-meme-stocks-today
2026-08-11T01:48:00+02:00,ES,Eversource Energy,18,12,43,4,https://feargreedmeter.com/top-100-most-popular-meme-stocks-today
2026-08-11T01:48:00+02:00,SOXL,Direxion Shares ETF Trust - Direxion Daily Semiconductor Bull 3X Share,23,11,44,2,https://feargreedmeter.com/top-100-most-popular-meme-stocks-today
2026-08-11T01:48:00+02:00,COHR,Coherent,20,11,45,5,https://feargreedmeter.com/top-100-most-popular-meme-stocks-today
2026-08-11T01:48:00+02:00,INFQ,Infleqtion,15,10,46,1,https://feargreedmeter.com/top-100-most-popular-meme-stocks-today
2026-08-11T01:48:00+02:00,AAOI,Applied Optoelectronics,19,10,47,1,https://feargreedmeter.com/top-100-most-popular-meme-stocks-today
2026-08-11T01:48:00+02:00,RCAT,Red Cat Holdings,15,10,48,10,https://feargreedmeter.com/top-100-most-popular-meme-stocks-today
2026-08-11T01:48:00+02:00,SCHD,Schwab Strategic Trust - CSIM Schwab US Dividend Equity ETF,8,10,49,3,https://feargreedmeter.com/top-100-most-popular-meme-stocks-today
2026-08-11T01:48:00+02:00,AGI,Alamos Gold,13,10,50,9,https://feargreedmeter.com/top-100-most-popular-meme-stocks-today
2026-08-11T01:48:00+02:00,UBER,Uber,89,10,51,9,https://feargreedmeter.com/top-100-most-popular-meme-stocks-today
2026-08-11T01:48:00+02:00,PS,Pluralsight,160,10,52,6,https://feargreedmeter.com/top-100-most-popular-meme-stocks-today
2026-08-11T01:48:00+02:00,RIOT,Riot Blockchain,14,10,53,9,https://feargreedmeter.com/top-100-most-popular-meme-stocks-today
2026-08-11T01:48:00+02:00,RR,Richtech Robotics,58,9,54,0,https://feargreedmeter.com/top-100-most-popular-meme-stocks-today
2026-08-11T01:48:00+02:00,GLP,Global Partners LP,48,9,55,7,https://feargreedmeter.com/top-100-most-popular-meme-stocks-today
2026-08-11T01:48:00+02:00,SLS,Sellas Life Sciences,22,9,56,3,https://feargreedmeter.com/top-100-most-popular-meme-stocks-today
2026-08-11T01:48:00+02:00,IQ,iQIYI,19,9,57,0,https://feargreedmeter.com/top-100-most-popular-meme-stocks-today
2026-08-11T01:48:00+02:00,MRVL,Marvell Technology Group,16,9,58,6,https://feargreedmeter.com/top-100-most-popular-meme-stocks-today
2026-08-11T01:48:00+02:00,ALL,Allstate,-10,9,59,6,https://feargreedmeter.com/top-100-most-popular-meme-stocks-today
2026-08-11T01:48:00+02:00,ORCL,Oracle,19,9,60,8,https://feargreedmeter.com/top-100-most-popular-meme-stocks-today
2026-08-11T01:48:00+02:00,SION,Sionna Therapeutics,14,8,61,8,https://feargreedmeter.com/top-100-most-popular-meme-stocks-today
2026-08-11T01:48:00+02:00,OKLO,Oklo,22,8,62,5,https://feargreedmeter.com/top-100-most-popular-meme-stocks-today
2026-08-11T01:48:00+02:00,LUNR,Intuitive Machines,25,8,63,6,https://feargreedmeter.com/top-100-most-popular-meme-stocks-today
2026-08-11T01:48:00+02:00,ARR,ARMOUR Residential REIT,161,8,64,7,https://feargreedmeter.com/top-100-most-popular-meme-stocks-today
2026-08-11T01:48:00+02:00,CD,Chindata,14,8,65,6,https://feargreedmeter.com/top-100-most-popular-meme-stocks-today
2026-08-11T01:48:00+02:00,UP,Wheels Up,14,8,66,6,https://feargreedmeter.com/top-100-most-popular-meme-stocks-today
2026-08-11T01:48:00+02:00,SNOW,Snowflake,20,8,67,7,https://feargreedmeter.com/top-100-most-popular-meme-stocks-today
2026-08-11T01:48:00+02:00,GO,Grocery Outlet,16,8,68,7,https://feargreedmeter.com/top-100-most-popular-meme-stocks-today
2026-08-11T01:48:00+02:00,LITE,Lumentum,17,8,69,2,https://feargreedmeter.com/top-100-most-popular-meme-stocks-today
2026-08-11T01:48:00+02:00,PLUG,Plug Power,18,8,70,7,https://feargreedmeter.com/top-100-most-popular-meme-stocks-today
2026-08-11T01:48:00+02:00,WEN,Wendy’s Company,22,8,71,3,https://feargreedmeter.com/top-100-most-popular-meme-stocks-today
2026-08-11T01:48:00+02:00,WDC,Western Digital,14,8,72,7,https://feargreedmeter.com/top-100-most-popular-meme-stocks-today
2026-08-11T01:48:00+02:00,NFLX,Netflix,52,8,73,7,https://feargreedmeter.com/top-100-most-popular-meme-stocks-today
2026-08-11T01:48:00+02:00,VIVK,Vivakor,23,7,74,7,https://feargreedmeter.com/top-100-most-popular-meme-stocks-today
2026-08-11T01:48:00+02:00,SOUN,SoundHound AI,12,7,75,0,https://feargreedmeter.com/top-100-most-popular-meme-stocks-today
2026-08-11T01:48:00+02:00,CAKE,The Cheesecake Factory,13,7,76,7,https://feargreedmeter.com/top-100-most-popular-meme-stocks-today
2026-08-11T01:48:00+02:00,TLT,BlackRock Institutional Trust Company N.A. - BTC iShares 20+ Year Trea,19,7,77,6,https://feargreedmeter.com/top-100-most-popular-meme-stocks-today
2026-08-11T01:48:00+02:00,VTI,Vanguard Total Stock Market ETF,6,7,78,5,https://feargreedmeter.com/top-100-most-popular-meme-stocks-today
2026-08-11T01:48:00+02:00,SMH,VanEck Vectors ETF Trust - VanEck Vectors Semiconductor ETF,43,7,79,6,https://feargreedmeter.com/top-100-most-popular-meme-stocks-today
2026-08-11T01:48:00+02:00,ON,ON Semiconductor,18,7,80,1,https://feargreedmeter.com/top-100-most-popular-meme-stocks-today
2026-08-11T01:48:00+02:00,JPM,JPMorgan Chase,34,7,81,6,https://feargreedmeter.com/top-100-most-popular-meme-stocks-today
2026-08-11T01:48:00+02:00,FCF,First Commonwealth Financial Corp,7,6,82,3,https://feargreedmeter.com/top-100-most-popular-meme-stocks-today
2026-08-11T01:48:00+02:00,ABNB,Airbnb,7,6,83,5,https://feargreedmeter.com/top-100-most-popular-meme-stocks-today
2026-08-11T01:48:00+02:00,BW,Babcock & Wilcox,17,6,84,6,https://feargreedmeter.com/top-100-most-popular-meme-stocks-today
2026-08-11T01:48:00+02:00,SGOV,iShares Trust - iShares 0-3 Month Treasury Bond ETF,23,6,85,4,https://feargreedmeter.com/top-100-most-popular-meme-stocks-today
2026-08-11T01:48:00+02:00,VXUS,"Vanguard Group, Inc. - Vanguard Total International Stock ETF",3,6,86,4,https://feargreedmeter.com/top-100-most-popular-meme-stocks-today
2026-08-11T01:48:00+02:00,VTV,"Vanguard Group, Inc. - Vanguard Value ETF",5,6,87,5,https://feargreedmeter.com/top-100-most-popular-meme-stocks-today
2026-08-11T01:48:00+02:00,CVNA,Carvana,9,6,88,5,https://feargreedmeter.com/top-100-most-popular-meme-stocks-today
2026-08-11T01:48:00+02:00,CRWD,CrowdStrike,8,6,89,5,https://feargreedmeter.com/top-100-most-popular-meme-stocks-today
2026-08-11T01:48:00+02:00,GL,Globe Life,134,6,90,5,https://feargreedmeter.com/top-100-most-popular-meme-stocks-today
2026-08-11T01:48:00+02:00,KO,Coca-Cola,9,6,91,-7,https://feargreedmeter.com/top-100-most-popular-meme-stocks-today
2026-08-11T01:48:00+02:00,TSM,TSMC,17,6,92,5,https://feargreedmeter.com/top-100-most-popular-meme-stocks-today
2026-08-11T01:48:00+02:00,KEEL,Keel Infrastructure,9,5,93,3,https://feargreedmeter.com/top-100-most-popular-meme-stocks-today
2026-08-11T01:48:00+02:00,OS,OneStream,,5,94,3,https://feargreedmeter.com/top-100-most-popular-meme-stocks-today
2026-08-11T01:48:00+02:00,POET,POET Technologies,15,5,95,3,https://feargreedmeter.com/top-100-most-popular-meme-stocks-today
2026-08-11T01:48:00+02:00,APP,AppLovin,10,5,96,3,https://feargreedmeter.com/top-100-most-popular-meme-stocks-today
2026-08-11T01:48:00+02:00,HOOD,Robinhood,12,5,97,1,https://feargreedmeter.com/top-100-most-popular-meme-stocks-today
2026-08-11T01:48:00+02:00,OPEN,Opendoor,17,5,98,-3,https://feargreedmeter.com/top-100-most-popular-meme-stocks-today
2026-08-11T01:48:00+02:00,GME,GameStop,14,5,99,1,https://feargreedmeter.com/top-100-most-popular-meme-stocks-today
2026-08-11T01:48:00+02:00,VT,"Vanguard Group, Inc. - Vanguard Total World Stock ETF",10,5,100,1,https://feargreedmeter.com/top-100-most-popular-meme-stocks-today
2026-08-11T02:39:19+02:00,SPY,SPDR S&P 500 ETF Trust,1742,438,1,329,https://feargreedmeter.com/top-100-most-popular-meme-stocks-today
2026-08-11T02:39:19+02:00,HTZ,Hertz,1012,360,2,263,https://feargreedmeter.com/top-100-most-popular-meme-stocks-today
2026-08-11T02:39:19+02:00,RKLB,Rocket Lab USA,1055,335,3,296,https://feargreedmeter.com/top-100-most-popular-meme-stocks-today
2026-08-11T02:39:19+02:00,ASTS,AST SpaceMobile,697,223,4,196,https://feargreedmeter.com/top-100-most-popular-meme-stocks-today
2026-08-11T02:39:19+02:00,MU,Micron Technology,812,196,5,142,https://feargreedmeter.com/top-100-most-popular-meme-stocks-today
2026-08-11T02:39:19+02:00,SPCX,SpaceX,337,164,6,95,https://feargreedmeter.com/top-100-most-popular-meme-stocks-today
2026-08-11T02:39:19+02:00,NVDA,NVIDIA,421,150,7,128,https://feargreedmeter.com/top-100-most-popular-meme-stocks-today
2026-08-11T02:39:19+02:00,MSFT,Microsoft,463,112,8,104,https://feargreedmeter.com/top-100-most-popular-meme-stocks-today
2026-08-11T02:39:19+02:00,SNDK,Sandisk,226,101,9,81,https://feargreedmeter.com/top-100-most-popular-meme-stocks-today
2026-08-11T02:39:19+02:00,META,Meta Platforms (Facebook),109,60,10,53,https://feargreedmeter.com/top-100-most-popular-meme-stocks-today
2026-08-11T02:39:19+02:00,NBIS,Nebius Group,301,59,11,14,https://feargreedmeter.com/top-100-most-popular-meme-stocks-today
2026-08-11T02:39:19+02:00,PLTR,Palantir,128,58,12,46,https://feargreedmeter.com/top-100-most-popular-meme-stocks-today
2026-08-11T02:39:19+02:00,QQQ,Invesco QQQ ETF,139,54,13,26,https://feargreedmeter.com/top-100-most-popular-meme-stocks-today
2026-08-11T02:39:19+02:00,DTE,DTE Energy,154,53,14,17,https://feargreedmeter.com/top-100-most-popular-meme-stocks-today
2026-08-11T02:39:19+02:00,GOOGL,Alphabet (Google),101,49,15,41,https://feargreedmeter.com/top-100-most-popular-meme-stocks-today
2026-08-11T02:39:19+02:00,ACHR,Archer Aviation,102,47,16,44,https://feargreedmeter.com/top-100-most-popular-meme-stocks-today
2026-08-11T02:39:19+02:00,AAPL,Apple,132,45,17,39,https://feargreedmeter.com/top-100-most-popular-meme-stocks-today
2026-08-11T02:39:19+02:00,HIMS,Hims & Hers Health,103,40,18,36,https://feargreedmeter.com/top-100-most-popular-meme-stocks-today
2026-08-11T02:39:19+02:00,IT,Gartner,77,34,19,18,https://feargreedmeter.com/top-100-most-popular-meme-stocks-today
2026-08-11T02:39:19+02:00,AMD,AMD,87,33,20,26,https://feargreedmeter.com/top-100-most-popular-meme-stocks-today
2026-08-11T02:39:19+02:00,ONDS,Ondas Holdings,75,32,21,14,https://feargreedmeter.com/top-100-most-popular-meme-stocks-today
2026-08-11T02:39:19+02:00,USO,United States Commodity Funds LLC - United States Oil Fund,61,29,22,26,https://feargreedmeter.com/top-100-most-popular-meme-stocks-today
2026-08-11T02:39:19+02:00,SMCI,Supermicro,58,29,23,17,https://feargreedmeter.com/top-100-most-popular-meme-stocks-today
2026-08-11T02:39:19+02:00,NOW,ServiceNow,145,27,24,25,https://feargreedmeter.com/top-100-most-popular-meme-stocks-today
2026-08-11T02:39:19+02:00,TSLA,Tesla,106,27,25,23,https://feargreedmeter.com/top-100-most-popular-meme-stocks-today
2026-08-11T02:39:19+02:00,GOOG,Alphabet (Google),56,27,26,16,https://feargreedmeter.com/top-100-most-popular-meme-stocks-today
2026-08-11T02:39:19+02:00,TTD,The Trade Desk,212,26,27,18,https://feargreedmeter.com/top-100-most-popular-meme-stocks-today
2026-08-11T02:39:19+02:00,VOO,Vanguard S&P 500 ETF,77,25,28,-17,https://feargreedmeter.com/top-100-most-popular-meme-stocks-today
2026-08-11T02:39:19+02:00,API,Agora.io,36,23,29,12,https://feargreedmeter.com/top-100-most-popular-meme-stocks-today
2026-08-11T02:39:19+02:00,CRWV,CoreWeave,36,21,30,11,https://feargreedmeter.com/top-100-most-popular-meme-stocks-today
2026-08-11T02:39:19+02:00,YOU,CLEAR Secure,88,21,31,17,https://feargreedmeter.com/top-100-most-popular-meme-stocks-today
2026-08-11T02:39:19+02:00,GLD,SSgA SPDR Gold Shares,51,21,32,17,https://feargreedmeter.com/top-100-most-popular-meme-stocks-today
2026-08-11T02:39:19+02:00,AMZN,Amazon,54,21,33,18,https://feargreedmeter.com/top-100-most-popular-meme-stocks-today
2026-08-11T02:39:19+02:00,AM,Antero Midstream,58,20,34,12,https://feargreedmeter.com/top-100-most-popular-meme-stocks-today
2026-08-11T02:39:19+02:00,SLV,iShares Silver Trust,44,19,35,16,https://feargreedmeter.com/top-100-most-popular-meme-stocks-today
2026-08-11T02:39:19+02:00,DJT,Trump Media & Technology Group,73,16,36,12,https://feargreedmeter.com/top-100-most-popular-meme-stocks-today
2026-08-11T02:39:19+02:00,RDDT,Reddit,32,16,37,5,https://feargreedmeter.com/top-100-most-popular-meme-stocks-today
2026-08-11T02:39:19+02:00,USAR,USA Rare Earth,38,15,38,14,https://feargreedmeter.com/top-100-most-popular-meme-stocks-today
2026-08-11T02:39:19+02:00,ES,Eversource Energy,22,15,39,8,https://feargreedmeter.com/top-100-most-popular-meme-stocks-today
2026-08-11T02:39:19+02:00,INTC,Intel,334,14,40,12,https://feargreedmeter.com/top-100-most-popular-meme-stocks-today
2026-08-11T02:39:19+02:00,VC,Visteon,414,13,41,12,https://feargreedmeter.com/top-100-most-popular-meme-stocks-today
2026-08-11T02:39:19+02:00,CC,Chemours,17,12,42,6,https://feargreedmeter.com/top-100-most-popular-meme-stocks-today
2026-08-11T02:39:19+02:00,RIOT,Riot Blockchain,18,12,43,11,https://feargreedmeter.com/top-100-most-popular-meme-stocks-today
2026-08-11T02:39:19+02:00,IP,International Paper,52,12,44,11,https://feargreedmeter.com/top-100-most-popular-meme-stocks-today
2026-08-11T02:39:19+02:00,SOXL,Direxion Shares ETF Trust - Direxion Daily Semiconductor Bull 3X Share,22,11,45,2,https://feargreedmeter.com/top-100-most-popular-meme-stocks-today
2026-08-11T02:39:19+02:00,INFQ,Infleqtion,15,10,46,3,https://feargreedmeter.com/top-100-most-popular-meme-stocks-today
2026-08-11T02:39:19+02:00,AAOI,Applied Optoelectronics,19,10,47,1,https://feargreedmeter.com/top-100-most-popular-meme-stocks-today
2026-08-11T02:39:19+02:00,RCAT,Red Cat Holdings,15,10,48,10,https://feargreedmeter.com/top-100-most-popular-meme-stocks-today
2026-08-11T02:39:19+02:00,UP,Wheels Up,20,10,49,8,https://feargreedmeter.com/top-100-most-popular-meme-stocks-today
2026-08-11T02:39:19+02:00,AGI,Alamos Gold,13,10,50,9,https://feargreedmeter.com/top-100-most-popular-meme-stocks-today
2026-08-11T02:39:19+02:00,UBER,Uber,91,10,51,9,https://feargreedmeter.com/top-100-most-popular-meme-stocks-today
2026-08-11T02:39:19+02:00,COHR,Coherent,19,10,52,4,https://feargreedmeter.com/top-100-most-popular-meme-stocks-today
2026-08-11T02:39:19+02:00,MRVL,Marvell Technology Group,17,10,53,7,https://feargreedmeter.com/top-100-most-popular-meme-stocks-today
2026-08-11T02:39:19+02:00,PS,Pluralsight,157,10,54,6,https://feargreedmeter.com/top-100-most-popular-meme-stocks-today
2026-08-11T02:39:19+02:00,RR,Richtech Robotics,83,9,55,0,https://feargreedmeter.com/top-100-most-popular-meme-stocks-today
2026-08-11T02:39:19+02:00,ARR,ARMOUR Residential REIT,157,9,56,8,https://feargreedmeter.com/top-100-most-popular-meme-stocks-today
2026-08-11T02:39:19+02:00,CD,Chindata,17,9,57,7,https://feargreedmeter.com/top-100-most-popular-meme-stocks-today
2026-08-11T02:39:19+02:00,SLS,Sellas Life Sciences,22,9,58,3,https://feargreedmeter.com/top-100-most-popular-meme-stocks-today
2026-08-11T02:39:19+02:00,SCHD,Schwab Strategic Trust - CSIM Schwab US Dividend Equity ETF,8,9,59,2,https://feargreedmeter.com/top-100-most-popular-meme-stocks-today
2026-08-11T02:39:19+02:00,ALL,Allstate,-12,9,60,6,https://feargreedmeter.com/top-100-most-popular-meme-stocks-today
2026-08-11T02:39:19+02:00,SION,Sionna Therapeutics,14,8,61,8,https://feargreedmeter.com/top-100-most-popular-meme-stocks-today
2026-08-11T02:39:19+02:00,GLP,Global Partners LP,50,8,62,6,https://feargreedmeter.com/top-100-most-popular-meme-stocks-today
2026-08-11T02:39:19+02:00,TLT,BlackRock Institutional Trust Company N.A. - BTC iShares 20+ Year Trea,20,8,63,7,https://feargreedmeter.com/top-100-most-popular-meme-stocks-today
2026-08-11T02:39:19+02:00,SNOW,Snowflake,20,8,64,7,https://feargreedmeter.com/top-100-most-popular-meme-stocks-today
2026-08-11T02:39:19+02:00,GO,Grocery Outlet,17,8,65,7,https://feargreedmeter.com/top-100-most-popular-meme-stocks-today
2026-08-11T02:39:19+02:00,IQ,iQIYI,16,8,66,-3,https://feargreedmeter.com/top-100-most-popular-meme-stocks-today
2026-08-11T02:39:19+02:00,LITE,Lumentum,17,8,67,2,https://feargreedmeter.com/top-100-most-popular-meme-stocks-today
2026-08-11T02:39:19+02:00,PLUG,Plug Power,18,8,68,7,https://feargreedmeter.com/top-100-most-popular-meme-stocks-today
2026-08-11T02:39:19+02:00,WEN,Wendy’s Company,22,8,69,3,https://feargreedmeter.com/top-100-most-popular-meme-stocks-today
2026-08-11T02:39:19+02:00,WDC,Western Digital,14,8,70,7,https://feargreedmeter.com/top-100-most-popular-meme-stocks-today
2026-08-11T02:39:19+02:00,ORCL,Oracle,17,8,71,7,https://feargreedmeter.com/top-100-most-popular-meme-stocks-today
2026-08-11T02:39:19+02:00,VIVK,Vivakor,21,7,72,7,https://feargreedmeter.com/top-100-most-popular-meme-stocks-today
2026-08-11T02:39:19+02:00,OKLO,Oklo,19,7,73,3,https://feargreedmeter.com/top-100-most-popular-meme-stocks-today
2026-08-11T02:39:19+02:00,SOUN,SoundHound AI,11,7,74,0,https://feargreedmeter.com/top-100-most-popular-meme-stocks-today
2026-08-11T02:39:19+02:00,BW,Babcock & Wilcox,19,7,75,7,https://feargreedmeter.com/top-100-most-popular-meme-stocks-today
2026-08-11T02:39:19+02:00,CAKE,The Cheesecake Factory,13,7,76,7,https://feargreedmeter.com/top-100-most-popular-meme-stocks-today
2026-08-11T02:39:19+02:00,SMH,VanEck Vectors ETF Trust - VanEck Vectors Semiconductor ETF,46,7,77,6,https://feargreedmeter.com/top-100-most-popular-meme-stocks-today
2026-08-11T02:39:19+02:00,ON,ON Semiconductor,17,7,78,1,https://feargreedmeter.com/top-100-most-popular-meme-stocks-today
2026-08-11T02:39:19+02:00,JPM,JPMorgan Chase,33,7,79,6,https://feargreedmeter.com/top-100-most-popular-meme-stocks-today
2026-08-11T02:39:19+02:00,NFLX,Netflix,48,7,80,6,https://feargreedmeter.com/top-100-most-popular-meme-stocks-today
2026-08-11T02:39:19+02:00,KEEL,Keel Infrastructure,11,6,81,3,https://feargreedmeter.com/top-100-most-popular-meme-stocks-today
2026-08-11T02:39:19+02:00,LUNR,Intuitive Machines,22,6,82,4,https://feargreedmeter.com/top-100-most-popular-meme-stocks-today
2026-08-11T02:39:19+02:00,APP,AppLovin,13,6,83,4,https://feargreedmeter.com/top-100-most-popular-meme-stocks-today
2026-08-11T02:39:19+02:00,HOOD,Robinhood,13,6,84,2,https://feargreedmeter.com/top-100-most-popular-meme-stocks-today
2026-08-11T02:39:19+02:00,FCF,First Commonwealth Financial Corp,8,6,85,3,https://feargreedmeter.com/top-100-most-popular-meme-stocks-today
2026-08-11T02:39:19+02:00,ABNB,Airbnb,7,6,86,5,https://feargreedmeter.com/top-100-most-popular-meme-stocks-today
2026-08-11T02:39:19+02:00,SGOV,iShares Trust - iShares 0-3 Month Treasury Bond ETF,19,6,87,4,https://feargreedmeter.com/top-100-most-popular-meme-stocks-today
2026-08-11T02:39:19+02:00,CVNA,Carvana,9,6,88,5,https://feargreedmeter.com/top-100-most-popular-meme-stocks-today
2026-08-11T02:39:19+02:00,CRWD,CrowdStrike,8,6,89,4,https://feargreedmeter.com/top-100-most-popular-meme-stocks-today
2026-08-11T02:39:19+02:00,HPE,Hewlett Packard Enterprise,12,6,90,4,https://feargreedmeter.com/top-100-most-popular-meme-stocks-today
2026-08-11T02:39:19+02:00,IBM,IBM,18,6,91,5,https://feargreedmeter.com/top-100-most-popular-meme-stocks-today
2026-08-11T02:39:19+02:00,TSM,TSMC,18,6,92,5,https://feargreedmeter.com/top-100-most-popular-meme-stocks-today
2026-08-11T02:39:19+02:00,OS,OneStream,,5,93,3,https://feargreedmeter.com/top-100-most-popular-meme-stocks-today
2026-08-11T02:39:19+02:00,POET,POET Technologies,9,5,94,3,https://feargreedmeter.com/top-100-most-popular-meme-stocks-today
2026-08-11T02:39:19+02:00,GME,GameStop,15,5,95,1,https://feargreedmeter.com/top-100-most-popular-meme-stocks-today
2026-08-11T02:39:19+02:00,VXUS,"Vanguard Group, Inc. - Vanguard Total International Stock ETF",2,5,96,2,https://feargreedmeter.com/top-100-most-popular-meme-stocks-today
2026-08-11T02:39:19+02:00,SOXX,BlackRock Institutional Trust Company N.A. - BTC iShares PHLX Semicond,47,5,97,4,https://feargreedmeter.com/top-100-most-popular-meme-stocks-today
2026-08-11T02:39:19+02:00,UAE,BlackRock Institutional Trust Company N.A. - iShares MSCI UAE ETF,17,5,98,4,https://feargreedmeter.com/top-100-most-popular-meme-stocks-today
2026-08-11T02:39:19+02:00,VTV,"Vanguard Group, Inc. - Vanguard Value ETF",5,5,99,4,https://feargreedmeter.com/top-100-most-popular-meme-stocks-today
2026-08-11T02:39:19+02:00,CPA,Copa Holdings,87,5,100,5,https://feargreedmeter.com/top-100-most-popular-meme-stocks-today
2026-08-11T04:52:09+02:00,SPY,SPDR S&P 500 ETF Trust,1802,449,1,337,https://feargreedmeter.com/top-100-most-popular-meme-stocks-today
2026-08-11T04:52:09+02:00,HTZ,Hertz,997,350,2,236,https://feargreedmeter.com/top-100-most-popular-meme-stocks-today
2026-08-11T04:52:09+02:00,RKLB,Rocket Lab USA,1116,339,3,291,https://feargreedmeter.com/top-100-most-popular-meme-stocks-today
2026-08-11T04:52:09+02:00,ASTS,AST SpaceMobile,726,228,4,189,https://feargreedmeter.com/top-100-most-popular-meme-stocks-today
2026-08-11T04:52:09+02:00,MU,Micron Technology,871,195,5,133,https://feargreedmeter.com/top-100-most-popular-meme-stocks-today
2026-08-11T04:52:09+02:00,SPCX,SpaceX,329,160,6,87,https://feargreedmeter.com/top-100-most-popular-meme-stocks-today
2026-08-11T04:52:09+02:00,NVDA,NVIDIA,415,154,7,135,https://feargreedmeter.com/top-100-most-popular-meme-stocks-today
2026-08-11T04:52:09+02:00,MSFT,Microsoft,1172,119,8,112,https://feargreedmeter.com/top-100-most-popular-meme-stocks-today
2026-08-11T04:52:09+02:00,SNDK,Sandisk,242,101,9,76,https://feargreedmeter.com/top-100-most-popular-meme-stocks-today
2026-08-11T04:52:09+02:00,NBIS,Nebius Group,309,59,10,12,https://feargreedmeter.com/top-100-most-popular-meme-stocks-today
2026-08-11T04:52:09+02:00,META,Meta Platforms (Facebook),106,59,11,50,https://feargreedmeter.com/top-100-most-popular-meme-stocks-today
2026-08-11T04:52:09+02:00,PLTR,Palantir,136,59,12,44,https://feargreedmeter.com/top-100-most-popular-meme-stocks-today
2026-08-11T04:52:09+02:00,QQQ,Invesco QQQ ETF,140,55,13,23,https://feargreedmeter.com/top-100-most-popular-meme-stocks-today
2026-08-11T04:52:09+02:00,DTE,DTE Energy,109,52,14,18,https://feargreedmeter.com/top-100-most-popular-meme-stocks-today
2026-08-11T04:52:09+02:00,GOOGL,Alphabet (Google),98,50,15,47,https://feargreedmeter.com/top-100-most-popular-meme-stocks-today
2026-08-11T04:52:09+02:00,ACHR,Archer Aviation,95,46,16,41,https://feargreedmeter.com/top-100-most-popular-meme-stocks-today
2026-08-11T04:52:09+02:00,AAPL,Apple,140,43,17,35,https://feargreedmeter.com/top-100-most-popular-meme-stocks-today
2026-08-11T04:52:09+02:00,HIMS,Hims & Hers Health,93,39,18,35,https://feargreedmeter.com/top-100-most-popular-meme-stocks-today
2026-08-11T04:52:09+02:00,AMD,AMD,93,36,19,30,https://feargreedmeter.com/top-100-most-popular-meme-stocks-today
2026-08-11T04:52:09+02:00,IT,Gartner,90,34,20,19,https://feargreedmeter.com/top-100-most-popular-meme-stocks-today
2026-08-11T04:52:09+02:00,USO,United States Commodity Funds LLC - United States Oil Fund,69,31,21,30,https://feargreedmeter.com/top-100-most-popular-meme-stocks-today
2026-08-11T04:52:09+02:00,ONDS,Ondas Holdings,68,30,22,12,https://feargreedmeter.com/top-100-most-popular-meme-stocks-today
2026-08-11T04:52:09+02:00,SMCI,Supermicro,59,28,23,14,https://feargreedmeter.com/top-100-most-popular-meme-stocks-today
2026-08-11T04:52:09+02:00,TTD,The Trade Desk,233,28,24,19,https://feargreedmeter.com/top-100-most-popular-meme-stocks-today
2026-08-11T04:52:09+02:00,NOW,ServiceNow,137,27,25,24,https://feargreedmeter.com/top-100-most-popular-meme-stocks-today
2026-08-11T04:52:09+02:00,TSLA,Tesla,115,27,26,22,https://feargreedmeter.com/top-100-most-popular-meme-stocks-today
2026-08-11T04:52:09+02:00,GOOG,Alphabet (Google),55,27,27,16,https://feargreedmeter.com/top-100-most-popular-meme-stocks-today
2026-08-11T04:52:09+02:00,API,Agora.io,47,26,28,14,https://feargreedmeter.com/top-100-most-popular-meme-stocks-today
2026-08-11T04:52:09+02:00,CRWV,CoreWeave,44,24,29,13,https://feargreedmeter.com/top-100-most-popular-meme-stocks-today
2026-08-11T04:52:09+02:00,YOU,CLEAR Secure,90,23,30,19,https://feargreedmeter.com/top-100-most-popular-meme-stocks-today
2026-08-11T04:52:09+02:00,GLD,SSgA SPDR Gold Shares,56,23,31,18,https://feargreedmeter.com/top-100-most-popular-meme-stocks-today
2026-08-11T04:52:09+02:00,RIOT,Riot Blockchain,183,23,32,22,https://feargreedmeter.com/top-100-most-popular-meme-stocks-today
2026-08-11T04:52:09+02:00,AMZN,Amazon,60,23,33,22,https://feargreedmeter.com/top-100-most-popular-meme-stocks-today
2026-08-11T04:52:09+02:00,SLV,iShares Silver Trust,49,22,34,19,https://feargreedmeter.com/top-100-most-popular-meme-stocks-today
2026-08-11T04:52:09+02:00,AM,Antero Midstream,55,21,35,14,https://feargreedmeter.com/top-100-most-popular-meme-stocks-today
2026-08-11T04:52:09+02:00,VOO,Vanguard S&P 500 ETF,35,20,36,-23,https://feargreedmeter.com/top-100-most-popular-meme-stocks-today
2026-08-11T04:52:09+02:00,DJT,Trump Media & Technology Group,84,19,37,15,https://feargreedmeter.com/top-100-most-popular-meme-stocks-today
2026-08-11T04:52:09+02:00,USAR,USA Rare Earth,47,18,38,17,https://feargreedmeter.com/top-100-most-popular-meme-stocks-today
2026-08-11T04:52:09+02:00,RDDT,Reddit,34,17,39,5,https://feargreedmeter.com/top-100-most-popular-meme-stocks-today
2026-08-11T04:52:09+02:00,ES,Eversource Energy,18,15,40,9,https://feargreedmeter.com/top-100-most-popular-meme-stocks-today
2026-08-11T04:52:09+02:00,INTC,Intel,346,15,41,14,https://feargreedmeter.com/top-100-most-popular-meme-stocks-today
2026-08-11T04:52:09+02:00,AGI,Alamos Gold,18,14,42,13,https://feargreedmeter.com/top-100-most-popular-meme-stocks-today
2026-08-11T04:52:09+02:00,VC,Visteon,474,14,43,13,https://feargreedmeter.com/top-100-most-popular-meme-stocks-today
2026-08-11T04:52:09+02:00,IP,International Paper,58,13,44,12,https://feargreedmeter.com/top-100-most-popular-meme-stocks-today
2026-08-11T04:52:09+02:00,ALL,Allstate,-5,13,45,10,https://feargreedmeter.com/top-100-most-popular-meme-stocks-today
2026-08-11T04:52:09+02:00,SOXL,Direxion Shares ETF Trust - Direxion Daily Semiconductor Bull 3X Share,25,12,46,6,https://feargreedmeter.com/top-100-most-popular-meme-stocks-today
2026-08-11T04:52:09+02:00,NFLX,Netflix,55,12,47,11,https://feargreedmeter.com/top-100-most-popular-meme-stocks-today
2026-08-11T04:52:09+02:00,RR,Richtech Robotics,116,11,48,6,https://feargreedmeter.com/top-100-most-popular-meme-stocks-today
2026-08-11T04:52:09+02:00,RCAT,Red Cat Holdings,15,11,49,11,https://feargreedmeter.com/top-100-most-popular-meme-stocks-today
2026-08-11T04:52:09+02:00,TLT,BlackRock Institutional Trust Company N.A. - BTC iShares 20+ Year Trea,31,11,50,10,https://feargreedmeter.com/top-100-most-popular-meme-stocks-today
2026-08-11T04:52:09+02:00,AAOI,Applied Optoelectronics,19,10,51,0,https://feargreedmeter.com/top-100-most-popular-meme-stocks-today
2026-08-11T04:52:09+02:00,ARR,ARMOUR Residential REIT,158,10,52,9,https://feargreedmeter.com/top-100-most-popular-meme-stocks-today
2026-08-11T04:52:09+02:00,UP,Wheels Up,22,10,53,7,https://feargreedmeter.com/top-100-most-popular-meme-stocks-today
2026-08-11T04:52:09+02:00,COHR,Coherent,19,10,54,3,https://feargreedmeter.com/top-100-most-popular-meme-stocks-today
2026-08-11T04:52:09+02:00,IQ,iQIYI,29,10,55,-1,https://feargreedmeter.com/top-100-most-popular-meme-stocks-today
2026-08-11T04:52:09+02:00,MRVL,Marvell Technology Group,17,10,56,8,https://feargreedmeter.com/top-100-most-popular-meme-stocks-today
2026-08-11T04:52:09+02:00,ORCL,Oracle,19,10,57,9,https://feargreedmeter.com/top-100-most-popular-meme-stocks-today
2026-08-11T04:52:09+02:00,INFQ,Infleqtion,15,9,58,-2,https://feargreedmeter.com/top-100-most-popular-meme-stocks-today
2026-08-11T04:52:09+02:00,BW,Babcock & Wilcox,27,9,59,9,https://feargreedmeter.com/top-100-most-popular-meme-stocks-today
2026-08-11T04:52:09+02:00,CC,Chemours,11,9,60,-5,https://feargreedmeter.com/top-100-most-popular-meme-stocks-today
2026-08-11T04:52:09+02:00,LITE,Lumentum,19,9,61,4,https://feargreedmeter.com/top-100-most-popular-meme-stocks-today
2026-08-11T04:52:09+02:00,PS,Pluralsight,70,9,62,4,https://feargreedmeter.com/top-100-most-popular-meme-stocks-today
2026-08-11T04:52:09+02:00,KEEL,Keel Infrastructure,18,8,63,6,https://feargreedmeter.com/top-100-most-popular-meme-stocks-today
2026-08-11T04:52:09+02:00,SION,Sionna Therapeutics,14,8,64,8,https://feargreedmeter.com/top-100-most-popular-meme-stocks-today
2026-08-11T04:52:09+02:00,OKLO,Oklo,20,8,65,7,https://feargreedmeter.com/top-100-most-popular-meme-stocks-today
2026-08-11T04:52:09+02:00,CD,Chindata,13,8,66,5,https://feargreedmeter.com/top-100-most-popular-meme-stocks-today
2026-08-11T04:52:09+02:00,SLS,Sellas Life Sciences,22,8,67,1,https://feargreedmeter.com/top-100-most-popular-meme-stocks-today
2026-08-11T04:52:09+02:00,SNOW,Snowflake,20,8,68,7,https://feargreedmeter.com/top-100-most-popular-meme-stocks-today
2026-08-11T04:52:09+02:00,CPA,Copa Holdings,142,8,69,8,https://feargreedmeter.com/top-100-most-popular-meme-stocks-today
2026-08-11T04:52:09+02:00,UBER,Uber,97,8,70,6,https://feargreedmeter.com/top-100-most-popular-meme-stocks-today
2026-08-11T04:52:09+02:00,GO,Grocery Outlet,17,8,71,7,https://feargreedmeter.com/top-100-most-popular-meme-stocks-today
2026-08-11T04:52:09+02:00,PLUG,Plug Power,18,8,72,7,https://feargreedmeter.com/top-100-most-popular-meme-stocks-today
2026-08-11T04:52:09+02:00,WDC,Western Digital,14,8,73,7,https://feargreedmeter.com/top-100-most-popular-meme-stocks-today
2026-08-11T04:52:09+02:00,VIVK,Vivakor,24,7,74,7,https://feargreedmeter.com/top-100-most-popular-meme-stocks-today
2026-08-11T04:52:09+02:00,GLP,Global Partners LP,57,7,75,4,https://feargreedmeter.com/top-100-most-popular-meme-stocks-today
2026-08-11T04:52:09+02:00,PATH,UiPath,8,7,76,6,https://feargreedmeter.com/top-100-most-popular-meme-stocks-today
2026-08-11T04:52:09+02:00,HOOD,Robinhood,17,7,77,2,https://feargreedmeter.com/top-100-most-popular-meme-stocks-today
2026-08-11T04:52:09+02:00,ABNB,Airbnb,10,7,78,6,https://feargreedmeter.com/top-100-most-popular-meme-stocks-today
2026-08-11T04:52:09+02:00,SMH,VanEck Vectors ETF Trust - VanEck Vectors Semiconductor ETF,47,7,79,6,https://feargreedmeter.com/top-100-most-popular-meme-stocks-today
2026-08-11T04:52:09+02:00,SCHD,Schwab Strategic Trust - CSIM Schwab US Dividend Equity ETF,8,7,80,-2,https://feargreedmeter.com/top-100-most-popular-meme-stocks-today
2026-08-11T04:52:09+02:00,ON,ON Semiconductor,19,7,81,1,https://feargreedmeter.com/top-100-most-popular-meme-stocks-today
2026-08-11T04:52:09+02:00,WEN,Wendy’s Company,22,7,82,2,https://feargreedmeter.com/top-100-most-popular-meme-stocks-today
2026-08-11T04:52:09+02:00,LUNR,Intuitive Machines,22,6,83,2,https://feargreedmeter.com/top-100-most-popular-meme-stocks-today
2026-08-11T04:52:09+02:00,SOUN,SoundHound AI,7,6,84,-2,https://feargreedmeter.com/top-100-most-popular-meme-stocks-today
2026-08-11T04:52:09+02:00,FCF,First Commonwealth Financial Corp,7,6,85,3,https://feargreedmeter.com/top-100-most-popular-meme-stocks-today
2026-08-11T04:52:09+02:00,CAKE,The Cheesecake Factory,11,6,86,5,https://feargreedmeter.com/top-100-most-popular-meme-stocks-today
2026-08-11T04:52:09+02:00,VT,"Vanguard Group, Inc. - Vanguard Total World Stock ETF",11,6,87,2,https://feargreedmeter.com/top-100-most-popular-meme-stocks-today
2026-08-11T04:52:09+02:00,HBM,Hudbay Minerals,36,6,88,0,https://feargreedmeter.com/top-100-most-popular-meme-stocks-today
2026-08-11T04:52:09+02:00,CRWD,CrowdStrike,8,6,89,4,https://feargreedmeter.com/top-100-most-popular-meme-stocks-today
2026-08-11T04:52:09+02:00,EC,Ecopetrol,6,6,90,5,https://feargreedmeter.com/top-100-most-popular-meme-stocks-today
2026-08-11T04:52:09+02:00,UNH,UnitedHealth,15,6,91,5,https://feargreedmeter.com/top-100-most-popular-meme-stocks-today
2026-08-11T04:52:09+02:00,JPM,JPMorgan Chase,25,6,92,5,https://feargreedmeter.com/top-100-most-popular-meme-stocks-today
2026-08-11T04:52:09+02:00,HPE,Hewlett Packard Enterprise,12,6,93,4,https://feargreedmeter.com/top-100-most-popular-meme-stocks-today
2026-08-11T04:52:09+02:00,IBM,IBM,17,6,94,5,https://feargreedmeter.com/top-100-most-popular-meme-stocks-today
2026-08-11T04:52:09+02:00,OS,OneStream,1,5,95,3,https://feargreedmeter.com/top-100-most-popular-meme-stocks-today
2026-08-11T04:52:09+02:00,POET,POET Technologies,9,5,96,2,https://feargreedmeter.com/top-100-most-popular-meme-stocks-today
2026-08-11T04:52:09+02:00,APP,AppLovin,9,5,97,4,https://feargreedmeter.com/top-100-most-popular-meme-stocks-today
2026-08-11T04:52:09+02:00,GME,GameStop,13,5,98,2,https://feargreedmeter.com/top-100-most-popular-meme-stocks-today
2026-08-11T04:52:09+02:00,MSTR,MicroStrategy,8,5,99,2,https://feargreedmeter.com/top-100-most-popular-meme-stocks-today
2026-08-11T04:52:09+02:00,VXUS,"Vanguard Group, Inc. - Vanguard Total International Stock ETF",1,5,100,2,https://feargreedmeter.com/top-100-most-popular-meme-stocks-today
2026-08-11T06:13:56+02:00,SPY,SPDR S&P 500 ETF Trust,1771,442,1,322,https://feargreedmeter.com/top-100-most-popular-meme-stocks-today
2026-08-11T06:13:56+02:00,HTZ,Hertz,1005,352,2,236,https://feargreedmeter.com/top-100-most-popular-meme-stocks-today
2026-08-11T06:13:56+02:00,RKLB,Rocket Lab USA,1144,342,3,287,https://feargreedmeter.com/top-100-most-popular-meme-stocks-today
2026-08-11T06:13:56+02:00,ASTS,AST SpaceMobile,732,229,4,187,https://feargreedmeter.com/top-100-most-popular-meme-stocks-today
2026-08-11T06:13:56+02:00,MU,Micron Technology,942,201,5,137,https://feargreedmeter.com/top-100-most-popular-meme-stocks-today
2026-08-11T06:13:56+02:00,SPCX,SpaceX,335,157,6,79,https://feargreedmeter.com/top-100-most-popular-meme-stocks-today
2026-08-11T06:13:56+02:00,NVDA,NVIDIA,430,155,7,137,https://feargreedmeter.com/top-100-most-popular-meme-stocks-today
2026-08-11T06:13:56+02:00,MSFT,Microsoft,1836,121,8,112,https://feargreedmeter.com/top-100-most-popular-meme-stocks-today
2026-08-11T06:13:56+02:00,SNDK,Sandisk,243,102,9,76,https://feargreedmeter.com/top-100-most-popular-meme-stocks-today
2026-08-11T06:13:56+02:00,NBIS,Nebius Group,321,62,10,17,https://feargreedmeter.com/top-100-most-popular-meme-stocks-today
2026-08-11T06:13:56+02:00,META,Meta Platforms (Facebook),103,59,11,50,https://feargreedmeter.com/top-100-most-popular-meme-stocks-today
2026-08-11T06:13:56+02:00,PLTR,Palantir,135,57,12,41,https://feargreedmeter.com/top-100-most-popular-meme-stocks-today
2026-08-11T06:13:56+02:00,QQQ,Invesco QQQ ETF,148,54,13,22,https://feargreedmeter.com/top-100-most-popular-meme-stocks-today
2026-08-11T06:13:56+02:00,DTE,DTE Energy,111,52,14,23,https://feargreedmeter.com/top-100-most-popular-meme-stocks-today
2026-08-11T06:13:56+02:00,GOOGL,Alphabet (Google),98,51,15,48,https://feargreedmeter.com/top-100-most-popular-meme-stocks-today
2026-08-11T06:13:56+02:00,ACHR,Archer Aviation,95,46,16,41,https://feargreedmeter.com/top-100-most-popular-meme-stocks-today
2026-08-11T06:13:56+02:00,AAPL,Apple,138,43,17,34,https://feargreedmeter.com/top-100-most-popular-meme-stocks-today
2026-08-11T06:13:56+02:00,HIMS,Hims & Hers Health,91,39,18,36,https://feargreedmeter.com/top-100-most-popular-meme-stocks-today
2026-08-11T06:13:56+02:00,AMD,AMD,93,35,19,30,https://feargreedmeter.com/top-100-most-popular-meme-stocks-today
2026-08-11T06:13:56+02:00,USO,United States Commodity Funds LLC - United States Oil Fund,75,33,20,32,https://feargreedmeter.com/top-100-most-popular-meme-stocks-today
2026-08-11T06:13:56+02:00,IT,Gartner,87,33,21,18,https://feargreedmeter.com/top-100-most-popular-meme-stocks-today
2026-08-11T06:13:56+02:00,ONDS,Ondas Holdings,69,31,22,12,https://feargreedmeter.com/top-100-most-popular-meme-stocks-today
2026-08-11T06:13:56+02:00,SMCI,Supermicro,67,29,23,16,https://feargreedmeter.com/top-100-most-popular-meme-stocks-today
2026-08-11T06:13:56+02:00,CRWV,CoreWeave,58,28,24,17,https://feargreedmeter.com/top-100-most-popular-meme-stocks-today
2026-08-11T06:13:56+02:00,TTD,The Trade Desk,238,27,25,17,https://feargreedmeter.com/top-100-most-popular-meme-stocks-today
2026-08-11T06:13:56+02:00,NOW,ServiceNow,139,27,26,23,https://feargreedmeter.com/top-100-most-popular-meme-stocks-today
2026-08-11T06:13:56+02:00,TSLA,Tesla,116,27,27,22,https://feargreedmeter.com/top-100-most-popular-meme-stocks-today
2026-08-11T06:13:56+02:00,GOOG,Alphabet (Google),55,27,28,16,https://feargreedmeter.com/top-100-most-popular-meme-stocks-today
2026-08-11T06:13:56+02:00,API,Agora.io,47,26,29,14,https://feargreedmeter.com/top-100-most-popular-meme-stocks-today
2026-08-11T06:13:56+02:00,YOU,CLEAR Secure,112,24,30,20,https://feargreedmeter.com/top-100-most-popular-meme-stocks-today
2026-08-11T06:13:56+02:00,GLD,SSgA SPDR Gold Shares,57,23,31,18,https://feargreedmeter.com/top-100-most-popular-meme-stocks-today
2026-08-11T06:13:56+02:00,RIOT,Riot Blockchain,259,23,32,22,https://feargreedmeter.com/top-100-most-popular-meme-stocks-today
2026-08-11T06:13:56+02:00,AMZN,Amazon,60,23,33,22,https://feargreedmeter.com/top-100-most-popular-meme-stocks-today
2026-08-11T06:13:56+02:00,SLV,iShares Silver Trust,49,22,34,20,https://feargreedmeter.com/top-100-most-popular-meme-stocks-today
2026-08-11T06:13:56+02:00,DJT,Trump Media & Technology Group,87,20,35,16,https://feargreedmeter.com/top-100-most-popular-meme-stocks-today
2026-08-11T06:13:56+02:00,VOO,Vanguard S&P 500 ETF,34,19,36,-28,https://feargreedmeter.com/top-100-most-popular-meme-stocks-today
2026-08-11T06:13:56+02:00,AM,Antero Midstream,49,19,37,10,https://feargreedmeter.com/top-100-most-popular-meme-stocks-today
2026-08-11T06:13:56+02:00,USAR,USA Rare Earth,45,18,38,17,https://feargreedmeter.com/top-100-most-popular-meme-stocks-today
2026-08-11T06:13:56+02:00,RDDT,Reddit,31,16,39,4,https://feargreedmeter.com/top-100-most-popular-meme-stocks-today
2026-08-11T06:13:56+02:00,VC,Visteon,505,15,40,14,https://feargreedmeter.com/top-100-most-popular-meme-stocks-today
2026-08-11T06:13:56+02:00,ES,Eversource Energy,20,15,41,8,https://feargreedmeter.com/top-100-most-popular-meme-stocks-today
2026-08-11T06:13:56+02:00,INTC,Intel,357,15,42,14,https://feargreedmeter.com/top-100-most-popular-meme-stocks-today
2026-08-11T06:13:56+02:00,AGI,Alamos Gold,18,14,43,13,https://feargreedmeter.com/top-100-most-popular-meme-stocks-today
2026-08-11T06:13:56+02:00,ALL,Allstate,-3,14,44,13,https://feargreedmeter.com/top-100-most-popular-meme-stocks-today
2026-08-11T06:13:56+02:00,IP,International Paper,55,13,45,12,https://feargreedmeter.com/top-100-most-popular-meme-stocks-today
2026-08-11T06:13:56+02:00,TLT,BlackRock Institutional Trust Company N.A. - BTC iShares 20+ Year Trea,33,12,46,11,https://feargreedmeter.com/top-100-most-popular-meme-stocks-today
2026-08-11T06:13:56+02:00,NFLX,Netflix,56,12,47,11,https://feargreedmeter.com/top-100-most-popular-meme-stocks-today
2026-08-11T06:13:56+02:00,RR,Richtech Robotics,114,11,48,8,https://feargreedmeter.com/top-100-most-popular-meme-stocks-today
2026-08-11T06:13:56+02:00,RCAT,Red Cat Holdings,15,11,49,11,https://feargreedmeter.com/top-100-most-popular-meme-stocks-today
2026-08-11T06:13:56+02:00,AAOI,Applied Optoelectronics,19,10,50,1,https://feargreedmeter.com/top-100-most-popular-meme-stocks-today
2026-08-11T06:13:56+02:00,ARR,ARMOUR Residential REIT,161,10,51,9,https://feargreedmeter.com/top-100-most-popular-meme-stocks-today
2026-08-11T06:13:56+02:00,UP,Wheels Up,23,10,52,7,https://feargreedmeter.com/top-100-most-popular-meme-stocks-today
2026-08-11T06:13:56+02:00,SGOV,iShares Trust - iShares 0-3 Month Treasury Bond ETF,24,10,53,7,https://feargreedmeter.com/top-100-most-popular-meme-stocks-today
2026-08-11T06:13:56+02:00,IQ,iQIYI,33,10,54,-2,https://feargreedmeter.com/top-100-most-popular-meme-stocks-today
2026-08-11T06:13:56+02:00,MRVL,Marvell Technology Group,17,10,55,9,https://feargreedmeter.com/top-100-most-popular-meme-stocks-today
2026-08-11T06:13:56+02:00,PS,Pluralsight,70,10,56,4,https://feargreedmeter.com/top-100-most-popular-meme-stocks-today
2026-08-11T06:13:56+02:00,ORCL,Oracle,20,10,57,9,https://feargreedmeter.com/top-100-most-popular-meme-stocks-today
2026-08-11T06:13:56+02:00,CD,Chindata,14,9,58,6,https://feargreedmeter.com/top-100-most-popular-meme-stocks-today
2026-08-11T06:13:56+02:00,FCF,First Commonwealth Financial Corp,10,9,59,6,https://feargreedmeter.com/top-100-most-popular-meme-stocks-today
2026-08-11T06:13:56+02:00,BW,Babcock & Wilcox,27,9,60,9,https://feargreedmeter.com/top-100-most-popular-meme-stocks-today
2026-08-11T06:13:56+02:00,SOXL,Direxion Shares ETF Trust - Direxion Daily Semiconductor Bull 3X Share,20,9,61,2,https://feargreedmeter.com/top-100-most-popular-meme-stocks-today
2026-08-11T06:13:56+02:00,SCHD,Schwab Strategic Trust - CSIM Schwab US Dividend Equity ETF,11,9,62,-2,https://feargreedmeter.com/top-100-most-popular-meme-stocks-today
2026-08-11T06:13:56+02:00,CC,Chemours,11,9,63,-5,https://feargreedmeter.com/top-100-most-popular-meme-stocks-today
2026-08-11T06:13:56+02:00,LITE,Lumentum,19,9,64,4,https://feargreedmeter.com/top-100-most-popular-meme-stocks-today
2026-08-11T06:13:56+02:00,INFQ,Infleqtion,14,8,65,-4,https://feargreedmeter.com/top-100-most-popular-meme-stocks-today
2026-08-11T06:13:56+02:00,KEEL,Keel Infrastructure,23,8,66,6,https://feargreedmeter.com/top-100-most-popular-meme-stocks-today
2026-08-11T06:13:56+02:00,SION,Sionna Therapeutics,14,8,67,8,https://feargreedmeter.com/top-100-most-popular-meme-stocks-today
2026-08-11T06:13:56+02:00,APP,AppLovin,13,8,68,6,https://feargreedmeter.com/top-100-most-popular-meme-stocks-today
2026-08-11T06:13:56+02:00,PATH,UiPath,9,8,69,7,https://feargreedmeter.com/top-100-most-popular-meme-stocks-today
2026-08-11T06:13:56+02:00,SLS,Sellas Life Sciences,23,8,70,1,https://feargreedmeter.com/top-100-most-popular-meme-stocks-today
2026-08-11T06:13:56+02:00,CAKE,The Cheesecake Factory,15,8,71,7,https://feargreedmeter.com/top-100-most-popular-meme-stocks-today
2026-08-11T06:13:56+02:00,SNOW,Snowflake,20,8,72,7,https://feargreedmeter.com/top-100-most-popular-meme-stocks-today
2026-08-11T06:13:56+02:00,CPA,Copa Holdings,148,8,73,8,https://feargreedmeter.com/top-100-most-popular-meme-stocks-today
2026-08-11T06:13:56+02:00,COHR,Coherent,14,8,74,-1,https://feargreedmeter.com/top-100-most-popular-meme-stocks-today
2026-08-11T06:13:56+02:00,PLUG,Plug Power,20,8,75,7,https://feargreedmeter.com/top-100-most-popular-meme-stocks-today
2026-08-11T06:13:56+02:00,WEN,Wendy’s Company,20,8,76,3,https://feargreedmeter.com/top-100-most-popular-meme-stocks-today
2026-08-11T06:13:56+02:00,VIVK,Vivakor,21,7,77,7,https://feargreedmeter.com/top-100-most-popular-meme-stocks-today
2026-08-11T06:13:56+02:00,GLP,Global Partners LP,63,7,78,4,https://feargreedmeter.com/top-100-most-popular-meme-stocks-today
2026-08-11T06:13:56+02:00,ABNB,Airbnb,10,7,79,6,https://feargreedmeter.com/top-100-most-popular-meme-stocks-today
2026-08-11T06:13:56+02:00,SMH,VanEck Vectors ETF Trust - VanEck Vectors Semiconductor ETF,52,7,80,6,https://feargreedmeter.com/top-100-most-popular-meme-stocks-today
2026-08-11T06:13:56+02:00,UBER,Uber,103,7,81,5,https://feargreedmeter.com/top-100-most-popular-meme-stocks-today
2026-08-11T06:13:56+02:00,GO,Grocery Outlet,18,7,82,6,https://feargreedmeter.com/top-100-most-popular-meme-stocks-today
2026-08-11T06:13:56+02:00,WDC,Western Digital,12,7,83,5,https://feargreedmeter.com/top-100-most-popular-meme-stocks-today
2026-08-11T06:13:56+02:00,LUNR,Intuitive Machines,22,6,84,2,https://feargreedmeter.com/top-100-most-popular-meme-stocks-today
2026-08-11T06:13:56+02:00,SOUN,SoundHound AI,7,6,85,-2,https://feargreedmeter.com/top-100-most-popular-meme-stocks-today
2026-08-11T06:13:56+02:00,HOOD,Robinhood,17,6,86,1,https://feargreedmeter.com/top-100-most-popular-meme-stocks-today
2026-08-11T06:13:56+02:00,VT,"Vanguard Group, Inc. - Vanguard Total World Stock ETF",10,6,87,1,https://feargreedmeter.com/top-100-most-popular-meme-stocks-today
2026-08-11T06:13:56+02:00,VXUS,"Vanguard Group, Inc. - Vanguard Total International Stock ETF",3,6,88,3,https://feargreedmeter.com/top-100-most-popular-meme-stocks-today
2026-08-11T06:13:56+02:00,HBM,Hudbay Minerals,48,6,89,0,https://feargreedmeter.com/top-100-most-popular-meme-stocks-today
2026-08-11T06:13:56+02:00,CRWD,CrowdStrike,11,6,90,4,https://feargreedmeter.com/top-100-most-popular-meme-stocks-today
2026-08-11T06:13:56+02:00,EC,Ecopetrol,7,6,91,5,https://feargreedmeter.com/top-100-most-popular-meme-stocks-today
2026-08-11T06:13:56+02:00,JPM,JPMorgan Chase,26,6,92,5,https://feargreedmeter.com/top-100-most-popular-meme-stocks-today
2026-08-11T06:13:56+02:00,HPE,Hewlett Packard Enterprise,12,6,93,4,https://feargreedmeter.com/top-100-most-popular-meme-stocks-today
2026-08-11T06:13:56+02:00,IBM,IBM,19,6,94,5,https://feargreedmeter.com/top-100-most-popular-meme-stocks-today
2026-08-11T06:13:56+02:00,OS,OneStream,1,5,95,3,https://feargreedmeter.com/top-100-most-popular-meme-stocks-today
2026-08-11T06:13:56+02:00,OKLO,Oklo,10,5,96,4,https://feargreedmeter.com/top-100-most-popular-meme-stocks-today
2026-08-11T06:13:56+02:00,POET,POET Technologies,8,5,97,2,https://feargreedmeter.com/top-100-most-popular-meme-stocks-today
2026-08-11T06:13:56+02:00,OG,Onion Global,107,5,98,4,https://feargreedmeter.com/top-100-most-popular-meme-stocks-today
2026-08-11T06:13:56+02:00,CIA,Citizens Inc,15,5,99,4,https://feargreedmeter.com/top-100-most-popular-meme-stocks-today
2026-08-11T06:13:56+02:00,EVER,EverQuote,30,5,100,4,https://feargreedmeter.com/top-100-most-popular-meme-stocks-today
2026-08-11T07:31:12+02:00,SPY,SPDR S&P 500 ETF Trust,1760,436,1,304,https://feargreedmeter.com/top-100-most-popular-meme-stocks-today
2026-08-11T07:31:12+02:00,HTZ,Hertz,982,344,2,223,https://feargreedmeter.com/top-100-most-popular-meme-stocks-today
2026-08-11T07:31:12+02:00,RKLB,Rocket Lab USA,1163,340,3,283,https://feargreedmeter.com/top-100-most-popular-meme-stocks-today
2026-08-11T07:31:12+02:00,ASTS,AST SpaceMobile,716,227,4,182,https://feargreedmeter.com/top-100-most-popular-meme-stocks-today
2026-08-11T07:31:12+02:00,MU,Micron Technology,957,203,5,138,https://feargreedmeter.com/top-100-most-popular-meme-stocks-today
2026-08-11T07:31:12+02:00,NVDA,NVIDIA,459,158,6,136,https://feargreedmeter.com/top-100-most-popular-meme-stocks-today
2026-08-11T07:31:12+02:00,SPCX,SpaceX,334,157,7,82,https://feargreedmeter.com/top-100-most-popular-meme-stocks-today
2026-08-11T07:31:12+02:00,MSFT,Microsoft,2371,127,8,118,https://feargreedmeter.com/top-100-most-popular-meme-stocks-today
2026-08-11T07:31:12+02:00,SNDK,Sandisk,259,106,9,82,https://feargreedmeter.com/top-100-most-popular-meme-stocks-today
2026-08-11T07:31:12+02:00,META,Meta Platforms (Facebook),111,62,10,53,https://feargreedmeter.com/top-100-most-popular-meme-stocks-today
2026-08-11T07:31:12+02:00,NBIS,Nebius Group,330,61,11,17,https://feargreedmeter.com/top-100-most-popular-meme-stocks-today
2026-08-11T07:31:12+02:00,PLTR,Palantir,134,58,12,42,https://feargreedmeter.com/top-100-most-popular-meme-stocks-today
2026-08-11T07:31:12+02:00,DTE,DTE Energy,118,55,13,26,https://feargreedmeter.com/top-100-most-popular-meme-stocks-today
2026-08-11T07:31:12+02:00,GOOGL,Alphabet (Google),102,51,14,48,https://feargreedmeter.com/top-100-most-popular-meme-stocks-today
2026-08-11T07:31:12+02:00,QQQ,Invesco QQQ ETF,129,50,15,18,https://feargreedmeter.com/top-100-most-popular-meme-stocks-today
2026-08-11T07:31:12+02:00,ACHR,Archer Aviation,91,46,16,41,https://feargreedmeter.com/top-100-most-popular-meme-stocks-today
2026-08-11T07:31:12+02:00,AAPL,Apple,135,43,17,34,https://feargreedmeter.com/top-100-most-popular-meme-stocks-today
2026-08-11T07:31:12+02:00,HIMS,Hims & Hers Health,93,40,18,37,https://feargreedmeter.com/top-100-most-popular-meme-stocks-today
2026-08-11T07:31:12+02:00,AMD,AMD,109,37,19,31,https://feargreedmeter.com/top-100-most-popular-meme-stocks-today
2026-08-11T07:31:12+02:00,IT,Gartner,85,33,20,18,https://feargreedmeter.com/top-100-most-popular-meme-stocks-today
2026-08-11T07:31:12+02:00,USO,United States Commodity Funds LLC - United States Oil Fund,73,33,21,32,https://feargreedmeter.com/top-100-most-popular-meme-stocks-today
2026-08-11T07:31:12+02:00,SMCI,Supermicro,74,32,22,19,https://feargreedmeter.com/top-100-most-popular-meme-stocks-today
2026-08-11T07:31:12+02:00,TTD,The Trade Desk,245,31,23,21,https://feargreedmeter.com/top-100-most-popular-meme-stocks-today
2026-08-11T07:31:12+02:00,ONDS,Ondas Holdings,70,31,24,12,https://feargreedmeter.com/top-100-most-popular-meme-stocks-today
2026-08-11T07:31:12+02:00,CRWV,CoreWeave,60,30,25,19,https://feargreedmeter.com/top-100-most-popular-meme-stocks-today
2026-08-11T07:31:12+02:00,TSLA,Tesla,128,27,26,23,https://feargreedmeter.com/top-100-most-popular-meme-stocks-today
2026-08-11T07:31:12+02:00,API,Agora.io,46,27,27,15,https://feargreedmeter.com/top-100-most-popular-meme-stocks-today
2026-08-11T07:31:12+02:00,GOOG,Alphabet (Google),53,26,28,15,https://feargreedmeter.com/top-100-most-popular-meme-stocks-today
2026-08-11T07:31:12+02:00,AMZN,Amazon,62,24,29,23,https://feargreedmeter.com/top-100-most-popular-meme-stocks-today
2026-08-11T07:31:12+02:00,NOW,ServiceNow,134,24,30,17,https://feargreedmeter.com/top-100-most-popular-meme-stocks-today
2026-08-11T07:31:12+02:00,RIOT,Riot Blockchain,308,23,31,22,https://feargreedmeter.com/top-100-most-popular-meme-stocks-today
2026-08-11T07:31:12+02:00,YOU,CLEAR Secure,108,23,32,19,https://feargreedmeter.com/top-100-most-popular-meme-stocks-today
2026-08-11T07:31:12+02:00,GLD,SSgA SPDR Gold Shares,56,22,33,16,https://feargreedmeter.com/top-100-most-popular-meme-stocks-today
2026-08-11T07:31:12+02:00,AM,Antero Midstream,48,21,34,13,https://feargreedmeter.com/top-100-most-popular-meme-stocks-today
2026-08-11T07:31:12+02:00,SLV,iShares Silver Trust,49,21,35,18,https://feargreedmeter.com/top-100-most-popular-meme-stocks-today
2026-08-11T07:31:12+02:00,DJT,Trump Media & Technology Group,87,20,36,16,https://feargreedmeter.com/top-100-most-popular-meme-stocks-today
2026-08-11T07:31:12+02:00,USAR,USA Rare Earth,45,18,37,17,https://feargreedmeter.com/top-100-most-popular-meme-stocks-today
2026-08-11T07:31:12+02:00,VC,Visteon,514,17,38,16,https://feargreedmeter.com/top-100-most-popular-meme-stocks-today
2026-08-11T07:31:12+02:00,AGI,Alamos Gold,17,16,39,15,https://feargreedmeter.com/top-100-most-popular-meme-stocks-today
2026-08-11T07:31:12+02:00,RDDT,Reddit,33,16,40,3,https://feargreedmeter.com/top-100-most-popular-meme-stocks-today
2026-08-11T07:31:12+02:00,INTC,Intel,374,15,41,14,https://feargreedmeter.com/top-100-most-popular-meme-stocks-today
2026-08-11T07:31:12+02:00,ALL,Allstate,-1,15,42,14,https://feargreedmeter.com/top-100-most-popular-meme-stocks-today
2026-08-11T07:31:12+02:00,ES,Eversource Energy,19,15,43,8,https://feargreedmeter.com/top-100-most-popular-meme-stocks-today
2026-08-11T07:31:12+02:00,VOO,Vanguard S&P 500 ETF,28,15,44,-36,https://feargreedmeter.com/top-100-most-popular-meme-stocks-today
2026-08-11T07:31:12+02:00,NFLX,Netflix,57,14,45,13,https://feargreedmeter.com/top-100-most-popular-meme-stocks-today
2026-08-11T07:31:12+02:00,IP,International Paper,57,13,46,12,https://feargreedmeter.com/top-100-most-popular-meme-stocks-today
2026-08-11T07:31:12+02:00,SGOV,iShares Trust - iShares 0-3 Month Treasury Bond ETF,47,12,47,9,https://feargreedmeter.com/top-100-most-popular-meme-stocks-today
2026-08-11T07:31:12+02:00,RCAT,Red Cat Holdings,16,12,48,12,https://feargreedmeter.com/top-100-most-popular-meme-stocks-today
2026-08-11T07:31:12+02:00,PS,Pluralsight,79,11,49,5,https://feargreedmeter.com/top-100-most-popular-meme-stocks-today
2026-08-11T07:31:12+02:00,TLT,BlackRock Institutional Trust Company N.A. - BTC iShares 20+ Year Trea,30,11,50,9,https://feargreedmeter.com/top-100-most-popular-meme-stocks-today
2026-08-11T07:31:12+02:00,RR,Richtech Robotics,114,11,51,8,https://feargreedmeter.com/top-100-most-popular-meme-stocks-today
2026-08-11T07:31:12+02:00,AAOI,Applied Optoelectronics,20,11,52,2,https://feargreedmeter.com/top-100-most-popular-meme-stocks-today
2026-08-11T07:31:12+02:00,ORCL,Oracle,20,10,53,9,https://feargreedmeter.com/top-100-most-popular-meme-stocks-today
2026-08-11T07:31:12+02:00,MRVL,Marvell Technology Group,17,10,54,9,https://feargreedmeter.com/top-100-most-popular-meme-stocks-today
2026-08-11T07:31:12+02:00,IQ,iQIYI,30,10,55,-2,https://feargreedmeter.com/top-100-most-popular-meme-stocks-today
2026-08-11T07:31:12+02:00,COHR,Coherent,17,10,56,1,https://feargreedmeter.com/top-100-most-popular-meme-stocks-today
2026-08-11T07:31:12+02:00,FCF,First Commonwealth Financial Corp,28,10,57,7,https://feargreedmeter.com/top-100-most-popular-meme-stocks-today
2026-08-11T07:31:12+02:00,UP,Wheels Up,23,10,58,6,https://feargreedmeter.com/top-100-most-popular-meme-stocks-today
2026-08-11T07:31:12+02:00,APP,AppLovin,19,10,59,8,https://feargreedmeter.com/top-100-most-popular-meme-stocks-today
2026-08-11T07:31:12+02:00,ARR,ARMOUR Residential REIT,158,10,60,9,https://feargreedmeter.com/top-100-most-popular-meme-stocks-today
2026-08-11T07:31:12+02:00,LITE,Lumentum,19,9,61,4,https://feargreedmeter.com/top-100-most-popular-meme-stocks-today
2026-08-11T07:31:12+02:00,SOXL,Direxion Shares ETF Trust - Direxion Daily Semiconductor Bull 3X Share,18,9,62,0,https://feargreedmeter.com/top-100-most-popular-meme-stocks-today
2026-08-11T07:31:12+02:00,BW,Babcock & Wilcox,26,9,63,9,https://feargreedmeter.com/top-100-most-popular-meme-stocks-today
2026-08-11T07:31:12+02:00,CD,Chindata,14,9,64,6,https://feargreedmeter.com/top-100-most-popular-meme-stocks-today
2026-08-11T07:31:12+02:00,PLUG,Plug Power,17,8,65,7,https://feargreedmeter.com/top-100-most-popular-meme-stocks-today
2026-08-11T07:31:12+02:00,CC,Chemours,10,8,66,-7,https://feargreedmeter.com/top-100-most-popular-meme-stocks-today
2026-08-11T07:31:12+02:00,CPA,Copa Holdings,149,8,67,8,https://feargreedmeter.com/top-100-most-popular-meme-stocks-today
2026-08-11T07:31:12+02:00,CAKE,The Cheesecake Factory,15,8,68,7,https://feargreedmeter.com/top-100-most-popular-meme-stocks-today
2026-08-11T07:31:12+02:00,SLS,Sellas Life Sciences,23,8,69,1,https://feargreedmeter.com/top-100-most-popular-meme-stocks-today
2026-08-11T07:31:12+02:00,PATH,UiPath,9,8,70,7,https://feargreedmeter.com/top-100-most-popular-meme-stocks-today
2026-08-11T07:31:12+02:00,SION,Sionna Therapeutics,14,8,71,8,https://feargreedmeter.com/top-100-most-popular-meme-stocks-today
2026-08-11T07:31:12+02:00,KEEL,Keel Infrastructure,26,8,72,6,https://feargreedmeter.com/top-100-most-popular-meme-stocks-today
2026-08-11T07:31:12+02:00,INFQ,Infleqtion,14,8,73,-4,https://feargreedmeter.com/top-100-most-popular-meme-stocks-today
2026-08-11T07:31:12+02:00,WDC,Western Digital,12,7,74,5,https://feargreedmeter.com/top-100-most-popular-meme-stocks-today
2026-08-11T07:31:12+02:00,WEN,Wendy’s Company,10,7,75,2,https://feargreedmeter.com/top-100-most-popular-meme-stocks-today
2026-08-11T07:31:12+02:00,GO,Grocery Outlet,17,7,76,5,https://feargreedmeter.com/top-100-most-popular-meme-stocks-today
2026-08-11T07:31:12+02:00,CRWD,CrowdStrike,12,7,77,5,https://feargreedmeter.com/top-100-most-popular-meme-stocks-today
2026-08-11T07:31:12+02:00,SMH,VanEck Vectors ETF Trust - VanEck Vectors Semiconductor ETF,51,7,78,6,https://feargreedmeter.com/top-100-most-popular-meme-stocks-today
2026-08-11T07:31:12+02:00,ABNB,Airbnb,10,7,79,6,https://feargreedmeter.com/top-100-most-popular-meme-stocks-today
2026-08-11T07:31:12+02:00,GLP,Global Partners LP,70,7,80,4,https://feargreedmeter.com/top-100-most-popular-meme-stocks-today
2026-08-11T07:31:12+02:00,VIVK,Vivakor,22,7,81,7,https://feargreedmeter.com/top-100-most-popular-meme-stocks-today
2026-08-11T07:31:12+02:00,IBM,IBM,24,6,82,5,https://feargreedmeter.com/top-100-most-popular-meme-stocks-today
2026-08-11T07:31:12+02:00,HPE,Hewlett Packard Enterprise,12,6,83,4,https://feargreedmeter.com/top-100-most-popular-meme-stocks-today
2026-08-11T07:31:12+02:00,SO,Southern Company,30,6,84,5,https://feargreedmeter.com/top-100-most-popular-meme-stocks-today
2026-08-11T07:31:12+02:00,JPM,JPMorgan Chase,29,6,85,5,https://feargreedmeter.com/top-100-most-popular-meme-stocks-today
2026-08-11T07:31:12+02:00,MS,Morgan Stanley,21,6,86,5,https://feargreedmeter.com/top-100-most-popular-meme-stocks-today
2026-08-11T07:31:12+02:00,EC,Ecopetrol,6,6,87,5,https://feargreedmeter.com/top-100-most-popular-meme-stocks-today
2026-08-11T07:31:12+02:00,UBER,Uber,102,6,88,3,https://feargreedmeter.com/top-100-most-popular-meme-stocks-today
2026-08-11T07:31:12+02:00,RTX,Raytheon Technologies,72,6,89,5,https://feargreedmeter.com/top-100-most-popular-meme-stocks-today
2026-08-11T07:31:12+02:00,HBM,Hudbay Minerals,65,6,90,0,https://feargreedmeter.com/top-100-most-popular-meme-stocks-today
2026-08-11T07:31:12+02:00,SNOW,Snowflake,18,6,91,5,https://feargreedmeter.com/top-100-most-popular-meme-stocks-today
2026-08-11T07:31:12+02:00,SCHD,Schwab Strategic Trust - CSIM Schwab US Dividend Equity ETF,9,6,92,-7,https://feargreedmeter.com/top-100-most-popular-meme-stocks-today
2026-08-11T07:31:12+02:00,VTI,Vanguard Total Stock Market ETF,31,6,93,1,https://feargreedmeter.com/top-100-most-popular-meme-stocks-today
2026-08-11T07:31:12+02:00,HOOD,Robinhood,16,6,94,0,https://feargreedmeter.com/top-100-most-popular-meme-stocks-today
2026-08-11T07:31:12+02:00,LUNR,Intuitive Machines,25,6,95,2,https://feargreedmeter.com/top-100-most-popular-meme-stocks-today
2026-08-11T07:31:12+02:00,TSM,TSMC,16,5,96,3,https://feargreedmeter.com/top-100-most-popular-meme-stocks-today
2026-08-11T07:31:12+02:00,UNH,UnitedHealth,18,5,97,4,https://feargreedmeter.com/top-100-most-popular-meme-stocks-today
2026-08-11T07:31:12+02:00,ON,ON Semiconductor,14,5,98,-3,https://feargreedmeter.com/top-100-most-popular-meme-stocks-today
2026-08-11T07:31:12+02:00,KKR,KKR & Co.,20,5,99,5,https://feargreedmeter.com/top-100-most-popular-meme-stocks-today
2026-08-11T07:31:12+02:00,CVNA,Carvana,6,5,100,4,https://feargreedmeter.com/top-100-most-popular-meme-stocks-today
2026-08-11T08:30:47+02:00,SPY,SPDR S&P 500 ETF Trust,1762,432,1,295,https://feargreedmeter.com/top-100-most-popular-meme-stocks-today
2026-08-11T08:30:47+02:00,HTZ,Hertz,989,346,2,223,https://feargreedmeter.com/top-100-most-popular-meme-stocks-today
2026-08-11T08:30:47+02:00,RKLB,Rocket Lab USA,1178,343,3,283,https://feargreedmeter.com/top-100-most-popular-meme-stocks-today
2026-08-11T08:30:47+02:00,ASTS,AST SpaceMobile,729,230,4,186,https://feargreedmeter.com/top-100-most-popular-meme-stocks-today
2026-08-11T08:30:47+02:00,MU,Micron Technology,958,200,5,136,https://feargreedmeter.com/top-100-most-popular-meme-stocks-today
2026-08-11T08:30:47+02:00,SPCX,SpaceX,328,159,6,84,https://feargreedmeter.com/top-100-most-popular-meme-stocks-today
2026-08-11T08:30:47+02:00,NVDA,NVIDIA,453,159,7,137,https://feargreedmeter.com/top-100-most-popular-meme-stocks-today
2026-08-11T08:30:47+02:00,MSFT,Microsoft,2790,127,8,117,https://feargreedmeter.com/top-100-most-popular-meme-stocks-today
2026-08-11T08:30:47+02:00,SNDK,Sandisk,257,106,9,81,https://feargreedmeter.com/top-100-most-popular-meme-stocks-today
2026-08-11T08:30:47+02:00,META,Meta Platforms (Facebook),113,63,10,55,https://feargreedmeter.com/top-100-most-popular-meme-stocks-today
2026-08-11T08:30:47+02:00,NBIS,Nebius Group,328,61,11,18,https://feargreedmeter.com/top-100-most-popular-meme-stocks-today
2026-08-11T08:30:47+02:00,PLTR,Palantir,134,58,12,42,https://feargreedmeter.com/top-100-most-popular-meme-stocks-today
2026-08-11T08:30:47+02:00,DTE,DTE Energy,120,54,13,23,https://feargreedmeter.com/top-100-most-popular-meme-stocks-today
2026-08-11T08:30:47+02:00,GOOGL,Alphabet (Google),101,51,14,48,https://feargreedmeter.com/top-100-most-popular-meme-stocks-today
2026-08-11T08:30:47+02:00,QQQ,Invesco QQQ ETF,124,48,15,14,https://feargreedmeter.com/top-100-most-popular-meme-stocks-today
2026-08-11T08:30:47+02:00,ACHR,Archer Aviation,92,46,16,41,https://feargreedmeter.com/top-100-most-popular-meme-stocks-today
2026-08-11T08:30:47+02:00,AAPL,Apple,134,43,17,34,https://feargreedmeter.com/top-100-most-popular-meme-stocks-today
2026-08-11T08:30:47+02:00,HIMS,Hims & Hers Health,95,40,18,37,https://feargreedmeter.com/top-100-most-popular-meme-stocks-today
2026-08-11T08:30:47+02:00,IT,Gartner,229,36,19,21,https://feargreedmeter.com/top-100-most-popular-meme-stocks-today
2026-08-11T08:30:47+02:00,AMD,AMD,106,35,20,27,https://feargreedmeter.com/top-100-most-popular-meme-stocks-today
2026-08-11T08:30:47+02:00,USO,United States Commodity Funds LLC - United States Oil Fund,74,33,21,32,https://feargreedmeter.com/top-100-most-popular-meme-stocks-today
2026-08-11T08:30:47+02:00,ONDS,Ondas Holdings,70,31,22,12,https://feargreedmeter.com/top-100-most-popular-meme-stocks-today
2026-08-11T08:30:47+02:00,SMCI,Supermicro,69,31,23,20,https://feargreedmeter.com/top-100-most-popular-meme-stocks-today
2026-08-11T08:30:47+02:00,TTD,The Trade Desk,248,31,24,21,https://feargreedmeter.com/top-100-most-popular-meme-stocks-today
2026-08-11T08:30:47+02:00,CRWV,CoreWeave,55,28,25,17,https://feargreedmeter.com/top-100-most-popular-meme-stocks-today
2026-08-11T08:30:47+02:00,API,Agora.io,46,27,26,15,https://feargreedmeter.com/top-100-most-popular-meme-stocks-today
2026-08-11T08:30:47+02:00,TSLA,Tesla,126,27,27,23,https://feargreedmeter.com/top-100-most-popular-meme-stocks-today
2026-08-11T08:30:47+02:00,GOOG,Alphabet (Google),53,26,28,15,https://feargreedmeter.com/top-100-most-popular-meme-stocks-today
2026-08-11T08:30:47+02:00,RIOT,Riot Blockchain,346,24,29,23,https://feargreedmeter.com/top-100-most-popular-meme-stocks-today
2026-08-11T08:30:47+02:00,NOW,ServiceNow,133,24,30,17,https://feargreedmeter.com/top-100-most-popular-meme-stocks-today
2026-08-11T08:30:47+02:00,AMZN,Amazon,65,24,31,23,https://feargreedmeter.com/top-100-most-popular-meme-stocks-today
2026-08-11T08:30:47+02:00,YOU,CLEAR Secure,252,23,32,17,https://feargreedmeter.com/top-100-most-popular-meme-stocks-today
2026-08-11T08:30:47+02:00,GLD,SSgA SPDR Gold Shares,58,22,33,16,https://feargreedmeter.com/top-100-most-popular-meme-stocks-today
2026-08-11T08:30:47+02:00,SLV,iShares Silver Trust,50,21,34,18,https://feargreedmeter.com/top-100-most-popular-meme-stocks-today
2026-08-11T08:30:47+02:00,AM,Antero Midstream,49,21,35,11,https://feargreedmeter.com/top-100-most-popular-meme-stocks-today
2026-08-11T08:30:47+02:00,DJT,Trump Media & Technology Group,86,20,36,16,https://feargreedmeter.com/top-100-most-popular-meme-stocks-today
2026-08-11T08:30:47+02:00,VC,Visteon,527,19,37,18,https://feargreedmeter.com/top-100-most-popular-meme-stocks-today
2026-08-11T08:30:47+02:00,USAR,USA Rare Earth,48,18,38,17,https://feargreedmeter.com/top-100-most-popular-meme-stocks-today
2026-08-11T08:30:47+02:00,RDDT,Reddit,34,17,39,4,https://feargreedmeter.com/top-100-most-popular-meme-stocks-today
2026-08-11T08:30:47+02:00,AGI,Alamos Gold,20,17,40,16,https://feargreedmeter.com/top-100-most-popular-meme-stocks-today
2026-08-11T08:30:47+02:00,ES,Eversource Energy,21,16,41,9,https://feargreedmeter.com/top-100-most-popular-meme-stocks-today
2026-08-11T08:30:47+02:00,NFLX,Netflix,65,16,42,15,https://feargreedmeter.com/top-100-most-popular-meme-stocks-today
2026-08-11T08:30:47+02:00,VOO,Vanguard S&P 500 ETF,29,15,43,-36,https://feargreedmeter.com/top-100-most-popular-meme-stocks-today
2026-08-11T08:30:47+02:00,ALL,Allstate,-3,15,44,14,https://feargreedmeter.com/top-100-most-popular-meme-stocks-today
2026-08-11T08:30:47+02:00,INTC,Intel,386,15,45,14,https://feargreedmeter.com/top-100-most-popular-meme-stocks-today
2026-08-11T08:30:47+02:00,IP,International Paper,57,13,46,12,https://feargreedmeter.com/top-100-most-popular-meme-stocks-today
2026-08-11T08:30:47+02:00,RCAT,Red Cat Holdings,16,12,47,12,https://feargreedmeter.com/top-100-most-popular-meme-stocks-today
2026-08-11T08:30:47+02:00,SGOV,iShares Trust - iShares 0-3 Month Treasury Bond ETF,46,12,48,9,https://feargreedmeter.com/top-100-most-popular-meme-stocks-today
2026-08-11T08:30:47+02:00,AAOI,Applied Optoelectronics,20,11,49,2,https://feargreedmeter.com/top-100-most-popular-meme-stocks-today
2026-08-11T08:30:47+02:00,RR,Richtech Robotics,134,11,50,8,https://feargreedmeter.com/top-100-most-popular-meme-stocks-today
2026-08-11T08:30:47+02:00,TLT,BlackRock Institutional Trust Company N.A. - BTC iShares 20+ Year Trea,31,11,51,9,https://feargreedmeter.com/top-100-most-popular-meme-stocks-today
2026-08-11T08:30:47+02:00,IQ,iQIYI,34,11,52,1,https://feargreedmeter.com/top-100-most-popular-meme-stocks-today
2026-08-11T08:30:47+02:00,PS,Pluralsight,76,11,53,5,https://feargreedmeter.com/top-100-most-popular-meme-stocks-today
2026-08-11T08:30:47+02:00,ARR,ARMOUR Residential REIT,156,10,54,9,https://feargreedmeter.com/top-100-most-popular-meme-stocks-today
2026-08-11T08:30:47+02:00,APP,AppLovin,18,10,55,8,https://feargreedmeter.com/top-100-most-popular-meme-stocks-today
2026-08-11T08:30:47+02:00,UP,Wheels Up,22,10,56,6,https://feargreedmeter.com/top-100-most-popular-meme-stocks-today
2026-08-11T08:30:47+02:00,FCF,First Commonwealth Financial Corp,32,10,57,7,https://feargreedmeter.com/top-100-most-popular-meme-stocks-today
2026-08-11T08:30:47+02:00,COHR,Coherent,17,10,58,1,https://feargreedmeter.com/top-100-most-popular-meme-stocks-today
2026-08-11T08:30:47+02:00,MRVL,Marvell Technology Group,17,10,59,9,https://feargreedmeter.com/top-100-most-popular-meme-stocks-today
2026-08-11T08:30:47+02:00,ORCL,Oracle,19,10,60,9,https://feargreedmeter.com/top-100-most-popular-meme-stocks-today
2026-08-11T08:30:47+02:00,KEEL,Keel Infrastructure,33,9,61,7,https://feargreedmeter.com/top-100-most-popular-meme-stocks-today
2026-08-11T08:30:47+02:00,CD,Chindata,14,9,62,6,https://feargreedmeter.com/top-100-most-popular-meme-stocks-today
2026-08-11T08:30:47+02:00,BW,Babcock & Wilcox,26,9,63,9,https://feargreedmeter.com/top-100-most-popular-meme-stocks-today
2026-08-11T08:30:47+02:00,SOXL,Direxion Shares ETF Trust - Direxion Daily Semiconductor Bull 3X Share,18,9,64,0,https://feargreedmeter.com/top-100-most-popular-meme-stocks-today
2026-08-11T08:30:47+02:00,CPA,Copa Holdings,177,9,65,9,https://feargreedmeter.com/top-100-most-popular-meme-stocks-today
2026-08-11T08:30:47+02:00,LITE,Lumentum,19,9,66,4,https://feargreedmeter.com/top-100-most-popular-meme-stocks-today
2026-08-11T08:30:47+02:00,INFQ,Infleqtion,15,8,67,-4,https://feargreedmeter.com/top-100-most-popular-meme-stocks-today
2026-08-11T08:30:47+02:00,SION,Sionna Therapeutics,14,8,68,8,https://feargreedmeter.com/top-100-most-popular-meme-stocks-today
2026-08-11T08:30:47+02:00,PATH,UiPath,9,8,69,7,https://feargreedmeter.com/top-100-most-popular-meme-stocks-today
2026-08-11T08:30:47+02:00,SLS,Sellas Life Sciences,23,8,70,2,https://feargreedmeter.com/top-100-most-popular-meme-stocks-today
2026-08-11T08:30:47+02:00,CC,Chemours,10,8,71,-7,https://feargreedmeter.com/top-100-most-popular-meme-stocks-today
2026-08-11T08:30:47+02:00,PLUG,Plug Power,20,8,72,7,https://feargreedmeter.com/top-100-most-popular-meme-stocks-today
2026-08-11T08:30:47+02:00,WEN,Wendy’s Company,12,8,73,3,https://feargreedmeter.com/top-100-most-popular-meme-stocks-today
2026-08-11T08:30:47+02:00,VIVK,Vivakor,23,7,74,7,https://feargreedmeter.com/top-100-most-popular-meme-stocks-today
2026-08-11T08:30:47+02:00,GLP,Global Partners LP,70,7,75,3,https://feargreedmeter.com/top-100-most-popular-meme-stocks-today
2026-08-11T08:30:47+02:00,HOOD,Robinhood,20,7,76,1,https://feargreedmeter.com/top-100-most-popular-meme-stocks-today
2026-08-11T08:30:47+02:00,ABNB,Airbnb,10,7,77,6,https://feargreedmeter.com/top-100-most-popular-meme-stocks-today
2026-08-11T08:30:47+02:00,CAKE,The Cheesecake Factory,14,7,78,6,https://feargreedmeter.com/top-100-most-popular-meme-stocks-today
2026-08-11T08:30:47+02:00,VTI,Vanguard Total Stock Market ETF,32,7,79,2,https://feargreedmeter.com/top-100-most-popular-meme-stocks-today
2026-08-11T08:30:47+02:00,MAGA,ETF Series Solutions Trust - Point Bridge GOP Stock Tracker ETF,208,7,80,6,https://feargreedmeter.com/top-100-most-popular-meme-stocks-today
2026-08-11T08:30:47+02:00,CRWD,CrowdStrike,12,7,81,6,https://feargreedmeter.com/top-100-most-popular-meme-stocks-today
2026-08-11T08:30:47+02:00,GO,Grocery Outlet,17,7,82,5,https://feargreedmeter.com/top-100-most-popular-meme-stocks-today
2026-08-11T08:30:47+02:00,WDC,Western Digital,12,7,83,5,https://feargreedmeter.com/top-100-most-popular-meme-stocks-today
2026-08-11T08:30:47+02:00,LUNR,Intuitive Machines,26,6,84,2,https://feargreedmeter.com/top-100-most-popular-meme-stocks-today
2026-08-11T08:30:47+02:00,EVER,EverQuote,202,6,85,5,https://feargreedmeter.com/top-100-most-popular-meme-stocks-today
2026-08-11T08:30:47+02:00,SMH,VanEck Vectors ETF Trust - VanEck Vectors Semiconductor ETF,47,6,86,5,https://feargreedmeter.com/top-100-most-popular-meme-stocks-today
2026-08-11T08:30:47+02:00,SCHD,Schwab Strategic Trust - CSIM Schwab US Dividend Equity ETF,9,6,87,-7,https://feargreedmeter.com/top-100-most-popular-meme-stocks-today
2026-08-11T08:30:47+02:00,HBM,Hudbay Minerals,72,6,88,0,https://feargreedmeter.com/top-100-most-popular-meme-stocks-today
2026-08-11T08:30:47+02:00,RTX,Raytheon Technologies,76,6,89,5,https://feargreedmeter.com/top-100-most-popular-meme-stocks-today
2026-08-11T08:30:47+02:00,UBER,Uber,107,6,90,2,https://feargreedmeter.com/top-100-most-popular-meme-stocks-today
2026-08-11T08:30:47+02:00,EC,Ecopetrol,6,6,91,5,https://feargreedmeter.com/top-100-most-popular-meme-stocks-today
2026-08-11T08:30:47+02:00,MS,Morgan Stanley,21,6,92,5,https://feargreedmeter.com/top-100-most-popular-meme-stocks-today
2026-08-11T08:30:47+02:00,SO,Southern Company,30,6,93,5,https://feargreedmeter.com/top-100-most-popular-meme-stocks-today
2026-08-11T08:30:47+02:00,HPE,Hewlett Packard Enterprise,12,6,94,4,https://feargreedmeter.com/top-100-most-popular-meme-stocks-today
2026-08-11T08:30:47+02:00,BSP,Bending Spoons,39,5,95,5,https://feargreedmeter.com/top-100-most-popular-meme-stocks-today
2026-08-11T08:30:47+02:00,OS,OneStream,-1,5,96,3,https://feargreedmeter.com/top-100-most-popular-meme-stocks-today
2026-08-11T08:30:47+02:00,LINK,Interlink Electronics,7,5,97,-2,https://feargreedmeter.com/top-100-most-popular-meme-stocks-today
2026-08-11T08:30:47+02:00,POET,POET Technologies,9,5,98,2,https://feargreedmeter.com/top-100-most-popular-meme-stocks-today
2026-08-11T08:30:47+02:00,SOUN,SoundHound AI,6,5,99,-4,https://feargreedmeter.com/top-100-most-popular-meme-stocks-today
2026-08-11T08:30:47+02:00,APLD,Applied Blockchain,15,5,100,4,https://feargreedmeter.com/top-100-most-popular-meme-stocks-today
2026-08-11T09:49:26+02:00,SPY,SPDR S&P 500 ETF Trust,1706,430,1,289,https://feargreedmeter.com/top-100-most-popular-meme-stocks-today
2026-08-11T09:49:26+02:00,RKLB,Rocket Lab USA,1185,347,2,283,https://feargreedmeter.com/top-100-most-popular-meme-stocks-today
2026-08-11T09:49:26+02:00,HTZ,Hertz,1008,344,3,221,https://feargreedmeter.com/top-100-most-popular-meme-stocks-today
2026-08-11T09:49:26+02:00,ASTS,AST SpaceMobile,735,229,4,184,https://feargreedmeter.com/top-100-most-popular-meme-stocks-today
2026-08-11T09:49:26+02:00,MU,Micron Technology,923,191,5,119,https://feargreedmeter.com/top-100-most-popular-meme-stocks-today
2026-08-11T09:49:26+02:00,NVDA,NVIDIA,466,160,6,137,https://feargreedmeter.com/top-100-most-popular-meme-stocks-today
2026-08-11T09:49:26+02:00,SPCX,SpaceX,326,158,7,84,https://feargreedmeter.com/top-100-most-popular-meme-stocks-today
2026-08-11T09:49:26+02:00,MSFT,Microsoft,3158,130,8,120,https://feargreedmeter.com/top-100-most-popular-meme-stocks-today
2026-08-11T09:49:26+02:00,SNDK,Sandisk,249,103,9,77,https://feargreedmeter.com/top-100-most-popular-meme-stocks-today
2026-08-11T09:49:26+02:00,META,Meta Platforms (Facebook),115,63,10,55,https://feargreedmeter.com/top-100-most-popular-meme-stocks-today
2026-08-11T09:49:26+02:00,NBIS,Nebius Group,337,61,11,16,https://feargreedmeter.com/top-100-most-popular-meme-stocks-today
2026-08-11T09:49:26+02:00,PLTR,Palantir,140,59,12,43,https://feargreedmeter.com/top-100-most-popular-meme-stocks-today
2026-08-11T09:49:26+02:00,DTE,DTE Energy,126,55,13,23,https://feargreedmeter.com/top-100-most-popular-meme-stocks-today
2026-08-11T09:49:26+02:00,GOOGL,Alphabet (Google),101,51,14,49,https://feargreedmeter.com/top-100-most-popular-meme-stocks-today
2026-08-11T09:49:26+02:00,QQQ,Invesco QQQ ETF,127,48,15,14,https://feargreedmeter.com/top-100-most-popular-meme-stocks-today
2026-08-11T09:49:26+02:00,ACHR,Archer Aviation,92,46,16,41,https://feargreedmeter.com/top-100-most-popular-meme-stocks-today
2026-08-11T09:49:26+02:00,AAPL,Apple,135,43,17,34,https://feargreedmeter.com/top-100-most-popular-meme-stocks-today
2026-08-11T09:49:26+02:00,HIMS,Hims & Hers Health,92,40,18,37,https://feargreedmeter.com/top-100-most-popular-meme-stocks-today
2026-08-11T09:49:26+02:00,IT,Gartner,306,36,19,21,https://feargreedmeter.com/top-100-most-popular-meme-stocks-today
2026-08-11T09:49:26+02:00,AMD,AMD,106,36,20,28,https://feargreedmeter.com/top-100-most-popular-meme-stocks-today
2026-08-11T09:49:26+02:00,USO,United States Commodity Funds LLC - United States Oil Fund,73,33,21,32,https://feargreedmeter.com/top-100-most-popular-meme-stocks-today
2026-08-11T09:49:26+02:00,SMCI,Supermicro,74,33,22,21,https://feargreedmeter.com/top-100-most-popular-meme-stocks-today
2026-08-11T09:49:26+02:00,CRWV,CoreWeave,60,32,23,19,https://feargreedmeter.com/top-100-most-popular-meme-stocks-today
2026-08-11T09:49:26+02:00,TTD,The Trade Desk,249,32,24,22,https://feargreedmeter.com/top-100-most-popular-meme-stocks-today
2026-08-11T09:49:26+02:00,ONDS,Ondas Holdings,70,31,25,13,https://feargreedmeter.com/top-100-most-popular-meme-stocks-today
2026-08-11T09:49:26+02:00,API,Agora.io,50,28,26,16,https://feargreedmeter.com/top-100-most-popular-meme-stocks-today
2026-08-11T09:49:26+02:00,TSLA,Tesla,125,27,27,23,https://feargreedmeter.com/top-100-most-popular-meme-stocks-today
2026-08-11T09:49:26+02:00,GOOG,Alphabet (Google),53,26,28,15,https://feargreedmeter.com/top-100-most-popular-meme-stocks-today
2026-08-11T09:49:26+02:00,YOU,CLEAR Secure,252,24,29,19,https://feargreedmeter.com/top-100-most-popular-meme-stocks-today
2026-08-11T09:49:26+02:00,RIOT,Riot Blockchain,404,24,30,23,https://feargreedmeter.com/top-100-most-popular-meme-stocks-today
2026-08-11T09:49:26+02:00,AMZN,Amazon,66,24,31,23,https://feargreedmeter.com/top-100-most-popular-meme-stocks-today
2026-08-11T09:49:26+02:00,NOW,ServiceNow,139,23,32,16,https://feargreedmeter.com/top-100-most-popular-meme-stocks-today
2026-08-11T09:49:26+02:00,GLD,SSgA SPDR Gold Shares,55,22,33,16,https://feargreedmeter.com/top-100-most-popular-meme-stocks-today
2026-08-11T09:49:26+02:00,SLV,iShares Silver Trust,51,21,34,18,https://feargreedmeter.com/top-100-most-popular-meme-stocks-today
2026-08-11T09:49:26+02:00,AM,Antero Midstream,50,21,35,11,https://feargreedmeter.com/top-100-most-popular-meme-stocks-today
2026-08-11T09:49:26+02:00,DJT,Trump Media & Technology Group,87,20,36,16,https://feargreedmeter.com/top-100-most-popular-meme-stocks-today
2026-08-11T09:49:26+02:00,VC,Visteon,537,20,37,19,https://feargreedmeter.com/top-100-most-popular-meme-stocks-today
2026-08-11T09:49:26+02:00,USAR,USA Rare Earth,47,18,38,17,https://feargreedmeter.com/top-100-most-popular-meme-stocks-today
2026-08-11T09:49:26+02:00,RDDT,Reddit,51,18,39,5,https://feargreedmeter.com/top-100-most-popular-meme-stocks-today
2026-08-11T09:49:26+02:00,AGI,Alamos Gold,19,17,40,16,https://feargreedmeter.com/top-100-most-popular-meme-stocks-today
2026-08-11T09:49:26+02:00,VOO,Vanguard S&P 500 ETF,31,16,41,-32,https://feargreedmeter.com/top-100-most-popular-meme-stocks-today
2026-08-11T09:49:26+02:00,ES,Eversource Energy,21,16,42,9,https://feargreedmeter.com/top-100-most-popular-meme-stocks-today
2026-08-11T09:49:26+02:00,NFLX,Netflix,66,16,43,15,https://feargreedmeter.com/top-100-most-popular-meme-stocks-today
2026-08-11T09:49:26+02:00,INTC,Intel,383,16,44,15,https://feargreedmeter.com/top-100-most-popular-meme-stocks-today
2026-08-11T09:49:26+02:00,ALL,Allstate,-3,15,45,14,https://feargreedmeter.com/top-100-most-popular-meme-stocks-today
2026-08-11T09:49:26+02:00,IP,International Paper,58,13,46,12,https://feargreedmeter.com/top-100-most-popular-meme-stocks-today
2026-08-11T09:49:26+02:00,RCAT,Red Cat Holdings,16,12,47,12,https://feargreedmeter.com/top-100-most-popular-meme-stocks-today
2026-08-11T09:49:26+02:00,SGOV,iShares Trust - iShares 0-3 Month Treasury Bond ETF,42,12,48,9,https://feargreedmeter.com/top-100-most-popular-meme-stocks-today
2026-08-11T09:49:26+02:00,KEEL,Keel Infrastructure,46,11,49,9,https://feargreedmeter.com/top-100-most-popular-meme-stocks-today
2026-08-11T09:49:26+02:00,UP,Wheels Up,24,11,50,7,https://feargreedmeter.com/top-100-most-popular-meme-stocks-today
2026-08-11T09:49:26+02:00,TLT,BlackRock Institutional Trust Company N.A. - BTC iShares 20+ Year Trea,30,11,51,9,https://feargreedmeter.com/top-100-most-popular-meme-stocks-today
2026-08-11T09:49:26+02:00,IQ,iQIYI,31,11,52,0,https://feargreedmeter.com/top-100-most-popular-meme-stocks-today
2026-08-11T09:49:26+02:00,PS,Pluralsight,78,11,53,5,https://feargreedmeter.com/top-100-most-popular-meme-stocks-today
2026-08-11T09:49:26+02:00,AAOI,Applied Optoelectronics,16,10,54,0,https://feargreedmeter.com/top-100-most-popular-meme-stocks-today
2026-08-11T09:49:26+02:00,RR,Richtech Robotics,133,10,55,7,https://feargreedmeter.com/top-100-most-popular-meme-stocks-today
2026-08-11T09:49:26+02:00,ARR,ARMOUR Residential REIT,160,10,56,9,https://feargreedmeter.com/top-100-most-popular-meme-stocks-today
2026-08-11T09:49:26+02:00,APP,AppLovin,19,10,57,8,https://feargreedmeter.com/top-100-most-popular-meme-stocks-today
2026-08-11T09:49:26+02:00,FCF,First Commonwealth Financial Corp,36,10,58,8,https://feargreedmeter.com/top-100-most-popular-meme-stocks-today
2026-08-11T09:49:26+02:00,MRVL,Marvell Technology Group,17,10,59,9,https://feargreedmeter.com/top-100-most-popular-meme-stocks-today
2026-08-11T09:49:26+02:00,ORCL,Oracle,19,10,60,9,https://feargreedmeter.com/top-100-most-popular-meme-stocks-today
2026-08-11T09:49:26+02:00,CD,Chindata,14,9,61,6,https://feargreedmeter.com/top-100-most-popular-meme-stocks-today
2026-08-11T09:49:26+02:00,BW,Babcock & Wilcox,28,9,62,9,https://feargreedmeter.com/top-100-most-popular-meme-stocks-today
2026-08-11T09:49:26+02:00,CPA,Copa Holdings,179,9,63,9,https://feargreedmeter.com/top-100-most-popular-meme-stocks-today
2026-08-11T09:49:26+02:00,COHR,Coherent,12,9,64,-1,https://feargreedmeter.com/top-100-most-popular-meme-stocks-today
2026-08-11T09:49:26+02:00,INFQ,Infleqtion,15,8,65,-4,https://feargreedmeter.com/top-100-most-popular-meme-stocks-today
2026-08-11T09:49:26+02:00,SION,Sionna Therapeutics,14,8,66,8,https://feargreedmeter.com/top-100-most-popular-meme-stocks-today
2026-08-11T09:49:26+02:00,PATH,UiPath,9,8,67,7,https://feargreedmeter.com/top-100-most-popular-meme-stocks-today
2026-08-11T09:49:26+02:00,VTI,Vanguard Total Stock Market ETF,32,8,68,4,https://feargreedmeter.com/top-100-most-popular-meme-stocks-today
2026-08-11T09:49:26+02:00,SOXL,Direxion Shares ETF Trust - Direxion Daily Semiconductor Bull 3X Share,15,8,69,-1,https://feargreedmeter.com/top-100-most-popular-meme-stocks-today
2026-08-11T09:49:26+02:00,CC,Chemours,10,8,70,-7,https://feargreedmeter.com/top-100-most-popular-meme-stocks-today
2026-08-11T09:49:26+02:00,PLUG,Plug Power,19,8,71,7,https://feargreedmeter.com/top-100-most-popular-meme-stocks-today
2026-08-11T09:49:26+02:00,WEN,Wendy’s Company,12,8,72,3,https://feargreedmeter.com/top-100-most-popular-meme-stocks-today
2026-08-11T09:49:26+02:00,VIVK,Vivakor,23,7,73,7,https://feargreedmeter.com/top-100-most-popular-meme-stocks-today
2026-08-11T09:49:26+02:00,GLP,Global Partners LP,73,7,74,3,https://feargreedmeter.com/top-100-most-popular-meme-stocks-today
2026-08-11T09:49:26+02:00,HOOD,Robinhood,19,7,75,1,https://feargreedmeter.com/top-100-most-popular-meme-stocks-today
2026-08-11T09:49:26+02:00,ABNB,Airbnb,10,7,76,6,https://feargreedmeter.com/top-100-most-popular-meme-stocks-today
2026-08-11T09:49:26+02:00,SLS,Sellas Life Sciences,21,7,77,0,https://feargreedmeter.com/top-100-most-popular-meme-stocks-today
2026-08-11T09:49:26+02:00,CAKE,The Cheesecake Factory,14,7,78,6,https://feargreedmeter.com/top-100-most-popular-meme-stocks-today
2026-08-11T09:49:26+02:00,MAGA,ETF Series Solutions Trust - Point Bridge GOP Stock Tracker ETF,224,7,79,6,https://feargreedmeter.com/top-100-most-popular-meme-stocks-today
2026-08-11T09:49:26+02:00,CRWD,CrowdStrike,12,7,80,6,https://feargreedmeter.com/top-100-most-popular-meme-stocks-today
2026-08-11T09:49:26+02:00,GO,Grocery Outlet,17,7,81,5,https://feargreedmeter.com/top-100-most-popular-meme-stocks-today
2026-08-11T09:49:26+02:00,LITE,Lumentum,12,7,82,0,https://feargreedmeter.com/top-100-most-popular-meme-stocks-today
2026-08-11T09:49:26+02:00,WDC,Western Digital,12,7,83,5,https://feargreedmeter.com/top-100-most-popular-meme-stocks-today
2026-08-11T09:49:26+02:00,OS,OneStream,,6,84,4,https://feargreedmeter.com/top-100-most-popular-meme-stocks-today
2026-08-11T09:49:26+02:00,LUNR,Intuitive Machines,26,6,85,2,https://feargreedmeter.com/top-100-most-popular-meme-stocks-today
2026-08-11T09:49:26+02:00,LINK,Interlink Electronics,8,6,86,-1,https://feargreedmeter.com/top-100-most-popular-meme-stocks-today
2026-08-11T09:49:26+02:00,DC,Dakota Gold,227,6,87,3,https://feargreedmeter.com/top-100-most-popular-meme-stocks-today
2026-08-11T09:49:26+02:00,EVER,EverQuote,202,6,88,5,https://feargreedmeter.com/top-100-most-popular-meme-stocks-today
2026-08-11T09:49:26+02:00,SMH,VanEck Vectors ETF Trust - VanEck Vectors Semiconductor ETF,47,6,89,5,https://feargreedmeter.com/top-100-most-popular-meme-stocks-today
2026-08-11T09:49:26+02:00,SCHD,Schwab Strategic Trust - CSIM Schwab US Dividend Equity ETF,9,6,90,-6,https://feargreedmeter.com/top-100-most-popular-meme-stocks-today
2026-08-11T09:49:26+02:00,HBM,Hudbay Minerals,73,6,91,0,https://feargreedmeter.com/top-100-most-popular-meme-stocks-today
2026-08-11T09:49:26+02:00,RTX,Raytheon Technologies,76,6,92,5,https://feargreedmeter.com/top-100-most-popular-meme-stocks-today
2026-08-11T09:49:26+02:00,UBER,Uber,109,6,93,2,https://feargreedmeter.com/top-100-most-popular-meme-stocks-today
2026-08-11T09:49:26+02:00,EC,Ecopetrol,6,6,94,5,https://feargreedmeter.com/top-100-most-popular-meme-stocks-today
2026-08-11T09:49:26+02:00,MS,Morgan Stanley,21,6,95,5,https://feargreedmeter.com/top-100-most-popular-meme-stocks-today
2026-08-11T09:49:26+02:00,SO,Southern Company,30,6,96,5,https://feargreedmeter.com/top-100-most-popular-meme-stocks-today
2026-08-11T09:49:26+02:00,HPE,Hewlett Packard Enterprise,12,6,97,4,https://feargreedmeter.com/top-100-most-popular-meme-stocks-today
2026-08-11T09:49:26+02:00,BSP,Bending Spoons,51,5,98,5,https://feargreedmeter.com/top-100-most-popular-meme-stocks-today
2026-08-11T09:49:26+02:00,POET,POET Technologies,9,5,99,2,https://feargreedmeter.com/top-100-most-popular-meme-stocks-today
2026-08-11T09:49:26+02:00,APLD,Applied Blockchain,17,5,100,4,https://feargreedmeter.com/top-100-most-popular-meme-stocks-today
2026-08-11T10:40:01+02:00,SPY,SPDR S&P 500 ETF Trust,1697,428,1,283,https://feargreedmeter.com/top-100-most-popular-meme-stocks-today
2026-08-11T10:40:01+02:00,RKLB,Rocket Lab USA,1312,351,2,286,https://feargreedmeter.com/top-100-most-popular-meme-stocks-today
2026-08-11T10:40:01+02:00,HTZ,Hertz,1012,343,3,217,https://feargreedmeter.com/top-100-most-popular-meme-stocks-today
2026-08-11T10:40:01+02:00,ASTS,AST SpaceMobile,744,231,4,185,https://feargreedmeter.com/top-100-most-popular-meme-stocks-today
2026-08-11T10:40:01+02:00,MU,Micron Technology,943,190,5,114,https://feargreedmeter.com/top-100-most-popular-meme-stocks-today
2026-08-11T10:40:01+02:00,NVDA,NVIDIA,475,161,6,138,https://feargreedmeter.com/top-100-most-popular-meme-stocks-today
2026-08-11T10:40:01+02:00,SPCX,SpaceX,329,160,7,86,https://feargreedmeter.com/top-100-most-popular-meme-stocks-today
2026-08-11T10:40:01+02:00,MSFT,Microsoft,3254,129,8,121,https://feargreedmeter.com/top-100-most-popular-meme-stocks-today
2026-08-11T10:40:01+02:00,SNDK,Sandisk,255,105,9,75,https://feargreedmeter.com/top-100-most-popular-meme-stocks-today
2026-08-11T10:40:01+02:00,META,Meta Platforms (Facebook),109,62,10,54,https://feargreedmeter.com/top-100-most-popular-meme-stocks-today
2026-08-11T10:40:01+02:00,NBIS,Nebius Group,339,60,11,15,https://feargreedmeter.com/top-100-most-popular-meme-stocks-today
2026-08-11T10:40:01+02:00,PLTR,Palantir,143,59,12,43,https://feargreedmeter.com/top-100-most-popular-meme-stocks-today
2026-08-11T10:40:01+02:00,DTE,DTE Energy,124,55,13,23,https://feargreedmeter.com/top-100-most-popular-meme-stocks-today
2026-08-11T10:40:01+02:00,GOOGL,Alphabet (Google),100,51,14,49,https://feargreedmeter.com/top-100-most-popular-meme-stocks-today
2026-08-11T10:40:01+02:00,QQQ,Invesco QQQ ETF,129,49,15,15,https://feargreedmeter.com/top-100-most-popular-meme-stocks-today
2026-08-11T10:40:01+02:00,ACHR,Archer Aviation,91,46,16,41,https://feargreedmeter.com/top-100-most-popular-meme-stocks-today
2026-08-11T10:40:01+02:00,AAPL,Apple,131,42,17,35,https://feargreedmeter.com/top-100-most-popular-meme-stocks-today
2026-08-11T10:40:01+02:00,HIMS,Hims & Hers Health,97,40,18,38,https://feargreedmeter.com/top-100-most-popular-meme-stocks-today
2026-08-11T10:40:01+02:00,AMD,AMD,116,37,19,29,https://feargreedmeter.com/top-100-most-popular-meme-stocks-today
2026-08-11T10:40:01+02:00,IT,Gartner,426,36,20,21,https://feargreedmeter.com/top-100-most-popular-meme-stocks-today
2026-08-11T10:40:01+02:00,USO,United States Commodity Funds LLC - United States Oil Fund,73,33,21,32,https://feargreedmeter.com/top-100-most-popular-meme-stocks-today
2026-08-11T10:40:01+02:00,SMCI,Supermicro,74,33,22,21,https://feargreedmeter.com/top-100-most-popular-meme-stocks-today
2026-08-11T10:40:01+02:00,CRWV,CoreWeave,61,32,23,19,https://feargreedmeter.com/top-100-most-popular-meme-stocks-today
2026-08-11T10:40:01+02:00,TTD,The Trade Desk,258,32,24,22,https://feargreedmeter.com/top-100-most-popular-meme-stocks-today
2026-08-11T10:40:01+02:00,ONDS,Ondas Holdings,71,31,25,13,https://feargreedmeter.com/top-100-most-popular-meme-stocks-today
2026-08-11T10:40:01+02:00,API,Agora.io,52,29,26,17,https://feargreedmeter.com/top-100-most-popular-meme-stocks-today
2026-08-11T10:40:01+02:00,TSLA,Tesla,125,27,27,24,https://feargreedmeter.com/top-100-most-popular-meme-stocks-today
2026-08-11T10:40:01+02:00,GOOG,Alphabet (Google),54,25,28,14,https://feargreedmeter.com/top-100-most-popular-meme-stocks-today
2026-08-11T10:40:01+02:00,YOU,CLEAR Secure,320,24,29,20,https://feargreedmeter.com/top-100-most-popular-meme-stocks-today
2026-08-11T10:40:01+02:00,RIOT,Riot Blockchain,402,24,30,23,https://feargreedmeter.com/top-100-most-popular-meme-stocks-today
2026-08-11T10:40:01+02:00,AMZN,Amazon,67,24,31,23,https://feargreedmeter.com/top-100-most-popular-meme-stocks-today
2026-08-11T10:40:01+02:00,NOW,ServiceNow,138,23,32,16,https://feargreedmeter.com/top-100-most-popular-meme-stocks-today
2026-08-11T10:40:01+02:00,GLD,SSgA SPDR Gold Shares,56,22,33,16,https://feargreedmeter.com/top-100-most-popular-meme-stocks-today
2026-08-11T10:40:01+02:00,SLV,iShares Silver Trust,50,21,34,18,https://feargreedmeter.com/top-100-most-popular-meme-stocks-today
2026-08-11T10:40:01+02:00,DJT,Trump Media & Technology Group,86,20,35,16,https://feargreedmeter.com/top-100-most-popular-meme-stocks-today
2026-08-11T10:40:01+02:00,AM,Antero Midstream,48,20,36,10,https://feargreedmeter.com/top-100-most-popular-meme-stocks-today
2026-08-11T10:40:01+02:00,VC,Visteon,542,20,37,19,https://feargreedmeter.com/top-100-most-popular-meme-stocks-today
2026-08-11T10:40:01+02:00,USAR,USA Rare Earth,48,18,38,17,https://feargreedmeter.com/top-100-most-popular-meme-stocks-today
2026-08-11T10:40:01+02:00,RDDT,Reddit,54,18,39,5,https://feargreedmeter.com/top-100-most-popular-meme-stocks-today
2026-08-11T10:40:01+02:00,AGI,Alamos Gold,20,17,40,16,https://feargreedmeter.com/top-100-most-popular-meme-stocks-today
2026-08-11T10:40:01+02:00,VOO,Vanguard S&P 500 ETF,34,16,41,-31,https://feargreedmeter.com/top-100-most-popular-meme-stocks-today
2026-08-11T10:40:01+02:00,ES,Eversource Energy,21,16,42,9,https://feargreedmeter.com/top-100-most-popular-meme-stocks-today
2026-08-11T10:40:01+02:00,ALL,Allstate,-6,16,43,15,https://feargreedmeter.com/top-100-most-popular-meme-stocks-today
2026-08-11T10:40:01+02:00,NFLX,Netflix,63,16,44,15,https://feargreedmeter.com/top-100-most-popular-meme-stocks-today
2026-08-11T10:40:01+02:00,INTC,Intel,392,16,45,15,https://feargreedmeter.com/top-100-most-popular-meme-stocks-today
2026-08-11T10:40:01+02:00,IP,International Paper,57,13,46,12,https://feargreedmeter.com/top-100-most-popular-meme-stocks-today
2026-08-11T10:40:01+02:00,RCAT,Red Cat Holdings,16,12,47,12,https://feargreedmeter.com/top-100-most-popular-meme-stocks-today
2026-08-11T10:40:01+02:00,SGOV,iShares Trust - iShares 0-3 Month Treasury Bond ETF,47,12,48,9,https://feargreedmeter.com/top-100-most-popular-meme-stocks-today
2026-08-11T10:40:01+02:00,PS,Pluralsight,84,12,49,6,https://feargreedmeter.com/top-100-most-popular-meme-stocks-today
2026-08-11T10:40:01+02:00,KEEL,Keel Infrastructure,46,11,50,9,https://feargreedmeter.com/top-100-most-popular-meme-stocks-today
2026-08-11T10:40:01+02:00,UP,Wheels Up,25,11,51,7,https://feargreedmeter.com/top-100-most-popular-meme-stocks-today
2026-08-11T10:40:01+02:00,TLT,BlackRock Institutional Trust Company N.A. - BTC iShares 20+ Year Trea,30,11,52,9,https://feargreedmeter.com/top-100-most-popular-meme-stocks-today
2026-08-11T10:40:01+02:00,MRVL,Marvell Technology Group,18,11,53,10,https://feargreedmeter.com/top-100-most-popular-meme-stocks-today
2026-08-11T10:40:01+02:00,RR,Richtech Robotics,142,10,54,7,https://feargreedmeter.com/top-100-most-popular-meme-stocks-today
2026-08-11T10:40:01+02:00,ARR,ARMOUR Residential REIT,154,10,55,9,https://feargreedmeter.com/top-100-most-popular-meme-stocks-today
2026-08-11T10:40:01+02:00,APP,AppLovin,19,10,56,8,https://feargreedmeter.com/top-100-most-popular-meme-stocks-today
2026-08-11T10:40:01+02:00,FCF,First Commonwealth Financial Corp,38,10,57,8,https://feargreedmeter.com/top-100-most-popular-meme-stocks-today
2026-08-11T10:40:01+02:00,IQ,iQIYI,33,10,58,0,https://feargreedmeter.com/top-100-most-popular-meme-stocks-today
2026-08-11T10:40:01+02:00,ORCL,Oracle,19,10,59,9,https://feargreedmeter.com/top-100-most-popular-meme-stocks-today
2026-08-11T10:40:01+02:00,AAOI,Applied Optoelectronics,15,9,60,-2,https://feargreedmeter.com/top-100-most-popular-meme-stocks-today
2026-08-11T10:40:01+02:00,CD,Chindata,13,9,61,6,https://feargreedmeter.com/top-100-most-popular-meme-stocks-today
2026-08-11T10:40:01+02:00,BW,Babcock & Wilcox,26,9,62,9,https://feargreedmeter.com/top-100-most-popular-meme-stocks-today
2026-08-11T10:40:01+02:00,SOXL,Direxion Shares ETF Trust - Direxion Daily Semiconductor Bull 3X Share,16,9,63,0,https://feargreedmeter.com/top-100-most-popular-meme-stocks-today
2026-08-11T10:40:01+02:00,CPA,Copa Holdings,184,9,64,9,https://feargreedmeter.com/top-100-most-popular-meme-stocks-today
2026-08-11T10:40:01+02:00,COHR,Coherent,12,9,65,-1,https://feargreedmeter.com/top-100-most-popular-meme-stocks-today
2026-08-11T10:40:01+02:00,INFQ,Infleqtion,14,8,66,-4,https://feargreedmeter.com/top-100-most-popular-meme-stocks-today
2026-08-11T10:40:01+02:00,SION,Sionna Therapeutics,14,8,67,8,https://feargreedmeter.com/top-100-most-popular-meme-stocks-today
2026-08-11T10:40:01+02:00,PATH,UiPath,9,8,68,7,https://feargreedmeter.com/top-100-most-popular-meme-stocks-today
2026-08-11T10:40:01+02:00,VTI,Vanguard Total Stock Market ETF,38,8,69,4,https://feargreedmeter.com/top-100-most-popular-meme-stocks-today
2026-08-11T10:40:01+02:00,CC,Chemours,10,8,70,-7,https://feargreedmeter.com/top-100-most-popular-meme-stocks-today
2026-08-11T10:40:01+02:00,PLUG,Plug Power,19,8,71,7,https://feargreedmeter.com/top-100-most-popular-meme-stocks-today
2026-08-11T10:40:01+02:00,WEN,Wendy’s Company,12,8,72,3,https://feargreedmeter.com/top-100-most-popular-meme-stocks-today
2026-08-11T10:40:01+02:00,VIVK,Vivakor,22,7,73,7,https://feargreedmeter.com/top-100-most-popular-meme-stocks-today
2026-08-11T10:40:01+02:00,DC,Dakota Gold,344,7,74,4,https://feargreedmeter.com/top-100-most-popular-meme-stocks-today
2026-08-11T10:40:01+02:00,GLP,Global Partners LP,70,7,75,3,https://feargreedmeter.com/top-100-most-popular-meme-stocks-today
2026-08-11T10:40:01+02:00,HOOD,Robinhood,21,7,76,1,https://feargreedmeter.com/top-100-most-popular-meme-stocks-today
2026-08-11T10:40:01+02:00,SLS,Sellas Life Sciences,17,7,77,0,https://feargreedmeter.com/top-100-most-popular-meme-stocks-today
2026-08-11T10:40:01+02:00,CAKE,The Cheesecake Factory,14,7,78,6,https://feargreedmeter.com/top-100-most-popular-meme-stocks-today
2026-08-11T10:40:01+02:00,CRWD,CrowdStrike,12,7,79,6,https://feargreedmeter.com/top-100-most-popular-meme-stocks-today
2026-08-11T10:40:01+02:00,GO,Grocery Outlet,17,7,80,5,https://feargreedmeter.com/top-100-most-popular-meme-stocks-today
2026-08-11T10:40:01+02:00,LITE,Lumentum,12,7,81,0,https://feargreedmeter.com/top-100-most-popular-meme-stocks-today
2026-08-11T10:40:01+02:00,WDC,Western Digital,12,7,82,5,https://feargreedmeter.com/top-100-most-popular-meme-stocks-today
2026-08-11T10:40:01+02:00,OS,OneStream,,6,83,4,https://feargreedmeter.com/top-100-most-popular-meme-stocks-today
2026-08-11T10:40:01+02:00,LUNR,Intuitive Machines,25,6,84,2,https://feargreedmeter.com/top-100-most-popular-meme-stocks-today
2026-08-11T10:40:01+02:00,LINK,Interlink Electronics,8,6,85,-1,https://feargreedmeter.com/top-100-most-popular-meme-stocks-today
2026-08-11T10:40:01+02:00,EVER,EverQuote,295,6,86,5,https://feargreedmeter.com/top-100-most-popular-meme-stocks-today
2026-08-11T10:40:01+02:00,ABNB,Airbnb,9,6,87,5,https://feargreedmeter.com/top-100-most-popular-meme-stocks-today
2026-08-11T10:40:01+02:00,MAGA,ETF Series Solutions Trust - Point Bridge GOP Stock Tracker ETF,224,6,88,4,https://feargreedmeter.com/top-100-most-popular-meme-stocks-today
2026-08-11T10:40:01+02:00,SMH,VanEck Vectors ETF Trust - VanEck Vectors Semiconductor ETF,49,6,89,5,https://feargreedmeter.com/top-100-most-popular-meme-stocks-today
2026-08-11T10:40:01+02:00,SCHD,Schwab Strategic Trust - CSIM Schwab US Dividend Equity ETF,9,6,90,-5,https://feargreedmeter.com/top-100-most-popular-meme-stocks-today
2026-08-11T10:40:01+02:00,HBM,Hudbay Minerals,84,6,91,0,https://feargreedmeter.com/top-100-most-popular-meme-stocks-today
2026-08-11T10:40:01+02:00,RTX,Raytheon Technologies,74,6,92,5,https://feargreedmeter.com/top-100-most-popular-meme-stocks-today
2026-08-11T10:40:01+02:00,UBER,Uber,110,6,93,2,https://feargreedmeter.com/top-100-most-popular-meme-stocks-today
2026-08-11T10:40:01+02:00,EC,Ecopetrol,6,6,94,5,https://feargreedmeter.com/top-100-most-popular-meme-stocks-today
2026-08-11T10:40:01+02:00,MS,Morgan Stanley,25,6,95,5,https://feargreedmeter.com/top-100-most-popular-meme-stocks-today
2026-08-11T10:40:01+02:00,SO,Southern Company,30,6,96,5,https://feargreedmeter.com/top-100-most-popular-meme-stocks-today
2026-08-11T10:40:01+02:00,HPE,Hewlett Packard Enterprise,12,6,97,4,https://feargreedmeter.com/top-100-most-popular-meme-stocks-today
2026-08-11T10:40:01+02:00,BSP,Bending Spoons,54,5,98,5,https://feargreedmeter.com/top-100-most-popular-meme-stocks-today
2026-08-11T10:40:01+02:00,POET,POET Technologies,9,5,99,2,https://feargreedmeter.com/top-100-most-popular-meme-stocks-today
2026-08-11T10:40:01+02:00,RUM,Rumble,4,5,100,4,https://feargreedmeter.com/top-100-most-popular-meme-stocks-today
2026-08-11T11:42:23+02:00,SPY,SPDR S&P 500 ETF Trust,1699,429,1,283,https://feargreedmeter.com/top-100-most-popular-meme-stocks-today
2026-08-11T11:42:23+02:00,RKLB,Rocket Lab USA,1320,347,2,280,https://feargreedmeter.com/top-100-most-popular-meme-stocks-today
2026-08-11T11:42:23+02:00,HTZ,Hertz,880,330,3,196,https://feargreedmeter.com/top-100-most-popular-meme-stocks-today
2026-08-11T11:42:23+02:00,ASTS,AST SpaceMobile,755,231,4,185,https://feargreedmeter.com/top-100-most-popular-meme-stocks-today
2026-08-11T11:42:23+02:00,MU,Micron Technology,968,191,5,114,https://feargreedmeter.com/top-100-most-popular-meme-stocks-today
2026-08-11T11:42:23+02:00,NVDA,NVIDIA,473,163,6,140,https://feargreedmeter.com/top-100-most-popular-meme-stocks-today
2026-08-11T11:42:23+02:00,SPCX,SpaceX,305,159,7,85,https://feargreedmeter.com/top-100-most-popular-meme-stocks-today
2026-08-11T11:42:23+02:00,MSFT,Microsoft,3544,129,8,120,https://feargreedmeter.com/top-100-most-popular-meme-stocks-today
2026-08-11T11:42:23+02:00,SNDK,Sandisk,275,108,9,78,https://feargreedmeter.com/top-100-most-popular-meme-stocks-today
2026-08-11T11:42:23+02:00,META,Meta Platforms (Facebook),109,63,10,54,https://feargreedmeter.com/top-100-most-popular-meme-stocks-today
2026-08-11T11:42:23+02:00,NBIS,Nebius Group,340,60,11,15,https://feargreedmeter.com/top-100-most-popular-meme-stocks-today
2026-08-11T11:42:23+02:00,PLTR,Palantir,145,59,12,43,https://feargreedmeter.com/top-100-most-popular-meme-stocks-today
2026-08-11T11:42:23+02:00,DTE,DTE Energy,129,54,13,22,https://feargreedmeter.com/top-100-most-popular-meme-stocks-today
2026-08-11T11:42:23+02:00,GOOGL,Alphabet (Google),101,51,14,49,https://feargreedmeter.com/top-100-most-popular-meme-stocks-today
2026-08-11T11:42:23+02:00,QQQ,Invesco QQQ ETF,132,48,15,13,https://feargreedmeter.com/top-100-most-popular-meme-stocks-today
2026-08-11T11:42:23+02:00,ACHR,Archer Aviation,95,47,16,42,https://feargreedmeter.com/top-100-most-popular-meme-stocks-today
2026-08-11T11:42:23+02:00,AAPL,Apple,129,42,17,34,https://feargreedmeter.com/top-100-most-popular-meme-stocks-today
2026-08-11T11:42:23+02:00,HIMS,Hims & Hers Health,90,39,18,37,https://feargreedmeter.com/top-100-most-popular-meme-stocks-today
2026-08-11T11:42:23+02:00,AMD,AMD,122,37,19,29,https://feargreedmeter.com/top-100-most-popular-meme-stocks-today
2026-08-11T11:42:23+02:00,IT,Gartner,427,36,20,22,https://feargreedmeter.com/top-100-most-popular-meme-stocks-today
2026-08-11T11:42:23+02:00,USO,United States Commodity Funds LLC - United States Oil Fund,77,33,21,32,https://feargreedmeter.com/top-100-most-popular-meme-stocks-today
2026-08-11T11:42:23+02:00,CRWV,CoreWeave,63,32,22,19,https://feargreedmeter.com/top-100-most-popular-meme-stocks-today
2026-08-11T11:42:23+02:00,TTD,The Trade Desk,259,32,23,22,https://feargreedmeter.com/top-100-most-popular-meme-stocks-today
2026-08-11T11:42:23+02:00,SMCI,Supermicro,66,30,24,16,https://feargreedmeter.com/top-100-most-popular-meme-stocks-today
2026-08-11T11:42:23+02:00,ONDS,Ondas Holdings,67,29,25,10,https://feargreedmeter.com/top-100-most-popular-meme-stocks-today
2026-08-11T11:42:23+02:00,API,Agora.io,53,29,26,17,https://feargreedmeter.com/top-100-most-popular-meme-stocks-today
2026-08-11T11:42:23+02:00,TSLA,Tesla,127,28,27,25,https://feargreedmeter.com/top-100-most-popular-meme-stocks-today
2026-08-11T11:42:23+02:00,GOOG,Alphabet (Google),54,25,28,13,https://feargreedmeter.com/top-100-most-popular-meme-stocks-today
2026-08-11T11:42:23+02:00,YOU,CLEAR Secure,333,24,29,20,https://feargreedmeter.com/top-100-most-popular-meme-stocks-today
2026-08-11T11:42:23+02:00,RIOT,Riot Blockchain,448,24,30,23,https://feargreedmeter.com/top-100-most-popular-meme-stocks-today
2026-08-11T11:42:23+02:00,GLD,SSgA SPDR Gold Shares,63,23,31,17,https://feargreedmeter.com/top-100-most-popular-meme-stocks-today
2026-08-11T11:42:23+02:00,NOW,ServiceNow,140,23,32,16,https://feargreedmeter.com/top-100-most-popular-meme-stocks-today
2026-08-11T11:42:23+02:00,AMZN,Amazon,65,23,33,22,https://feargreedmeter.com/top-100-most-popular-meme-stocks-today
2026-08-11T11:42:23+02:00,SLV,iShares Silver Trust,49,21,34,18,https://feargreedmeter.com/top-100-most-popular-meme-stocks-today
2026-08-11T11:42:23+02:00,AM,Antero Midstream,50,21,35,11,https://feargreedmeter.com/top-100-most-popular-meme-stocks-today
2026-08-11T11:42:23+02:00,DJT,Trump Media & Technology Group,85,20,36,16,https://feargreedmeter.com/top-100-most-popular-meme-stocks-today
2026-08-11T11:42:23+02:00,VC,Visteon,551,20,37,19,https://feargreedmeter.com/top-100-most-popular-meme-stocks-today
2026-08-11T11:42:23+02:00,USAR,USA Rare Earth,47,18,38,17,https://feargreedmeter.com/top-100-most-popular-meme-stocks-today
2026-08-11T11:42:23+02:00,INTC,Intel,394,18,39,17,https://feargreedmeter.com/top-100-most-popular-meme-stocks-today
2026-08-11T11:42:23+02:00,AGI,Alamos Gold,20,17,40,16,https://feargreedmeter.com/top-100-most-popular-meme-stocks-today
2026-08-11T11:42:23+02:00,RDDT,Reddit,87,16,41,3,https://feargreedmeter.com/top-100-most-popular-meme-stocks-today
2026-08-11T11:42:23+02:00,VOO,Vanguard S&P 500 ETF,34,16,42,-29,https://feargreedmeter.com/top-100-most-popular-meme-stocks-today
2026-08-11T11:42:23+02:00,ES,Eversource Energy,20,16,43,9,https://feargreedmeter.com/top-100-most-popular-meme-stocks-today
2026-08-11T11:42:23+02:00,ALL,Allstate,-6,16,44,15,https://feargreedmeter.com/top-100-most-popular-meme-stocks-today
2026-08-11T11:42:23+02:00,NFLX,Netflix,62,16,45,15,https://feargreedmeter.com/top-100-most-popular-meme-stocks-today
2026-08-11T11:42:23+02:00,IP,International Paper,57,13,46,12,https://feargreedmeter.com/top-100-most-popular-meme-stocks-today
2026-08-11T11:42:23+02:00,RCAT,Red Cat Holdings,16,12,47,12,https://feargreedmeter.com/top-100-most-popular-meme-stocks-today
2026-08-11T11:42:23+02:00,SGOV,iShares Trust - iShares 0-3 Month Treasury Bond ETF,50,12,48,9,https://feargreedmeter.com/top-100-most-popular-meme-stocks-today
2026-08-11T11:42:23+02:00,PS,Pluralsight,78,12,49,6,https://feargreedmeter.com/top-100-most-popular-meme-stocks-today
2026-08-11T11:42:23+02:00,KEEL,Keel Infrastructure,50,11,50,9,https://feargreedmeter.com/top-100-most-popular-meme-stocks-today
2026-08-11T11:42:23+02:00,UP,Wheels Up,24,11,51,7,https://feargreedmeter.com/top-100-most-popular-meme-stocks-today
2026-08-11T11:42:23+02:00,TLT,BlackRock Institutional Trust Company N.A. - BTC iShares 20+ Year Trea,30,11,52,9,https://feargreedmeter.com/top-100-most-popular-meme-stocks-today
2026-08-11T11:42:23+02:00,MRVL,Marvell Technology Group,18,11,53,10,https://feargreedmeter.com/top-100-most-popular-meme-stocks-today
2026-08-11T11:42:23+02:00,RR,Richtech Robotics,145,10,54,7,https://feargreedmeter.com/top-100-most-popular-meme-stocks-today
2026-08-11T11:42:23+02:00,ARR,ARMOUR Residential REIT,163,10,55,9,https://feargreedmeter.com/top-100-most-popular-meme-stocks-today
2026-08-11T11:42:23+02:00,APP,AppLovin,17,10,56,8,https://feargreedmeter.com/top-100-most-popular-meme-stocks-today
2026-08-11T11:42:23+02:00,FCF,First Commonwealth Financial Corp,43,10,57,8,https://feargreedmeter.com/top-100-most-popular-meme-stocks-today
2026-08-11T11:42:23+02:00,SLS,Sellas Life Sciences,24,10,58,3,https://feargreedmeter.com/top-100-most-popular-meme-stocks-today
2026-08-11T11:42:23+02:00,IQ,iQIYI,35,10,59,1,https://feargreedmeter.com/top-100-most-popular-meme-stocks-today
2026-08-11T11:42:23+02:00,ORCL,Oracle,20,10,60,9,https://feargreedmeter.com/top-100-most-popular-meme-stocks-today
2026-08-11T11:42:23+02:00,AAOI,Applied Optoelectronics,14,9,61,-2,https://feargreedmeter.com/top-100-most-popular-meme-stocks-today
2026-08-11T11:42:23+02:00,CD,Chindata,13,9,62,6,https://feargreedmeter.com/top-100-most-popular-meme-stocks-today
2026-08-11T11:42:23+02:00,BW,Babcock & Wilcox,29,9,63,9,https://feargreedmeter.com/top-100-most-popular-meme-stocks-today
2026-08-11T11:42:23+02:00,SOXL,Direxion Shares ETF Trust - Direxion Daily Semiconductor Bull 3X Share,18,9,64,1,https://feargreedmeter.com/top-100-most-popular-meme-stocks-today
2026-08-11T11:42:23+02:00,CPA,Copa Holdings,192,9,65,9,https://feargreedmeter.com/top-100-most-popular-meme-stocks-today
2026-08-11T11:42:23+02:00,COHR,Coherent,12,9,66,-1,https://feargreedmeter.com/top-100-most-popular-meme-stocks-today
2026-08-11T11:42:23+02:00,WDC,Western Digital,15,9,67,7,https://feargreedmeter.com/top-100-most-popular-meme-stocks-today
2026-08-11T11:42:23+02:00,INFQ,Infleqtion,12,8,68,-4,https://feargreedmeter.com/top-100-most-popular-meme-stocks-today
2026-08-11T11:42:23+02:00,SION,Sionna Therapeutics,14,8,69,8,https://feargreedmeter.com/top-100-most-popular-meme-stocks-today
2026-08-11T11:42:23+02:00,PATH,UiPath,9,8,70,7,https://feargreedmeter.com/top-100-most-popular-meme-stocks-today
2026-08-11T11:42:23+02:00,VTI,Vanguard Total Stock Market ETF,44,8,71,4,https://feargreedmeter.com/top-100-most-popular-meme-stocks-today
2026-08-11T11:42:23+02:00,CC,Chemours,10,8,72,-7,https://feargreedmeter.com/top-100-most-popular-meme-stocks-today
2026-08-11T11:42:23+02:00,PLUG,Plug Power,19,8,73,7,https://feargreedmeter.com/top-100-most-popular-meme-stocks-today
2026-08-11T11:42:23+02:00,WEN,Wendy’s Company,12,8,74,3,https://feargreedmeter.com/top-100-most-popular-meme-stocks-today
2026-08-11T11:42:23+02:00,VIVK,Vivakor,20,7,75,7,https://feargreedmeter.com/top-100-most-popular-meme-stocks-today
2026-08-11T11:42:23+02:00,DC,Dakota Gold,344,7,76,4,https://feargreedmeter.com/top-100-most-popular-meme-stocks-today
2026-08-11T11:42:23+02:00,GLP,Global Partners LP,70,7,77,3,https://feargreedmeter.com/top-100-most-popular-meme-stocks-today
2026-08-11T11:42:23+02:00,HOOD,Robinhood,20,7,78,1,https://feargreedmeter.com/top-100-most-popular-meme-stocks-today
2026-08-11T11:42:23+02:00,CAKE,The Cheesecake Factory,14,7,79,6,https://feargreedmeter.com/top-100-most-popular-meme-stocks-today
2026-08-11T11:42:23+02:00,CRWD,CrowdStrike,12,7,80,6,https://feargreedmeter.com/top-100-most-popular-meme-stocks-today
2026-08-11T11:42:23+02:00,GO,Grocery Outlet,17,7,81,6,https://feargreedmeter.com/top-100-most-popular-meme-stocks-today
2026-08-11T11:42:23+02:00,EC,Ecopetrol,7,7,82,6,https://feargreedmeter.com/top-100-most-popular-meme-stocks-today
2026-08-11T11:42:23+02:00,LITE,Lumentum,12,7,83,0,https://feargreedmeter.com/top-100-most-popular-meme-stocks-today
2026-08-11T11:42:23+02:00,OS,OneStream,,6,84,4,https://feargreedmeter.com/top-100-most-popular-meme-stocks-today
2026-08-11T11:42:23+02:00,LUNR,Intuitive Machines,25,6,85,2,https://feargreedmeter.com/top-100-most-popular-meme-stocks-today
2026-08-11T11:42:23+02:00,LINK,Interlink Electronics,8,6,86,-1,https://feargreedmeter.com/top-100-most-popular-meme-stocks-today
2026-08-11T11:42:23+02:00,EVER,EverQuote,313,6,87,5,https://feargreedmeter.com/top-100-most-popular-meme-stocks-today
2026-08-11T11:42:23+02:00,ABNB,Airbnb,9,6,88,5,https://feargreedmeter.com/top-100-most-popular-meme-stocks-today
2026-08-11T11:42:23+02:00,MAGA,ETF Series Solutions Trust - Point Bridge GOP Stock Tracker ETF,240,6,89,4,https://feargreedmeter.com/top-100-most-popular-meme-stocks-today
2026-08-11T11:42:23+02:00,SMH,VanEck Vectors ETF Trust - VanEck Vectors Semiconductor ETF,50,6,90,5,https://feargreedmeter.com/top-100-most-popular-meme-stocks-today
2026-08-11T11:42:23+02:00,SCHD,Schwab Strategic Trust - CSIM Schwab US Dividend Equity ETF,9,6,91,-5,https://feargreedmeter.com/top-100-most-popular-meme-stocks-today
2026-08-11T11:42:23+02:00,HBM,Hudbay Minerals,83,6,92,0,https://feargreedmeter.com/top-100-most-popular-meme-stocks-today
2026-08-11T11:42:23+02:00,RTX,Raytheon Technologies,78,6,93,5,https://feargreedmeter.com/top-100-most-popular-meme-stocks-today
2026-08-11T11:42:23+02:00,UBER,Uber,110,6,94,2,https://feargreedmeter.com/top-100-most-popular-meme-stocks-today
2026-08-11T11:42:23+02:00,MS,Morgan Stanley,26,6,95,5,https://feargreedmeter.com/top-100-most-popular-meme-stocks-today
2026-08-11T11:42:23+02:00,SO,Southern Company,32,6,96,5,https://feargreedmeter.com/top-100-most-popular-meme-stocks-today
2026-08-11T11:42:23+02:00,HPE,Hewlett Packard Enterprise,12,6,97,4,https://feargreedmeter.com/top-100-most-popular-meme-stocks-today
2026-08-11T11:42:23+02:00,BSP,Bending Spoons,66,5,98,5,https://feargreedmeter.com/top-100-most-popular-meme-stocks-today
2026-08-11T11:42:23+02:00,RUM,Rumble,4,5,99,4,https://feargreedmeter.com/top-100-most-popular-meme-stocks-today
2026-08-11T11:42:23+02:00,APLD,Applied Blockchain,16,5,100,4,https://feargreedmeter.com/top-100-most-popular-meme-stocks-today
2026-08-11T12:35:50+02:00,SPY,SPDR S&P 500 ETF Trust,1711,427,1,281,https://feargreedmeter.com/top-100-most-popular-meme-stocks-today
2026-08-11T12:35:50+02:00,RKLB,Rocket Lab USA,1311,345,2,272,https://feargreedmeter.com/top-100-most-popular-meme-stocks-today
2026-08-11T12:35:50+02:00,HTZ,Hertz,869,326,3,185,https://feargreedmeter.com/top-100-most-popular-meme-stocks-today
2026-08-11T12:35:50+02:00,ASTS,AST SpaceMobile,741,227,4,178,https://feargreedmeter.com/top-100-most-popular-meme-stocks-today
2026-08-11T12:35:50+02:00,MU,Micron Technology,953,190,5,114,https://feargreedmeter.com/top-100-most-popular-meme-stocks-today
2026-08-11T12:35:50+02:00,NVDA,NVIDIA,468,163,6,139,https://feargreedmeter.com/top-100-most-popular-meme-stocks-today
2026-08-11T12:35:50+02:00,SPCX,SpaceX,317,160,7,86,https://feargreedmeter.com/top-100-most-popular-meme-stocks-today
2026-08-11T12:35:50+02:00,MSFT,Microsoft,3730,131,8,122,https://feargreedmeter.com/top-100-most-popular-meme-stocks-today
2026-08-11T12:35:50+02:00,SNDK,Sandisk,279,109,9,79,https://feargreedmeter.com/top-100-most-popular-meme-stocks-today
2026-08-11T12:35:50+02:00,NBIS,Nebius Group,341,61,10,16,https://feargreedmeter.com/top-100-most-popular-meme-stocks-today
2026-08-11T12:35:50+02:00,META,Meta Platforms (Facebook),113,61,11,52,https://feargreedmeter.com/top-100-most-popular-meme-stocks-today
2026-08-11T12:35:50+02:00,PLTR,Palantir,145,60,12,44,https://feargreedmeter.com/top-100-most-popular-meme-stocks-today
2026-08-11T12:35:50+02:00,DTE,DTE Energy,131,55,13,24,https://feargreedmeter.com/top-100-most-popular-meme-stocks-today
2026-08-11T12:35:50+02:00,GOOGL,Alphabet (Google),102,51,14,49,https://feargreedmeter.com/top-100-most-popular-meme-stocks-today
2026-08-11T12:35:50+02:00,QQQ,Invesco QQQ ETF,134,48,15,13,https://feargreedmeter.com/top-100-most-popular-meme-stocks-today
2026-08-11T12:35:50+02:00,ACHR,Archer Aviation,95,47,16,43,https://feargreedmeter.com/top-100-most-popular-meme-stocks-today
2026-08-11T12:35:50+02:00,HIMS,Hims & Hers Health,102,40,17,37,https://feargreedmeter.com/top-100-most-popular-meme-stocks-today
2026-08-11T12:35:50+02:00,AAPL,Apple,88,40,18,32,https://feargreedmeter.com/top-100-most-popular-meme-stocks-today
2026-08-11T12:35:50+02:00,AMD,AMD,122,38,19,30,https://feargreedmeter.com/top-100-most-popular-meme-stocks-today
2026-08-11T12:35:50+02:00,IT,Gartner,522,36,20,22,https://feargreedmeter.com/top-100-most-popular-meme-stocks-today
2026-08-11T12:35:50+02:00,CRWV,CoreWeave,67,33,21,20,https://feargreedmeter.com/top-100-most-popular-meme-stocks-today
2026-08-11T12:35:50+02:00,USO,United States Commodity Funds LLC - United States Oil Fund,77,33,22,32,https://feargreedmeter.com/top-100-most-popular-meme-stocks-today
2026-08-11T12:35:50+02:00,SMCI,Supermicro,74,32,23,18,https://feargreedmeter.com/top-100-most-popular-meme-stocks-today
2026-08-11T12:35:50+02:00,TTD,The Trade Desk,255,31,24,21,https://feargreedmeter.com/top-100-most-popular-meme-stocks-today
2026-08-11T12:35:50+02:00,API,Agora.io,50,29,25,17,https://feargreedmeter.com/top-100-most-popular-meme-stocks-today
2026-08-11T12:35:50+02:00,ONDS,Ondas Holdings,65,28,26,8,https://feargreedmeter.com/top-100-most-popular-meme-stocks-today
2026-08-11T12:35:50+02:00,TSLA,Tesla,86,27,27,24,https://feargreedmeter.com/top-100-most-popular-meme-stocks-today
2026-08-11T12:35:50+02:00,GOOG,Alphabet (Google),55,26,28,14,https://feargreedmeter.com/top-100-most-popular-meme-stocks-today
2026-08-11T12:35:50+02:00,RIOT,Riot Blockchain,476,25,29,24,https://feargreedmeter.com/top-100-most-popular-meme-stocks-today
2026-08-11T12:35:50+02:00,YOU,CLEAR Secure,325,23,30,19,https://feargreedmeter.com/top-100-most-popular-meme-stocks-today
2026-08-11T12:35:50+02:00,GLD,SSgA SPDR Gold Shares,65,23,31,17,https://feargreedmeter.com/top-100-most-popular-meme-stocks-today
2026-08-11T12:35:50+02:00,NOW,ServiceNow,145,23,32,16,https://feargreedmeter.com/top-100-most-popular-meme-stocks-today
2026-08-11T12:35:50+02:00,AMZN,Amazon,67,23,33,22,https://feargreedmeter.com/top-100-most-popular-meme-stocks-today
2026-08-11T12:35:50+02:00,DJT,Trump Media & Technology Group,86,20,34,16,https://feargreedmeter.com/top-100-most-popular-meme-stocks-today
2026-08-11T12:35:50+02:00,VC,Visteon,544,20,35,19,https://feargreedmeter.com/top-100-most-popular-meme-stocks-today
2026-08-11T12:35:50+02:00,SLV,iShares Silver Trust,39,19,36,16,https://feargreedmeter.com/top-100-most-popular-meme-stocks-today
2026-08-11T12:35:50+02:00,AM,Antero Midstream,47,19,37,9,https://feargreedmeter.com/top-100-most-popular-meme-stocks-today
2026-08-11T12:35:50+02:00,USAR,USA Rare Earth,48,18,38,17,https://feargreedmeter.com/top-100-most-popular-meme-stocks-today
2026-08-11T12:35:50+02:00,INTC,Intel,405,18,39,17,https://feargreedmeter.com/top-100-most-popular-meme-stocks-today
2026-08-11T12:35:50+02:00,AGI,Alamos Gold,20,17,40,16,https://feargreedmeter.com/top-100-most-popular-meme-stocks-today
2026-08-11T12:35:50+02:00,ES,Eversource Energy,22,17,41,10,https://feargreedmeter.com/top-100-most-popular-meme-stocks-today
2026-08-11T12:35:50+02:00,RDDT,Reddit,90,16,42,1,https://feargreedmeter.com/top-100-most-popular-meme-stocks-today
2026-08-11T12:35:50+02:00,ALL,Allstate,-4,16,43,15,https://feargreedmeter.com/top-100-most-popular-meme-stocks-today
2026-08-11T12:35:50+02:00,NFLX,Netflix,62,16,44,15,https://feargreedmeter.com/top-100-most-popular-meme-stocks-today
2026-08-11T12:35:50+02:00,VOO,Vanguard S&P 500 ETF,34,15,45,-30,https://feargreedmeter.com/top-100-most-popular-meme-stocks-today
2026-08-11T12:35:50+02:00,SGOV,iShares Trust - iShares 0-3 Month Treasury Bond ETF,47,13,46,10,https://feargreedmeter.com/top-100-most-popular-meme-stocks-today
2026-08-11T12:35:50+02:00,IP,International Paper,57,13,47,12,https://feargreedmeter.com/top-100-most-popular-meme-stocks-today
2026-08-11T12:35:50+02:00,RCAT,Red Cat Holdings,16,12,48,12,https://feargreedmeter.com/top-100-most-popular-meme-stocks-today
2026-08-11T12:35:50+02:00,TLT,BlackRock Institutional Trust Company N.A. - BTC iShares 20+ Year Trea,32,12,49,10,https://feargreedmeter.com/top-100-most-popular-meme-stocks-today
2026-08-11T12:35:50+02:00,PS,Pluralsight,83,12,50,6,https://feargreedmeter.com/top-100-most-popular-meme-stocks-today
2026-08-11T12:35:50+02:00,KEEL,Keel Infrastructure,49,11,51,9,https://feargreedmeter.com/top-100-most-popular-meme-stocks-today
2026-08-11T12:35:50+02:00,MRVL,Marvell Technology Group,18,11,52,10,https://feargreedmeter.com/top-100-most-popular-meme-stocks-today
2026-08-11T12:35:50+02:00,PLUG,Plug Power,27,11,53,10,https://feargreedmeter.com/top-100-most-popular-meme-stocks-today
2026-08-11T12:35:50+02:00,RR,Richtech Robotics,145,10,54,7,https://feargreedmeter.com/top-100-most-popular-meme-stocks-today
2026-08-11T12:35:50+02:00,ARR,ARMOUR Residential REIT,158,10,55,9,https://feargreedmeter.com/top-100-most-popular-meme-stocks-today
2026-08-11T12:35:50+02:00,APP,AppLovin,17,10,56,8,https://feargreedmeter.com/top-100-most-popular-meme-stocks-today
2026-08-11T12:35:50+02:00,UP,Wheels Up,25,10,57,6,https://feargreedmeter.com/top-100-most-popular-meme-stocks-today
2026-08-11T12:35:50+02:00,FCF,First Commonwealth Financial Corp,50,10,58,8,https://feargreedmeter.com/top-100-most-popular-meme-stocks-today
2026-08-11T12:35:50+02:00,SLS,Sellas Life Sciences,25,10,59,3,https://feargreedmeter.com/top-100-most-popular-meme-stocks-today
2026-08-11T12:35:50+02:00,IQ,iQIYI,34,10,60,1,https://feargreedmeter.com/top-100-most-popular-meme-stocks-today
2026-08-11T12:35:50+02:00,ORCL,Oracle,20,10,61,9,https://feargreedmeter.com/top-100-most-popular-meme-stocks-today
2026-08-11T12:35:50+02:00,AAOI,Applied Optoelectronics,14,9,62,-2,https://feargreedmeter.com/top-100-most-popular-meme-stocks-today
2026-08-11T12:35:50+02:00,CD,Chindata,12,9,63,6,https://feargreedmeter.com/top-100-most-popular-meme-stocks-today
2026-08-11T12:35:50+02:00,BW,Babcock & Wilcox,30,9,64,9,https://feargreedmeter.com/top-100-most-popular-meme-stocks-today
2026-08-11T12:35:50+02:00,SOXL,Direxion Shares ETF Trust - Direxion Daily Semiconductor Bull 3X Share,18,9,65,1,https://feargreedmeter.com/top-100-most-popular-meme-stocks-today
2026-08-11T12:35:50+02:00,CPA,Copa Holdings,193,9,66,9,https://feargreedmeter.com/top-100-most-popular-meme-stocks-today
2026-08-11T12:35:50+02:00,COHR,Coherent,12,9,67,-1,https://feargreedmeter.com/top-100-most-popular-meme-stocks-today
2026-08-11T12:35:50+02:00,WDC,Western Digital,16,9,68,7,https://feargreedmeter.com/top-100-most-popular-meme-stocks-today
2026-08-11T12:35:50+02:00,INFQ,Infleqtion,14,8,69,-4,https://feargreedmeter.com/top-100-most-popular-meme-stocks-today
2026-08-11T12:35:50+02:00,SION,Sionna Therapeutics,14,8,70,8,https://feargreedmeter.com/top-100-most-popular-meme-stocks-today
2026-08-11T12:35:50+02:00,PATH,UiPath,9,8,71,7,https://feargreedmeter.com/top-100-most-popular-meme-stocks-today
2026-08-11T12:35:50+02:00,VTI,Vanguard Total Stock Market ETF,38,8,72,4,https://feargreedmeter.com/top-100-most-popular-meme-stocks-today
2026-08-11T12:35:50+02:00,CC,Chemours,10,8,73,-7,https://feargreedmeter.com/top-100-most-popular-meme-stocks-today
2026-08-11T12:35:50+02:00,WEN,Wendy’s Company,12,8,74,3,https://feargreedmeter.com/top-100-most-popular-meme-stocks-today
2026-08-11T12:35:50+02:00,VIVK,Vivakor,21,7,75,7,https://feargreedmeter.com/top-100-most-popular-meme-stocks-today
2026-08-11T12:35:50+02:00,DC,Dakota Gold,439,7,76,4,https://feargreedmeter.com/top-100-most-popular-meme-stocks-today
2026-08-11T12:35:50+02:00,GLP,Global Partners LP,75,7,77,3,https://feargreedmeter.com/top-100-most-popular-meme-stocks-today
2026-08-11T12:35:50+02:00,HOOD,Robinhood,20,7,78,1,https://feargreedmeter.com/top-100-most-popular-meme-stocks-today
2026-08-11T12:35:50+02:00,CAKE,The Cheesecake Factory,14,7,79,6,https://feargreedmeter.com/top-100-most-popular-meme-stocks-today
2026-08-11T12:35:50+02:00,CRWD,CrowdStrike,12,7,80,6,https://feargreedmeter.com/top-100-most-popular-meme-stocks-today
2026-08-11T12:35:50+02:00,GO,Grocery Outlet,17,7,81,6,https://feargreedmeter.com/top-100-most-popular-meme-stocks-today
2026-08-11T12:35:50+02:00,EC,Ecopetrol,7,7,82,6,https://feargreedmeter.com/top-100-most-popular-meme-stocks-today
2026-08-11T12:35:50+02:00,LITE,Lumentum,12,7,83,0,https://feargreedmeter.com/top-100-most-popular-meme-stocks-today
2026-08-11T12:35:50+02:00,OS,OneStream,,6,84,4,https://feargreedmeter.com/top-100-most-popular-meme-stocks-today
2026-08-11T12:35:50+02:00,LUNR,Intuitive Machines,25,6,85,2,https://feargreedmeter.com/top-100-most-popular-meme-stocks-today
2026-08-11T12:35:50+02:00,LINK,Interlink Electronics,8,6,86,-1,https://feargreedmeter.com/top-100-most-popular-meme-stocks-today
2026-08-11T12:35:50+02:00,EVER,EverQuote,313,6,87,5,https://feargreedmeter.com/top-100-most-popular-meme-stocks-today
2026-08-11T12:35:50+02:00,ABNB,Airbnb,9,6,88,5,https://feargreedmeter.com/top-100-most-popular-meme-stocks-today
2026-08-11T12:35:50+02:00,MAGA,ETF Series Solutions Trust - Point Bridge GOP Stock Tracker ETF,245,6,89,4,https://feargreedmeter.com/top-100-most-popular-meme-stocks-today
2026-08-11T12:35:50+02:00,SMH,VanEck Vectors ETF Trust - VanEck Vectors Semiconductor ETF,50,6,90,5,https://feargreedmeter.com/top-100-most-popular-meme-stocks-today
2026-08-11T12:35:50+02:00,HBM,Hudbay Minerals,96,6,91,0,https://feargreedmeter.com/top-100-most-popular-meme-stocks-today
2026-08-11T12:35:50+02:00,RTX,Raytheon Technologies,79,6,92,5,https://feargreedmeter.com/top-100-most-popular-meme-stocks-today
2026-08-11T12:35:50+02:00,UBER,Uber,109,6,93,2,https://feargreedmeter.com/top-100-most-popular-meme-stocks-today
2026-08-11T12:35:50+02:00,MS,Morgan Stanley,22,6,94,5,https://feargreedmeter.com/top-100-most-popular-meme-stocks-today
2026-08-11T12:35:50+02:00,SO,Southern Company,33,6,95,5,https://feargreedmeter.com/top-100-most-popular-meme-stocks-today
2026-08-11T12:35:50+02:00,HPE,Hewlett Packard Enterprise,12,6,96,5,https://feargreedmeter.com/top-100-most-popular-meme-stocks-today
2026-08-11T12:35:50+02:00,BSP,Bending Spoons,76,5,97,5,https://feargreedmeter.com/top-100-most-popular-meme-stocks-today
2026-08-11T12:35:50+02:00,FRMI,Fermi Inc.,8,5,98,5,https://feargreedmeter.com/top-100-most-popular-meme-stocks-today
2026-08-11T12:35:50+02:00,RUM,Rumble,4,5,99,4,https://feargreedmeter.com/top-100-most-popular-meme-stocks-today
2026-08-11T12:35:50+02:00,WULF,TeraWulf,16,5,100,4,https://feargreedmeter.com/top-100-most-popular-meme-stocks-today
